itm_no_item|INVALID ITEM
itm_no_item_pl|INVALID ITEM
itm_tutorial_spear|Spear
itm_tutorial_spear_pl|Spear
itm_tutorial_club|Club
itm_tutorial_club_pl|Club
itm_tutorial_battle_axe|Long Battle Axe
itm_tutorial_battle_axe_pl|Long Battle Axe
itm_tutorial_arrows|Arrows
itm_tutorial_arrows_pl|Arrows
itm_tutorial_bolts|Bolts
itm_tutorial_bolts_pl|Bolts
itm_tutorial_short_bow|Long Bow
itm_tutorial_short_bow_pl|Long Bow
itm_tutorial_crossbow|Crossbow
itm_tutorial_crossbow_pl|Crossbow
itm_tutorial_throwing_daggers|Javelins
itm_tutorial_throwing_daggers_pl|Javelins
itm_tutorial_saddle_horse|Saddle Pony
itm_tutorial_saddle_horse_pl|Saddle Pony
itm_tutorial_shield|Round Shield
itm_tutorial_shield_pl|Round Shield
itm_tutorial_staff_no_attack|Staff
itm_tutorial_staff_no_attack_pl|Staff
itm_tutorial_staff|Staff
itm_tutorial_staff_pl|Staff
itm_tutorial_sword|Common Sword
itm_tutorial_sword_pl|Common Sword
itm_tutorial_axe|Axe
itm_tutorial_axe_pl|Axe
itm_tutorial_dagger|Seax
itm_tutorial_dagger_pl|Seax
itm_horse_meat|Horse Meat
itm_horse_meat_pl|Horse Meat
itm_practice_sword|Common Sword
itm_practice_sword_pl|Common Sword
itm_heavy_practice_sword|Goidelic Champion Sword
itm_heavy_practice_sword_pl|Goidelic Champion Sword
itm_practice_dagger|Seax
itm_practice_dagger_pl|Seax
itm_practice_axe|Axe
itm_practice_axe_pl|Axe
itm_arena_axe|Short Axe
itm_arena_axe_pl|Short Axe
itm_arena_sword|Common Sword
itm_arena_sword_pl|Common Sword
itm_arena_sword_two_handed|Goidelic Champion Sword
itm_arena_sword_two_handed_pl|Goidelic Champion Sword
itm_arena_lance|Spear
itm_arena_lance_pl|Spear
itm_practice_staff|Staff
itm_practice_staff_pl|Staff
itm_practice_lance|Spear
itm_practice_lance_pl|Spear
itm_practice_shield|Practice Shield
itm_practice_shield_pl|Practice Shield
itm_practice_bow|Long Bow
itm_practice_bow_pl|Long Bow
itm_practice_crossbow|Sling
itm_practice_crossbow_pl|Sling
itm_practice_javelin|Javelins
itm_practice_javelin_pl|Javelins
itm_practice_javelin_melee|Javelin
itm_practice_javelin_melee_pl|Javelin
itm_practice_throwing_daggers|Javelins
itm_practice_throwing_daggers_pl|Javelins
itm_practice_throwing_daggers_100_amount|Javelins
itm_practice_throwing_daggers_100_amount_pl|Javelins
itm_practice_horse|Saddle Pony
itm_practice_horse_pl|Saddle Pony
itm_practice_arrows|Arrows
itm_practice_arrows_pl|Arrows
itm_practice_bolts|Sling Rocks
itm_practice_bolts_pl|Sling Rocks
itm_practice_arrows_10_amount|Arrows
itm_practice_arrows_10_amount_pl|Arrows
itm_practice_arrows_100_amount|Arrows
itm_practice_arrows_100_amount_pl|Arrows
itm_practice_bolts_9_amount|Practice Bolts
itm_practice_bolts_9_amount_pl|Practice Bolts
itm_practice_boots|Boots
itm_practice_boots_pl|Boots
itm_red_tourney_armor|Red Tunic
itm_red_tourney_armor_pl|Red Tunic
itm_blue_tourney_armor|Blue Tunic
itm_blue_tourney_armor_pl|Blue Tunic
itm_green_tourney_armor|Green Tunic
itm_green_tourney_armor_pl|Green Tunic
itm_gold_tourney_armor|White Tunic
itm_gold_tourney_armor_pl|White Tunic
itm_red_tourney_helmet|Cap
itm_red_tourney_helmet_pl|Cap
itm_blue_tourney_helmet|Cap
itm_blue_tourney_helmet_pl|Cap
itm_green_tourney_helmet|Cap
itm_green_tourney_helmet_pl|Cap
itm_gold_tourney_helmet|Cap
itm_gold_tourney_helmet_pl|Cap
itm_arena_shield_red|Light Round Shield
itm_arena_shield_red_pl|Light Round Shield
itm_arena_shield_blue|Light Round Shield
itm_arena_shield_blue_pl|Light Round Shield
itm_arena_shield_green|Light Round Shield
itm_arena_shield_green_pl|Light Round Shield
itm_arena_shield_yellow|Light Round Shield
itm_arena_shield_yellow_pl|Light Round Shield
itm_arena_armor_white|White Tunic
itm_arena_armor_white_pl|White Tunic
itm_arena_armor_red|Red Tunic
itm_arena_armor_red_pl|Red Tunic
itm_arena_armor_blue|Blue Tunic
itm_arena_armor_blue_pl|Blue Tunic
itm_arena_armor_green|Green Tunic
itm_arena_armor_green_pl|Green Tunic
itm_arena_armor_yellow|Yellow Tunic
itm_arena_armor_yellow_pl|Yellow Tunic
itm_arena_tunic_white|White Tunic
itm_arena_tunic_white_pl|White Tunic
itm_arena_tunic_red|Red Tunic
itm_arena_tunic_red_pl|Red Tunic
itm_arena_tunic_blue|Blue Tunic
itm_arena_tunic_blue_pl|Blue Tunic
itm_arena_tunic_green|Green Tunic
itm_arena_tunic_green_pl|Green Tunic
itm_arena_tunic_yellow|Yellow Tunic
itm_arena_tunic_yellow_pl|Yellow Tunic
itm_arena_helmet_red|Helm with Nasal
itm_arena_helmet_red_pl|Helm with Nasal
itm_arena_helmet_blue|Helm with Nasal
itm_arena_helmet_blue_pl|Helm with Nasal
itm_arena_helmet_green|Helm with Nasal
itm_arena_helmet_green_pl|Helm with Nasal
itm_arena_helmet_yellow|Helm with Nasal
itm_arena_helmet_yellow_pl|Helm with Nasal
itm_steppe_helmet_white|Helm with Nasal
itm_steppe_helmet_white_pl|Helm with Nasal
itm_steppe_helmet_red|Helm with Nasal
itm_steppe_helmet_red_pl|Helm with Nasal
itm_steppe_helmet_blue|Helm with Nasal
itm_steppe_helmet_blue_pl|Helm with Nasal
itm_steppe_helmet_green|Helm with Nasal
itm_steppe_helmet_green_pl|Helm with Nasal
itm_steppe_helmet_yellow|Helm with Nasal
itm_steppe_helmet_yellow_pl|Helm with Nasal
itm_tourney_helm_white|Helm with Nasal
itm_tourney_helm_white_pl|Helm with Nasal
itm_tourney_helm_red|Helm with Nasal
itm_tourney_helm_red_pl|Helm with Nasal
itm_tourney_helm_blue|Helm with Nasal
itm_tourney_helm_blue_pl|Helm with Nasal
itm_tourney_helm_green|Helm with Nasal
itm_tourney_helm_green_pl|Helm with Nasal
itm_tourney_helm_yellow|Helm with Nasal
itm_tourney_helm_yellow_pl|Helm with Nasal
itm_arena_turban_red|Cap
itm_arena_turban_red_pl|Cap
itm_arena_turban_blue|Cap
itm_arena_turban_blue_pl|Cap
itm_arena_turban_green|Cap
itm_arena_turban_green_pl|Cap
itm_arena_turban_yellow|Cap
itm_arena_turban_yellow_pl|Cap
itm_book_tactics|History of the Peloponnesian War, of Thucydides
itm_book_tactics_pl|History of the Peloponnesian War, of Thucydides
itm_book_persuasion|Rhetorica ad Herennium
itm_book_persuasion_pl|Rhetorica ad Herennium
itm_book_leadership|The Life of Alexander the Great
itm_book_leadership_pl|The Life of Alexander the Great
itm_book_intelligence|Paedeia
itm_book_intelligence_pl|Paedeia
itm_book_trade|Oeconomica, of Aristotle
itm_book_trade_pl|Oeconomica, of Aristotle
itm_book_weapon_mastery|Constitution of Sparta, of Xenophon
itm_book_weapon_mastery_pl|Constitution of Sparta, of Xenophon
itm_book_engineering|De architectura, of Vitrivius
itm_book_engineering_pl|De architectura, of Vitrivius
itm_book_wound_treatment_reference|De Materia Medica, of Dioscorides
itm_book_wound_treatment_reference_pl|De Materia Medica, of Dioscorides
itm_book_training_reference|Epitoma Rei Militaris
itm_book_training_reference_pl|Epitoma Rei Militaris
itm_book_surgery_reference|Synopsis of Aelius Galenus
itm_book_surgery_reference_pl|Synopsis of Aelius Galenus
itm_relic|The Cathach of Colum Cille
itm_relic_pl|The Cathach of Colum Cille
itm_mead|Mead
itm_mead_pl|Mead
itm_salt|Salt
itm_salt_pl|Salt
itm_tar|Tar
itm_tar_pl|Tar
itm_jewelry|Jewellery
itm_jewelry_pl|Jewellery
itm_raw_flax|Flax Bundle
itm_raw_flax_pl|Flax Bundle
itm_linen|Linen
itm_linen_pl|Linen
itm_wool|Wool
itm_wool_pl|Wool
itm_vc_wool_cloth|Wool Cloth
itm_vc_wool_cloth_pl|Wool Cloth
itm_amber|Amber
itm_amber_pl|Amber
itm_ivory|Walrus Ivory
itm_ivory_pl|Walrus Ivory
itm_silver|Silver
itm_silver_pl|Silver
itm_iron|Iron
itm_iron_pl|Iron
itm_stone|Stone
itm_stone_pl|Stone
itm_tools|Tools
itm_tools_pl|Tools
itm_vc_raw_leather|Hides
itm_vc_raw_leather_pl|Hides
itm_timber|Timber
itm_timber_pl|Timber
itm_soapstone|Soapstone
itm_soapstone_pl|Soapstone
itm_vc_furs|Furs
itm_vc_furs_pl|Furs
itm_wine|Wine
itm_wine_pl|Wine
itm_ale|Ale
itm_ale_pl|Ale
itm_smoked_fish|Smoked Fish
itm_smoked_fish_pl|Smoked Fish
itm_cheese|Cheese
itm_cheese_pl|Cheese
itm_vc_honey|Honey
itm_vc_honey_pl|Honey
itm_sausages|Sausages
itm_sausages_pl|Sausages
itm_cabbages|Vegetables
itm_cabbages_pl|Vegetables
itm_dried_meat|Dried Meat
itm_dried_meat_pl|Dried Meat
itm_apples|Fruit
itm_apples_pl|Fruit
itm_barley|Barley
itm_barley_pl|Barley
itm_venison|Boar Meat
itm_venison_pl|Boar Meat
itm_grain|Wheat
itm_grain_pl|Wheat
itm_cattle_meat|Beef
itm_cattle_meat_pl|Beef
itm_bread|Bread
itm_bread_pl|Bread
itm_chicken|Chicken
itm_chicken_pl|Chicken
itm_pork|Pork
itm_pork_pl|Pork
itm_butter|Butter
itm_butter_pl|Butter
itm_siege_supply|Supplies
itm_siege_supply_pl|Supplies
itm_quest_wine|Wine
itm_quest_wine_pl|Wine
itm_quest_ale|Ale
itm_quest_ale_pl|Ale
itm_common_horse|Horse
itm_common_horse_pl|Horse
itm_common_horse2|Horse
itm_common_horse2_pl|Horse
itm_common_pony|Pony
itm_common_pony_pl|Pony
itm_common_pony2|Pony
itm_common_pony2_pl|Pony
itm_wild_horse|Horse
itm_wild_horse_pl|Horse
itm_wild_horse2|Horse
itm_wild_horse2_pl|Horse
itm_wild_pony|Pony
itm_wild_pony_pl|Pony
itm_wild_pony2|Pony
itm_wild_pony2_pl|Pony
itm_cow1|Cow
itm_cow1_pl|Cow
itm_cow2|Cow
itm_cow2_pl|Cow
itm_arrows|Arrows
itm_arrows_pl|Arrows
itm_khergit_arrows|Piercing Arrows
itm_khergit_arrows_pl|Piercing Arrows
itm_barbed_arrows|Barbed Arrows
itm_barbed_arrows_pl|Barbed Arrows
itm_bodkin_arrows|Bodkin Arrows
itm_bodkin_arrows_pl|Bodkin Arrows
itm_bolts|Bolts
itm_bolts_pl|Bolts
itm_bolts2|Piercing Bolts
itm_bolts2_pl|Piercing Bolts
itm_bolts3|Barbed Bolts
itm_bolts3_pl|Barbed Bolts
itm_bolts4|Bodkin Bolts
itm_bolts4_pl|Bodkin Bolts
itm_pilgrim_disguise|Pilgrim Disguise
itm_pilgrim_disguise_pl|Pilgrim Disguise
itm_pilgrim_hood|Pilgrim Hood
itm_pilgrim_hood_pl|Pilgrim Hood
itm_leather_gloves|Leather Gloves
itm_leather_gloves_pl|Leather Gloves
itm_carbatinae_1|Leather Shoes
itm_carbatinae_1_pl|Leather Shoes
itm_carbatinae_2|Wrapping Boots
itm_carbatinae_2_pl|Wrapping Boots
itm_carbatinae_3|Leather Shoes
itm_carbatinae_3_pl|Leather Shoes
itm_carbatinae_4|Leather Shoes
itm_carbatinae_4_pl|Leather Shoes
itm_carbatinae_5|Wrapping Boots
itm_carbatinae_5_pl|Wrapping Boots
itm_carbatinae_6|Leather Shoes
itm_carbatinae_6_pl|Leather Shoes
itm_carbatinae_7|Wrapping Boots
itm_carbatinae_7_pl|Wrapping Boots
itm_carbatinae_8|Leather Shoes
itm_carbatinae_8_pl|Leather Shoes
itm_carbatinae_9|Wrapping Boots
itm_carbatinae_9_pl|Wrapping Boots
itm_carbatinae_10|Leather Shoes
itm_carbatinae_10_pl|Leather Shoes
itm_carbatinae_vc1|Ankle Boots
itm_carbatinae_vc1_pl|Ankle Boots
itm_carbatinae_vc2|Ankle Boots
itm_carbatinae_vc2_pl|Ankle Boots
itm_carbatinae_vc3|Ankle Boots
itm_carbatinae_vc3_pl|Ankle Boots
itm_carbatinae_vc4|Quality Wrapping Boots
itm_carbatinae_vc4_pl|Quality Wrapping Boots
itm_carbatinae_vc5|Ankle Boots
itm_carbatinae_vc5_pl|Ankle Boots
itm_carbatinae_vc6|Ankle Boots
itm_carbatinae_vc6_pl|Ankle Boots
itm_carbatinae_1s|Leather Shoes
itm_carbatinae_1s_pl|Leather Shoes
itm_carbatinae_2s|Wrapping Boots
itm_carbatinae_2s_pl|Wrapping Boots
itm_carbatinae_3s|Wrapping Boots
itm_carbatinae_3s_pl|Wrapping Boots
itm_carbatinae_4s|Rawhide Shoes
itm_carbatinae_4s_pl|Rawhide Shoes
itm_carbatinae_5s|Rawhide Shoes
itm_carbatinae_5s_pl|Rawhide Shoes
itm_carbatinae_6s|Ankle Boots
itm_carbatinae_6s_pl|Ankle Boots
itm_carbatinae_vc1s|Quality Wrapping Boots
itm_carbatinae_vc1s_pl|Quality Wrapping Boots
itm_carbatinae_vc2s|Ankle Boots
itm_carbatinae_vc2s_pl|Ankle Boots
itm_carbatinae_vc3s|Quality Wrapping Boots
itm_carbatinae_vc3s_pl|Quality Wrapping Boots
itm_carbatinae_vc4s|Wrapping Boots
itm_carbatinae_vc4s_pl|Wrapping Boots
itm_carbatinae_1v|Ankle Boots
itm_carbatinae_1v_pl|Ankle Boots
itm_carbatinae_2v|Wrapping Boots
itm_carbatinae_2v_pl|Wrapping Boots
itm_carbatinae_3v|Wrapping Boots
itm_carbatinae_3v_pl|Wrapping Boots
itm_carbatinae_4v|Quality Wrapping Boots
itm_carbatinae_4v_pl|Quality Wrapping Boots
itm_carbatinae_5v|Rawhide Shoes
itm_carbatinae_5v_pl|Rawhide Shoes
itm_carbatinae_6v|Wrapping Boots
itm_carbatinae_6v_pl|Wrapping Boots
itm_carbatinae_vc1v|Ankle Boots
itm_carbatinae_vc1v_pl|Ankle Boots
itm_carbatinae_vc2v|Quality Wrapping Boots
itm_carbatinae_vc2v_pl|Quality Wrapping Boots
itm_carbatinae_11q|Leather Shoes
itm_carbatinae_11q_pl|Leather Shoes
itm_carbatinae_12q|Leather Shoes
itm_carbatinae_12q_pl|Leather Shoes
itm_carbatinae_11qs|Quality Wrapping Boots
itm_carbatinae_11qs_pl|Quality Wrapping Boots
itm_carbatinae_12qs|Quality Wrapping Boots
itm_carbatinae_12qs_pl|Quality Wrapping Boots
itm_carbatinae_13qs|Quality Wrapping Boots
itm_carbatinae_13qs_pl|Quality Wrapping Boots
itm_carbatinae_14qs|Quality Wrapping Boots
itm_carbatinae_14qs_pl|Quality Wrapping Boots
itm_carbatinae_14qv|Quality Wrapping Boots
itm_carbatinae_14qv_pl|Quality Wrapping Boots
itm_bare_foot_man|Cheap Shoes
itm_bare_foot_man_pl|Cheap Shoes
itm_just_man_boots_medium|Rawhide Shoes
itm_just_man_boots_medium_pl|Rawhide Shoes
itm_just_man_boots_light|Light Ankle Boots
itm_just_man_boots_light_pl|Light Ankle Boots
itm_just_man_shoes|Leather Shoes
itm_just_man_shoes_pl|Leather Shoes
itm_just_man_boots_dark|Light Ankle Boots
itm_just_man_boots_dark_pl|Light Ankle Boots
itm_gaelshoes_1|Goidelic Shoes
itm_gaelshoes_1_pl|Goidelic Shoes
itm_gaelshoes_2|Goidelic Shoes
itm_gaelshoes_2_pl|Goidelic Shoes
itm_gaelshoes_3|Goidelic Boots
itm_gaelshoes_3_pl|Goidelic Boots
itm_womenshoes_1|Simple Shoes
itm_womenshoes_1_pl|Simple Shoes
itm_womenshoes_2|Simple Ankle Boots
itm_womenshoes_2_pl|Simple Ankle Boots
itm_womenshoes_3|Simple Shoes
itm_womenshoes_3_pl|Simple Shoes
itm_womenshoes_4|Simple Ankle Boots
itm_womenshoes_4_pl|Simple Ankle Boots
itm_womenshoes_5|Simple Boots
itm_womenshoes_5_pl|Simple Boots
itm_womenshoes_6|Simple Ankle Boots
itm_womenshoes_6_pl|Simple Ankle Boots
itm_womenshoes_7|Simple Shoes
itm_womenshoes_7_pl|Simple Shoes
itm_womenshoes_8|Simple Shoes
itm_womenshoes_8_pl|Simple Shoes
itm_long_tunic1|Frisian Light Armor
itm_long_tunic1_pl|Frisian Light Armor
itm_nobleman_outfit|Saxon Light Armor
itm_nobleman_outfit_pl|Saxon Light Armor
itm_troll_tunic|Troll's Tunic
itm_troll_tunic_pl|Troll's Tunic
itm_priest1|Priest Robe
itm_priest1_pl|Priest Robe
itm_priest2|Priest Robe
itm_priest2_pl|Priest Robe
itm_robe|Monk Robe
itm_robe_pl|Monk Robe
itm_robe2|Monk Robe
itm_robe2_pl|Monk Robe
itm_robe3|Monk Robe
itm_robe3_pl|Monk Robe
itm_robe4|Monk Robe
itm_robe4_pl|Monk Robe
itm_robe5|Monk Robe
itm_robe5_pl|Monk Robe
itm_robe6|Monk Robe
itm_robe6_pl|Monk Robe
itm_robe7|Monk Robe
itm_robe7_pl|Monk Robe
itm_robe8|Monk Robe
itm_robe8_pl|Monk Robe
itm_robe9|Monk Robe
itm_robe9_pl|Monk Robe
itm_robe10|Monk Robe
itm_robe10_pl|Monk Robe
itm_ptunic_1|Simple Angle Tunic
itm_ptunic_1_pl|Simple Angle Tunic
itm_ptunic_2|Angle Light Armor
itm_ptunic_2_pl|Angle Light Armor
itm_ptunic_3|Angle Tunic
itm_ptunic_3_pl|Angle Tunic
itm_ptunic_4|Angle Tunic
itm_ptunic_4_pl|Angle Tunic
itm_ptunic_5|Simple Angle Tunic
itm_ptunic_5_pl|Simple Angle Tunic
itm_ptunic_6|Angle Tunic
itm_ptunic_6_pl|Angle Tunic
itm_ptunic_7|Padded Angle Tunic
itm_ptunic_7_pl|Padded Angle Tunic
itm_ptunic_8|Padded Angle Tunic
itm_ptunic_8_pl|Padded Angle Tunic
itm_ptunic_9|Angle Light Armor
itm_ptunic_9_pl|Angle Light Armor
itm_ptunic_10|Angle Tunic
itm_ptunic_10_pl|Angle Tunic
itm_ptunic_11|Angle Tunic
itm_ptunic_11_pl|Angle Tunic
itm_ptunic_12|Angle Light Armor
itm_ptunic_12_pl|Angle Light Armor
itm_btunic_1|Cloak
itm_btunic_1_pl|Cloak
itm_btunic_2|Trousers
itm_btunic_2_pl|Trousers
itm_btunic_3|Norse Tunic
itm_btunic_3_pl|Norse Tunic
itm_btunic_4|Norse Tunic
itm_btunic_4_pl|Norse Tunic
itm_btunic_5|Norse Tunic
itm_btunic_5_pl|Norse Tunic
itm_btunic_6|Norse Tunic
itm_btunic_6_pl|Norse Tunic
itm_btunic_7|Norse Tunic
itm_btunic_7_pl|Norse Tunic
itm_btunic_8|Simple Norse Tunic
itm_btunic_8_pl|Simple Norse Tunic
itm_btunic_9|Simple Norse Tunic
itm_btunic_9_pl|Simple Norse Tunic
itm_btunic_10|Simple Norse Tunic
itm_btunic_10_pl|Simple Norse Tunic
itm_btunic_11|Norse Tunic
itm_btunic_11_pl|Norse Tunic
itm_btunic_12|Norse Light Armor
itm_btunic_12_pl|Norse Light Armor
itm_btunic_13|Norse Tunic
itm_btunic_13_pl|Norse Tunic
itm_btunic_14|Norse Tunic
itm_btunic_14_pl|Norse Tunic
itm_btunic_15|Norse Light Armor
itm_btunic_15_pl|Norse Light Armor
itm_btunic_16|Norse Light Armor
itm_btunic_16_pl|Norse Light Armor
itm_hoodtunic_01|Tunic
itm_hoodtunic_01_pl|Tunic
itm_hoodtunic_02|Tunic
itm_hoodtunic_02_pl|Tunic
itm_hoodtunic_03|Tunic
itm_hoodtunic_03_pl|Tunic
itm_hoodtunic_04|Tunic
itm_hoodtunic_04_pl|Tunic
itm_hoodtunic_05|Tunic
itm_hoodtunic_05_pl|Tunic
itm_hoodtunic_06|Tunic
itm_hoodtunic_06_pl|Tunic
itm_hoodtunic_07|Tunic
itm_hoodtunic_07_pl|Tunic
itm_hoodtunic_08|Cloak
itm_hoodtunic_08_pl|Cloak
itm_bl_tunic01|Trousers
itm_bl_tunic01_pl|Trousers
itm_bl_tunic02|Saxon Light Armor
itm_bl_tunic02_pl|Saxon Light Armor
itm_bl_tunic03|Saxon Light Armor
itm_bl_tunic03_pl|Saxon Light Armor
itm_bl_tunic04|Simple Saxon Tunic
itm_bl_tunic04_pl|Simple Saxon Tunic
itm_bl_tunic05|Simple Saxon Tunic
itm_bl_tunic05_pl|Simple Saxon Tunic
itm_bl_tunic06|Saxon Tunic
itm_bl_tunic06_pl|Saxon Tunic
itm_bl_tunic07|Saxon Tunic
itm_bl_tunic07_pl|Saxon Tunic
itm_bl_tunic08|Padded Saxon Tunic
itm_bl_tunic08_pl|Padded Saxon Tunic
itm_bl_tunic09|Saxon Light Armor
itm_bl_tunic09_pl|Saxon Light Armor
itm_bl_tunic10|Saxon Tunic
itm_bl_tunic10_pl|Saxon Tunic
itm_bl_tunic11|Saxon Tunic
itm_bl_tunic11_pl|Saxon Tunic
itm_bl_tunic12|Saxon Tunic
itm_bl_tunic12_pl|Saxon Tunic
itm_red_cloak|Saxon Tunic
itm_red_cloak_pl|Saxon Tunic
itm_yellow_cloak|Elite Frisian Tunic
itm_yellow_cloak_pl|Elite Frisian Tunic
itm_green_cloak|Pictish Light Armor
itm_green_cloak_pl|Pictish Light Armor
itm_blue_cloak|Tunic
itm_blue_cloak_pl|Tunic
itm_leather_cloak|Tunic
itm_leather_cloak_pl|Tunic
itm_yellow2_cloak|Simple Angle Tunic
itm_yellow2_cloak_pl|Simple Angle Tunic
itm_briton_tunic1|Cloak
itm_briton_tunic1_pl|Cloak
itm_briton_tunic2|Trousers
itm_briton_tunic2_pl|Trousers
itm_briton_tunic3|Briton Tunic
itm_briton_tunic3_pl|Briton Tunic
itm_briton_tunic4|Simple Briton Tunic
itm_briton_tunic4_pl|Simple Briton Tunic
itm_briton_tunic5|Simple Briton Tunic
itm_briton_tunic5_pl|Simple Briton Tunic
itm_briton_tunic6|Simple Briton Tunic
itm_briton_tunic6_pl|Simple Briton Tunic
itm_briton_tunic7|Briton Tunic
itm_briton_tunic7_pl|Briton Tunic
itm_briton_tunic8|Briton Light Armor
itm_briton_tunic8_pl|Briton Light Armor
itm_briton_tunic9|Briton Tunic
itm_briton_tunic9_pl|Briton Tunic
itm_briton_tunic10|Briton Tunic
itm_briton_tunic10_pl|Briton Tunic
itm_briton_tunic11|Briton Tunic
itm_briton_tunic11_pl|Briton Tunic
itm_briton_tunic12|Briton Tunic
itm_briton_tunic12_pl|Briton Tunic
itm_briton_tunic13|Briton Tunic
itm_briton_tunic13_pl|Briton Tunic
itm_briton_tunic14|Briton Tunic
itm_briton_tunic14_pl|Briton Tunic
itm_briton_tunic15|Pictish Tunic
itm_briton_tunic15_pl|Pictish Tunic
itm_briton_tunic16|Pictish Tunic
itm_briton_tunic16_pl|Pictish Tunic
itm_briton_tunic17|Pictish Tunic
itm_briton_tunic17_pl|Pictish Tunic
itm_briton_tunic18|Pictish Tunic
itm_briton_tunic18_pl|Pictish Tunic
itm_briton_tunic19|Pictish Light Armor
itm_briton_tunic19_pl|Pictish Light Armor
itm_briton_tunic20|Goidelic Hooded Tunic
itm_briton_tunic20_pl|Goidelic Hooded Tunic
itm_briton_tunic21|Goidelic Hooded Tunic
itm_briton_tunic21_pl|Goidelic Hooded Tunic
itm_briton_tunic22|Goidelic Hooded Tunic
itm_briton_tunic22_pl|Goidelic Hooded Tunic
itm_briton_tunic23|Goidelic Hooded Tunic
itm_briton_tunic23_pl|Goidelic Hooded Tunic
itm_briton_tunic24|Goidelic Tunic
itm_briton_tunic24_pl|Goidelic Tunic
itm_briton_tunic25|Goidelic Tunic
itm_briton_tunic25_pl|Goidelic Tunic
itm_briton_tunic26|Goidelic Tunic
itm_briton_tunic26_pl|Goidelic Tunic
itm_briton_tunic27|Goidelic Tunic
itm_briton_tunic27_pl|Goidelic Tunic
itm_briton_tunic28|Goidelic Tunic
itm_briton_tunic28_pl|Goidelic Tunic
itm_celta_capa1|Goidelic Tunic
itm_celta_capa1_pl|Goidelic Tunic
itm_celta_capa2|Goidelic Long Cloak
itm_celta_capa2_pl|Goidelic Long Cloak
itm_celta_capa3|Goidelic Trousers
itm_celta_capa3_pl|Goidelic Trousers
itm_celta_capa4|Goidelic Trousers
itm_celta_capa4_pl|Goidelic Trousers
itm_brat1|Goidelic Rich Cloak
itm_brat1_pl|Goidelic Rich Cloak
itm_brat2|Goidelic Rich Cloak
itm_brat2_pl|Goidelic Rich Cloak
itm_brat3|Goidelic Light Armor
itm_brat3_pl|Goidelic Light Armor
itm_brat4|Goidelic Light Armor
itm_brat4_pl|Goidelic Light Armor
itm_gael_tunic_01|Pictish Tunic
itm_gael_tunic_01_pl|Pictish Tunic
itm_gael_tunic_02|Pictish Tunic
itm_gael_tunic_02_pl|Pictish Tunic
itm_gael_tunic_03|Angle Tunic
itm_gael_tunic_03_pl|Angle Tunic
itm_gael_tunic_04|Angle Tunic
itm_gael_tunic_04_pl|Angle Tunic
itm_gael_tunic_05|Cloaked Goidelic Tunic
itm_gael_tunic_05_pl|Cloaked Goidelic Tunic
itm_gael_tunic_06|Cloaked Goidelic Tunic
itm_gael_tunic_06_pl|Cloaked Goidelic Tunic
itm_gael_tunic_07|Goidelic Tunic
itm_gael_tunic_07_pl|Goidelic Tunic
itm_gael_tunic_08|Hooded Goidelic Tunic
itm_gael_tunic_08_pl|Hooded Goidelic Tunic
itm_gael_hoodtunic_09|Hooded Goidelic Tunic
itm_gael_hoodtunic_09_pl|Hooded Goidelic Tunic
itm_gael_hoodtunic_10|Hooded Goidelic Tunic
itm_gael_hoodtunic_10_pl|Hooded Goidelic Tunic
itm_gael_hoodtunic_11|Hooded Goidelic Tunic
itm_gael_hoodtunic_11_pl|Hooded Goidelic Tunic
itm_gael_hoodtunic_12|Goidelic Light Armor
itm_gael_hoodtunic_12_pl|Goidelic Light Armor
itm_picts_tunic_09|Norse Trousers
itm_picts_tunic_09_pl|Norse Trousers
itm_picts_tunic_10|Norse Trousers
itm_picts_tunic_10_pl|Norse Trousers
itm_picts_tunic_11|Norse Cloak
itm_picts_tunic_11_pl|Norse Cloak
itm_picts_tunic_12|Briton Light Armor
itm_picts_tunic_12_pl|Briton Light Armor
itm_picts_tunic_13|Briton Tunic
itm_picts_tunic_13_pl|Briton Tunic
itm_picts_tunic_14|Trousers
itm_picts_tunic_14_pl|Trousers
itm_picts_tunic_15|Trousers
itm_picts_tunic_15_pl|Trousers
itm_picts_tunic_16|Frisian Trousers
itm_picts_tunic_16_pl|Frisian Trousers
itm_pictish_painted1|Pictish Naked
itm_pictish_painted1_pl|Pictish Naked
itm_pictish_painted2|Pictish Naked
itm_pictish_painted2_pl|Pictish Naked
itm_pictish_painted3|Pictish Naked
itm_pictish_painted3_pl|Pictish Naked
itm_pictish_painted4|Pictish Naked
itm_pictish_painted4_pl|Pictish Naked
itm_picts_hoodtunic_01|Pictish Cloak
itm_picts_hoodtunic_01_pl|Pictish Cloak
itm_picts_hoodtunic_02|Pictish Cloak
itm_picts_hoodtunic_02_pl|Pictish Cloak
itm_picts_hoodtunic_03|Pictish Hood
itm_picts_hoodtunic_03_pl|Pictish Hood
itm_picts_hoodtunic_04|Pictish Hood
itm_picts_hoodtunic_04_pl|Pictish Hood
itm_picts_hoodtunic_05|Pictish Hood
itm_picts_hoodtunic_05_pl|Pictish Hood
itm_picts_hoodtunic_06|Pictish Hood
itm_picts_hoodtunic_06_pl|Pictish Hood
itm_picts_hoodtunic_07|Pictish Hood
itm_picts_hoodtunic_07_pl|Pictish Hood
itm_picts_hoodtunic_11|Cloaked Pictish Tunic
itm_picts_hoodtunic_11_pl|Cloaked Pictish Tunic
itm_picts_hoodtunic_12|Cloaked Pictish Tunic
itm_picts_hoodtunic_12_pl|Cloaked Pictish Tunic
itm_picts_hoodtunic_13|Cloaked Pictish Tunic
itm_picts_hoodtunic_13_pl|Cloaked Pictish Tunic
itm_picts_hoodtunic_14|Hooded Pictish Tunic
itm_picts_hoodtunic_14_pl|Hooded Pictish Tunic
itm_picts_hoodtunic_15|Hooded Pictish Tunic
itm_picts_hoodtunic_15_pl|Hooded Pictish Tunic
itm_picts_hoodtunic_16|Hooded Pictish Tunic
itm_picts_hoodtunic_16_pl|Hooded Pictish Tunic
itm_picts_hoodtunic_17|Hooded Pictish Tunic
itm_picts_hoodtunic_17_pl|Hooded Pictish Tunic
itm_picts_hoodtunic_18|Pictish Light Armor
itm_picts_hoodtunic_18_pl|Pictish Light Armor
itm_linen_tunic|Pictish Tunic
itm_linen_tunic_pl|Pictish Tunic
itm_woman_saxon1|Saxon Dress
itm_woman_saxon1_pl|Saxon Dress
itm_woman_saxon2|Saxon Dress
itm_woman_saxon2_pl|Saxon Dress
itm_woman_saxon3|Saxon Dress
itm_woman_saxon3_pl|Saxon Dress
itm_woman_saxon4|Saxon Dress
itm_woman_saxon4_pl|Saxon Dress
itm_woman_saxon5|Saxon Dress
itm_woman_saxon5_pl|Saxon Dress
itm_woman_saxon6|Saxon Dress
itm_woman_saxon6_pl|Saxon Dress
itm_woman_saxon7|Saxon Dress
itm_woman_saxon7_pl|Saxon Dress
itm_woman_saxon8|Saxon Dress
itm_woman_saxon8_pl|Saxon Dress
itm_woman_saxon9|Saxon Dress
itm_woman_saxon9_pl|Saxon Dress
itm_woman_saxon10|Saxon Dress
itm_woman_saxon10_pl|Saxon Dress
itm_woman_saxon11|Saxon Dress
itm_woman_saxon11_pl|Saxon Dress
itm_richwoman_saxon1|Rich Saxon Dress
itm_richwoman_saxon1_pl|Rich Saxon Dress
itm_richwoman_saxon2|Rich Saxon Dress
itm_richwoman_saxon2_pl|Rich Saxon Dress
itm_richwoman_saxon3|Rich Saxon Dress
itm_richwoman_saxon3_pl|Rich Saxon Dress
itm_richwoman_saxon4|Rich Saxon Dress
itm_richwoman_saxon4_pl|Rich Saxon Dress
itm_richwoman_saxon5|Rich Saxon Dress
itm_richwoman_saxon5_pl|Rich Saxon Dress
itm_richwoman_saxon6|Rich Saxon Dress
itm_richwoman_saxon6_pl|Rich Saxon Dress
itm_richwoman_saxon7|Rich Saxon Dress
itm_richwoman_saxon7_pl|Rich Saxon Dress
itm_richwoman_saxon8|Rich Saxon Dress
itm_richwoman_saxon8_pl|Rich Saxon Dress
itm_richwoman_saxon9|Rich Saxon Dress
itm_richwoman_saxon9_pl|Rich Saxon Dress
itm_queenwoman_saxon|Royal Saxon Dress
itm_queenwoman_saxon_pl|Royal Saxon Dress
itm_queenpict_long_tunic|Rich Dress
itm_queenpict_long_tunic_pl|Rich Dress
itm_pict_richlong_tunic1|Rich Dress
itm_pict_richlong_tunic1_pl|Rich Dress
itm_pict_richlong_tunic2|Rich Dress
itm_pict_richlong_tunic2_pl|Rich Dress
itm_pict_richlong_tunic3|Rich Dress
itm_pict_richlong_tunic3_pl|Rich Dress
itm_pict_long_tunic1|Dress
itm_pict_long_tunic1_pl|Dress
itm_pict_long_tunic2|Dress
itm_pict_long_tunic2_pl|Dress
itm_pict_long_tunic3|Dress
itm_pict_long_tunic3_pl|Dress
itm_pict_long_tunic4|Dress
itm_pict_long_tunic4_pl|Dress
itm_pict_long_tunic5|Dress
itm_pict_long_tunic5_pl|Dress
itm_pict_long_tunic6|Dress
itm_pict_long_tunic6_pl|Dress
itm_woman_norse1|Norse Dress
itm_woman_norse1_pl|Norse Dress
itm_woman_norse2|Norse Dress
itm_woman_norse2_pl|Norse Dress
itm_woman_norse3|Norse Dress
itm_woman_norse3_pl|Norse Dress
itm_woman_norse4|Norse Dress
itm_woman_norse4_pl|Norse Dress
itm_woman_norse5|Norse Dress
itm_woman_norse5_pl|Norse Dress
itm_woman_norse6|Norse Dress
itm_woman_norse6_pl|Norse Dress
itm_richwoman_norse1|Rich Norse Dress
itm_richwoman_norse1_pl|Rich Norse Dress
itm_richwoman_norse2|Rich Norse Dress
itm_richwoman_norse2_pl|Rich Norse Dress
itm_richwoman_norse3|Rich Norse Dress
itm_richwoman_norse3_pl|Rich Norse Dress
itm_richwoman_norse4|Rich Norse Dress
itm_richwoman_norse4_pl|Rich Norse Dress
itm_btunic_1woman|Tunic
itm_btunic_1woman_pl|Tunic
itm_btunic_2woman|Angle Light Armor
itm_btunic_2woman_pl|Angle Light Armor
itm_btunic_3woman|Frisian Tunic
itm_btunic_3woman_pl|Frisian Tunic
itm_btunic_4woman|Frisian Tunic
itm_btunic_4woman_pl|Frisian Tunic
itm_btunic_5woman|Frisian Tunic
itm_btunic_5woman_pl|Frisian Tunic
itm_btunic_6woman|Frisian Tunic
itm_btunic_6woman_pl|Frisian Tunic
itm_btunic_7woman|Angle Tunic
itm_btunic_7woman_pl|Angle Tunic
itm_btunic_8woman|Simple Tunic
itm_btunic_8woman_pl|Simple Tunic
itm_ptunic_1woman|Simple Tunic
itm_ptunic_1woman_pl|Simple Tunic
itm_ptunic_2woman|Simple Tunic
itm_ptunic_2woman_pl|Simple Tunic
itm_ptunic_3woman|Simple Tunic
itm_ptunic_3woman_pl|Simple Tunic
itm_ptunic_4woman|Simple Tunic
itm_ptunic_4woman_pl|Simple Tunic
itm_ptunic_5woman|Simple Tunic
itm_ptunic_5woman_pl|Simple Tunic
itm_ptunic_6woman|Simple Tunic
itm_ptunic_6woman_pl|Simple Tunic
itm_ptunic_7woman|Simple Tunic
itm_ptunic_7woman_pl|Simple Tunic
itm_gaeltunic_1woman|Frisian Tunic
itm_gaeltunic_1woman_pl|Frisian Tunic
itm_gaeltunic_2woman|Frisian Tunic
itm_gaeltunic_2woman_pl|Frisian Tunic
itm_gaeltunic_3woman|Frisian Tunic
itm_gaeltunic_3woman_pl|Frisian Tunic
itm_gaeltunic_4woman|Frisian Light Armor
itm_gaeltunic_4woman_pl|Frisian Light Armor
itm_gaeltunic_5woman|Frisian Tunic
itm_gaeltunic_5woman_pl|Frisian Tunic
itm_gaeltunic_6woman|Frisian Tunic
itm_gaeltunic_6woman_pl|Frisian Tunic
itm_gaeltunic_7woman|Frisian Tunic
itm_gaeltunic_7woman_pl|Frisian Tunic
itm_gaeltunic_8woman|Frisian Tunic
itm_gaeltunic_8woman_pl|Frisian Tunic
itm_britontunic_1woman|Bear Skin
itm_britontunic_1woman_pl|Bear Skin
itm_britontunic_2woman|Bear Skin
itm_britontunic_2woman_pl|Bear Skin
itm_britontunic_3woman|Bear Skin
itm_britontunic_3woman_pl|Bear Skin
itm_britontunic_4woman|Bear Skin
itm_britontunic_4woman_pl|Bear Skin
itm_britontunic_5woman|Wolf Skin
itm_britontunic_5woman_pl|Wolf Skin
itm_britontunic_6woman|Wolf Skin
itm_britontunic_6woman_pl|Wolf Skin
itm_britontunic_7woman|Wolf Skin
itm_britontunic_7woman_pl|Wolf Skin
itm_britontunic_8woman|Wolf Skin
itm_britontunic_8woman_pl|Wolf Skin
itm_veil_a|Veil
itm_veil_a_pl|Veil
itm_veil_b|Veil
itm_veil_b_pl|Veil
itm_veil_c|Veil
itm_veil_c_pl|Veil
itm_veil_d|Veil
itm_veil_d_pl|Veil
itm_veil_e|Veil
itm_veil_e_pl|Veil
itm_veil_f|Veil
itm_veil_f_pl|Veil
itm_elite_veil_1|Rich Veil
itm_elite_veil_1_pl|Rich Veil
itm_elite_veil_2|Rich Veil
itm_elite_veil_2_pl|Rich Veil
itm_elite_veil_3|Rich Veil
itm_elite_veil_3_pl|Rich Veil
itm_elite_veil_4|Rich Veil
itm_elite_veil_4_pl|Rich Veil
itm_common_veil_a|Veil
itm_common_veil_a_pl|Veil
itm_common_veil_b|Veil
itm_common_veil_b_pl|Veil
itm_common_veil_c|Veil
itm_common_veil_c_pl|Veil
itm_common_veil_d|Veil
itm_common_veil_d_pl|Veil
itm_common_veil_e|Veil
itm_common_veil_e_pl|Veil
itm_common_veil_f|Veil
itm_common_veil_f_pl|Veil
itm_elite_veil_5|Rich Veil
itm_elite_veil_5_pl|Rich Veil
itm_elite_veil_6|Rich Veil
itm_elite_veil_6_pl|Rich Veil
itm_elite_veil_7|Rich Veil
itm_elite_veil_7_pl|Rich Veil
itm_elite_veil_8|Rich Veil
itm_elite_veil_8_pl|Rich Veil
itm_gambeson1|Saxon Gambeson
itm_gambeson1_pl|Saxon Gambeson
itm_gambeson2|Saxon Gambeson
itm_gambeson2_pl|Saxon Gambeson
itm_gambeson3|Saxon Gambeson
itm_gambeson3_pl|Saxon Gambeson
itm_gambeson4|Norse Gambeson
itm_gambeson4_pl|Norse Gambeson
itm_gambeson5|Norse Gambeson
itm_gambeson5_pl|Norse Gambeson
itm_gambeson6|Saxon Gambeson
itm_gambeson6_pl|Saxon Gambeson
itm_gambeson7|Saxon Gambeson
itm_gambeson7_pl|Saxon Gambeson
itm_gambeson8|Norse Gambeson
itm_gambeson8_pl|Norse Gambeson
itm_gambeson9|Saxon Gambeson
itm_gambeson9_pl|Saxon Gambeson
itm_gambeson10|Angle Gambeson
itm_gambeson10_pl|Angle Gambeson
itm_gambeson11|Angle Gambeson
itm_gambeson11_pl|Angle Gambeson
itm_gambeson12|Briton Gambeson
itm_gambeson12_pl|Briton Gambeson
itm_gambeson13|Norse Gambeson
itm_gambeson13_pl|Norse Gambeson
itm_gambeson14|Norse Gambeson
itm_gambeson14_pl|Norse Gambeson
itm_gambeson15|Saxon Long Gambeson
itm_gambeson15_pl|Saxon Long Gambeson
itm_gambeson16|Briton Gambeson
itm_gambeson16_pl|Briton Gambeson
itm_gambeson17|Angle Gambeson
itm_gambeson17_pl|Angle Gambeson
itm_gambeson18|Saxon Long Gambeson
itm_gambeson18_pl|Saxon Long Gambeson
itm_gambeson19|Frisian Gambeson
itm_gambeson19_pl|Frisian Gambeson
itm_gambeson20|Frisian Gambeson
itm_gambeson20_pl|Frisian Gambeson
itm_gambeson21|Common Gambeson
itm_gambeson21_pl|Common Gambeson
itm_gambeson22|Common Gambeson
itm_gambeson22_pl|Common Gambeson
itm_gambeson23|Common Gambeson
itm_gambeson23_pl|Common Gambeson
itm_gambeson24|Common Gambeson
itm_gambeson24_pl|Common Gambeson
itm_gambeson1gael|Pictish Gambeson
itm_gambeson1gael_pl|Pictish Gambeson
itm_gambeson2gael|Pictish Gambeson
itm_gambeson2gael_pl|Pictish Gambeson
itm_gambeson3gael|Pictish Gambeson
itm_gambeson3gael_pl|Pictish Gambeson
itm_gambeson4gael|Pictish Gambeson
itm_gambeson4gael_pl|Pictish Gambeson
itm_gambeson5gael|Pictish Gambeson
itm_gambeson5gael_pl|Pictish Gambeson
itm_gambeson6gael|Pictish Gambeson
itm_gambeson6gael_pl|Pictish Gambeson
itm_gambeson7gael|Pictish Gambeson
itm_gambeson7gael_pl|Pictish Gambeson
itm_gambeson8gael|Pictish Gambeson
itm_gambeson8gael_pl|Pictish Gambeson
itm_gambeson9gael|Goidelic Gambeson
itm_gambeson9gael_pl|Goidelic Gambeson
itm_gambeson10gael|Goidelic Gambeson
itm_gambeson10gael_pl|Goidelic Gambeson
itm_gambeson11gael|Goidelic Gambeson
itm_gambeson11gael_pl|Goidelic Gambeson
itm_gambeson12gael|Goidelic Gambeson
itm_gambeson12gael_pl|Goidelic Gambeson
itm_gambeson13gael|Goidelic Gambeson
itm_gambeson13gael_pl|Goidelic Gambeson
itm_gambeson14gael|Goidelic Gambeson
itm_gambeson14gael_pl|Goidelic Gambeson
itm_gambeson15gael|Goidelic Gambeson
itm_gambeson15gael_pl|Goidelic Gambeson
itm_gambeson16gael|Goidelic Gambeson
itm_gambeson16gael_pl|Goidelic Gambeson
itm_gambeson1cloak|Pictish Gambeson
itm_gambeson1cloak_pl|Pictish Gambeson
itm_gambeson2cloak|Pictish Gambeson
itm_gambeson2cloak_pl|Pictish Gambeson
itm_gambeson5cloak|Goidelic Gambeson
itm_gambeson5cloak_pl|Goidelic Gambeson
itm_gambeson6cloak|Goidelic Gambeson
itm_gambeson6cloak_pl|Goidelic Gambeson
itm_gambeson3cloak|Frisian Gambeson
itm_gambeson3cloak_pl|Frisian Gambeson
itm_gambeson4cloak|Frisian Gambeson
itm_gambeson4cloak_pl|Frisian Gambeson
itm_gambeson25|Norse Long Gambeson
itm_gambeson25_pl|Norse Long Gambeson
itm_gambeson26|Angle Long Gambeson
itm_gambeson26_pl|Angle Long Gambeson
itm_gambeson27|Norse Long Gambeson
itm_gambeson27_pl|Norse Long Gambeson
itm_gambeson28|Angle Gambeson
itm_gambeson28_pl|Angle Gambeson
itm_gambeson29|Norse Long Gambeson
itm_gambeson29_pl|Norse Long Gambeson
itm_gambeson30|Common Long Gambeson
itm_gambeson30_pl|Common Long Gambeson
itm_gambeson31|Common Long Gambeson
itm_gambeson31_pl|Common Long Gambeson
itm_gambeson32|Saxon Long Gambeson
itm_gambeson32_pl|Saxon Long Gambeson
itm_gambeson33|Frisian Long Gambeson
itm_gambeson33_pl|Frisian Long Gambeson
itm_gambeson34|Angle Long Gambeson
itm_gambeson34_pl|Angle Long Gambeson
itm_gambeson35|Norse Gambeson
itm_gambeson35_pl|Norse Gambeson
itm_gambeson36|Briton Long Gambeson
itm_gambeson36_pl|Briton Long Gambeson
itm_gambeson37|Briton Gambeson
itm_gambeson37_pl|Briton Gambeson
itm_gambeson38|Briton Long Gambeson
itm_gambeson38_pl|Briton Long Gambeson
itm_gambeson39|Angle Long Gambeson
itm_gambeson39_pl|Angle Long Gambeson
itm_gambeson40|Briton Long Gambeson
itm_gambeson40_pl|Briton Long Gambeson
itm_gambeson41|Briton Long Gambeson
itm_gambeson41_pl|Briton Long Gambeson
itm_gambeson42|Briton Gambeson
itm_gambeson42_pl|Briton Gambeson
itm_gambeson43|Norse Long Gambeson
itm_gambeson43_pl|Norse Long Gambeson
itm_gambeson44|Frisian Long Gambeson
itm_gambeson44_pl|Frisian Long Gambeson
itm_gambeson45|Angle Gambeson
itm_gambeson45_pl|Angle Gambeson
itm_gambeson46|Frisian Long Gambeson
itm_gambeson46_pl|Frisian Long Gambeson
itm_gambeson47|Common Long Gambeson
itm_gambeson47_pl|Common Long Gambeson
itm_gambeson48|Common Long Gambeson
itm_gambeson48_pl|Common Long Gambeson
itm_mail_shirt|Frisian Byrnie
itm_mail_shirt_pl|Frisian Byrnie
itm_mail_shirt_1|Common Byrnie
itm_mail_shirt_1_pl|Common Byrnie
itm_mail_shirt_2|Pictish Lorica
itm_mail_shirt_2_pl|Pictish Lorica
itm_mail_shirt_3|Common Byrnie
itm_mail_shirt_3_pl|Common Byrnie
itm_mail_shirt_6|Pictish Lorica
itm_mail_shirt_6_pl|Pictish Lorica
itm_mail_shirt_7|Pictish Lorica
itm_mail_shirt_7_pl|Pictish Lorica
itm_mail_shirt_8|Cloaked Pictish Lorica
itm_mail_shirt_8_pl|Cloaked Pictish Lorica
itm_mail_shirt_9|Cloaked Pictish Lorica
itm_mail_shirt_9_pl|Cloaked Pictish Lorica
itm_mail_shirt_10|Elite Briton Byrnie
itm_mail_shirt_10_pl|Elite Briton Byrnie
itm_mail_shirt_11|Elite Briton Byrnie
itm_mail_shirt_11_pl|Elite Briton Byrnie
itm_mail_shirt_11_2|Frisian Byrnie
itm_mail_shirt_11_2_pl|Frisian Byrnie
itm_mail_shirt_11_3|Pictish Lorica
itm_mail_shirt_11_3_pl|Pictish Lorica
itm_mail_shirt_12|Common Byrnie
itm_mail_shirt_12_pl|Common Byrnie
itm_mail_shirt_13|Common Byrnie
itm_mail_shirt_13_pl|Common Byrnie
itm_mail_shirt_4|Frisian Byrnie
itm_mail_shirt_4_pl|Frisian Byrnie
itm_mail_shirt_5|Pictish Lorica
itm_mail_shirt_5_pl|Pictish Lorica
itm_mail_shirt_5_1|Elite Briton Byrnie
itm_mail_shirt_5_1_pl|Elite Briton Byrnie
itm_mail_shirt_5_2|Elite Saxon Halsberg
itm_mail_shirt_5_2_pl|Elite Saxon Halsberg
itm_mail_shirt_12_1|Common Halsberg
itm_mail_shirt_12_1_pl|Common Halsberg
itm_mail_shirt_12_2|Common Halsberg
itm_mail_shirt_12_2_pl|Common Halsberg
itm_mail_shirt_12_3|Common Halsberg
itm_mail_shirt_12_3_pl|Common Halsberg
itm_mail_shirt_12_4|Common Halsberg
itm_mail_shirt_12_4_pl|Common Halsberg
itm_mail_shirt_13_1|Elite Saxon Halsberg
itm_mail_shirt_13_1_pl|Elite Saxon Halsberg
itm_mail_shirt_13_2|Saxon Halsberg
itm_mail_shirt_13_2_pl|Saxon Halsberg
itm_mail_shirt_13_3|Saxon Halsberg
itm_mail_shirt_13_3_pl|Saxon Halsberg
itm_mail_shirt_13_4|Elite Saxon Lorica
itm_mail_shirt_13_4_pl|Elite Saxon Lorica
itm_byrnie|Common Halsberg
itm_byrnie_pl|Common Halsberg
itm_byrnie2|Frisian Lorica
itm_byrnie2_pl|Frisian Lorica
itm_byrnie3|Common Halsberg
itm_byrnie3_pl|Common Halsberg
itm_byrnie4|Briton Byrnie
itm_byrnie4_pl|Briton Byrnie
itm_byrnie5|Saxon Halsberg
itm_byrnie5_pl|Saxon Halsberg
itm_byrnie6|Briton Byrnie
itm_byrnie6_pl|Briton Byrnie
itm_byrnie7|Elite Frisian Lorica
itm_byrnie7_pl|Elite Frisian Lorica
itm_byrnie8|Elite Frisian Halsberg
itm_byrnie8_pl|Elite Frisian Halsberg
itm_byrnie9|Goidelic Lorica
itm_byrnie9_pl|Goidelic Lorica
itm_byrnie10|Goidelic Lorica
itm_byrnie10_pl|Goidelic Lorica
itm_byrnie11|Cloaked Goidelic Lorica
itm_byrnie11_pl|Cloaked Goidelic Lorica
itm_byrnie12|Cloaked Goidelic Lorica
itm_byrnie12_pl|Cloaked Goidelic Lorica
itm_byrnie13|Briton Byrnie
itm_byrnie13_pl|Briton Byrnie
itm_byrnie14|Briton Byrnie
itm_byrnie14_pl|Briton Byrnie
itm_byrnie15|Cloaked Briton Byrnie
itm_byrnie15_pl|Cloaked Briton Byrnie
itm_byrnie16|Norse Hringserks
itm_byrnie16_pl|Norse Hringserks
itm_byrnie17|Norse Hringserks
itm_byrnie17_pl|Norse Hringserks
itm_byrnie18|Norse Hringserks
itm_byrnie18_pl|Norse Hringserks
itm_byrnie19|Norse Hringserks
itm_byrnie19_pl|Norse Hringserks
itm_byrnie20|Frisian Halsberg
itm_byrnie20_pl|Frisian Halsberg
itm_byrnie21|Saxon Lorica
itm_byrnie21_pl|Saxon Lorica
itm_byrnie22|Saxon Halsberg
itm_byrnie22_pl|Saxon Halsberg
itm_byrnie23|Angle Halsberg
itm_byrnie23_pl|Angle Halsberg
itm_byrnie24|Angle Halsberg
itm_byrnie24_pl|Angle Halsberg
itm_byrnie25|Angle Halsberg
itm_byrnie25_pl|Angle Halsberg
itm_byrnie26|Angle Halsberg
itm_byrnie26_pl|Angle Halsberg
itm_byrnie27|Cloaked Angle Halsberg
itm_byrnie27_pl|Cloaked Angle Halsberg
itm_byrnie28|Angle Halsberg with Fur
itm_byrnie28_pl|Angle Halsberg with Fur
itm_byrnie29|Cloaked Angle Halsberg
itm_byrnie29_pl|Cloaked Angle Halsberg
itm_byrnie30|Angle Halsberg with Fur
itm_byrnie30_pl|Angle Halsberg with Fur
itm_byrnie31|Cloaked Norse Hringserks
itm_byrnie31_pl|Cloaked Norse Hringserks
itm_byrnie32|Norse Hringserks
itm_byrnie32_pl|Norse Hringserks
itm_byrnie33|Norse Hringserks with Fur
itm_byrnie33_pl|Norse Hringserks with Fur
itm_byrnie34|Norse Hringserks with Fur
itm_byrnie34_pl|Norse Hringserks with Fur
itm_byrnie35|Frisian Halsberg
itm_byrnie35_pl|Frisian Halsberg
itm_byrnie36|Goidelic Lorica
itm_byrnie36_pl|Goidelic Lorica
itm_byrnie37|Goidelic Lorica
itm_byrnie37_pl|Goidelic Lorica
itm_byrnie38|Goidelic Lorica
itm_byrnie38_pl|Goidelic Lorica
itm_orm_byrnie|Orm's Lorica
itm_orm_byrnie_pl|Orm's Lorica
itm_lamellar_armor|Scale Lorica
itm_lamellar_armor_pl|Scale Lorica
itm_burlap_tunic|Burlap Tunic
itm_burlap_tunic_pl|Burlap Tunic
itm_hood_01|Hood
itm_hood_01_pl|Hood
itm_hood_02|Hood
itm_hood_02_pl|Hood
itm_phrygian1|Phrygian
itm_phrygian1_pl|Phrygian
itm_phrygian2|Phrygian
itm_phrygian2_pl|Phrygian
itm_phrygian3|Phrygian
itm_phrygian3_pl|Phrygian
itm_phrygian4|Phrygian
itm_phrygian4_pl|Phrygian
itm_phrygian5|Phrygian
itm_phrygian5_pl|Phrygian
itm_phrygian6|Phrygian
itm_phrygian6_pl|Phrygian
itm_phrygian7|Quality Phrygian
itm_phrygian7_pl|Quality Phrygian
itm_phrygian8|Quality Phrygian
itm_phrygian8_pl|Quality Phrygian
itm_phrygian9|Quality Phrygian
itm_phrygian9_pl|Quality Phrygian
itm_phrygian10|Quality Phrygian
itm_phrygian10_pl|Quality Phrygian
itm_phrygian11|Quality Phrygian
itm_phrygian11_pl|Quality Phrygian
itm_phrygian12|Quality Phrygian
itm_phrygian12_pl|Quality Phrygian
itm_phrygian13|Quality Phrygian
itm_phrygian13_pl|Quality Phrygian
itm_phrygian14|Decorated Phrygian
itm_phrygian14_pl|Decorated Phrygian
itm_phrygian15|Decorated Phrygian
itm_phrygian15_pl|Decorated Phrygian
itm_phrygian16|Decorated Phrygian
itm_phrygian16_pl|Decorated Phrygian
itm_phrygian17|Decorated Phrygian
itm_phrygian17_pl|Decorated Phrygian
itm_briton_helm|Simple Helm
itm_briton_helm_pl|Simple Helm
itm_briton_helm2|Simple Helm
itm_briton_helm2_pl|Simple Helm
itm_briton_helm3|Old Simple Helm
itm_briton_helm3_pl|Old Simple Helm
itm_briton_helm4|Old Simple Helm
itm_briton_helm4_pl|Old Simple Helm
itm_briton_helm5|Simple Helm with Leather
itm_briton_helm5_pl|Simple Helm with Leather
itm_briton_helm6|Simple Helm with Leather
itm_briton_helm6_pl|Simple Helm with Leather
itm_briton_helm7|Old Simple Helm with Leather
itm_briton_helm7_pl|Old Simple Helm with Leather
itm_briton_helm8|Old Simple Helm with Leather
itm_briton_helm8_pl|Old Simple Helm with Leather
itm_briton_helm9|Complete Helm
itm_briton_helm9_pl|Complete Helm
itm_briton_helm10|Complete Helm
itm_briton_helm10_pl|Complete Helm
itm_briton_helm11|Old Complete Helm
itm_briton_helm11_pl|Old Complete Helm
itm_briton_helm12|Old Complete Helm
itm_briton_helm12_pl|Old Complete Helm
itm_briton_helm13|Complete Helm
itm_briton_helm13_pl|Complete Helm
itm_briton_helm14|Complete Helm
itm_briton_helm14_pl|Complete Helm
itm_briton_helm15|Complete Helm
itm_briton_helm15_pl|Complete Helm
itm_briton_helm16|Old Complete Helm
itm_briton_helm16_pl|Old Complete Helm
itm_briton_helm17|Old Complete Helm
itm_briton_helm17_pl|Old Complete Helm
itm_briton_helm18|Old Complete Helm
itm_briton_helm18_pl|Old Complete Helm
itm_briton_helm19|Helm with Nasal
itm_briton_helm19_pl|Helm with Nasal
itm_briton_helm20|Helm with Nasal
itm_briton_helm20_pl|Helm with Nasal
itm_briton_helm21|Helm with Nasal
itm_briton_helm21_pl|Helm with Nasal
itm_briton_helm22|Old Helm with Nasal
itm_briton_helm22_pl|Old Helm with Nasal
itm_briton_helm23|Old Helm with Nasal
itm_briton_helm23_pl|Old Helm with Nasal
itm_briton_helm24|Old Helm with Nasal
itm_briton_helm24_pl|Old Helm with Nasal
itm_briton_helm25|Helm with Leather
itm_briton_helm25_pl|Helm with Leather
itm_briton_helm26|Helm with Leather
itm_briton_helm26_pl|Helm with Leather
itm_briton_helm27|Helm with Leather
itm_briton_helm27_pl|Helm with Leather
itm_briton_helm28|Old Helm with Leather
itm_briton_helm28_pl|Old Helm with Leather
itm_briton_helm29|Old Helm with Leather
itm_briton_helm29_pl|Old Helm with Leather
itm_briton_helm30|Old Helm with Leather
itm_briton_helm30_pl|Old Helm with Leather
itm_briton_helm31|Helm with Mail
itm_briton_helm31_pl|Helm with Mail
itm_briton_helm32|Helm with Mail
itm_briton_helm32_pl|Helm with Mail
itm_briton_helm33|Helm with Mail
itm_briton_helm33_pl|Helm with Mail
itm_briton_helm34|Helm with Mail
itm_briton_helm34_pl|Helm with Mail
itm_briton_helm35|Complete Helm
itm_briton_helm35_pl|Complete Helm
itm_briton_helm36|Complete Helm
itm_briton_helm36_pl|Complete Helm
itm_briton_helm37|Complete Helm
itm_briton_helm37_pl|Complete Helm
itm_briton_helm38|Old Complete Helm
itm_briton_helm38_pl|Old Complete Helm
itm_briton_helm39|Old Complete Helm
itm_briton_helm39_pl|Old Complete Helm
itm_briton_helm40|Old Complete Helm
itm_briton_helm40_pl|Old Complete Helm
itm_spangenhelm_1|Simple Helm
itm_spangenhelm_1_pl|Simple Helm
itm_spangenhelm_2|Simple Helm
itm_spangenhelm_2_pl|Simple Helm
itm_spangenhelm_3|Old Simple Helm
itm_spangenhelm_3_pl|Old Simple Helm
itm_spangenhelm_4|Old Simple Helm
itm_spangenhelm_4_pl|Old Simple Helm
itm_spangenhelm_5|Simple Helm with Mail
itm_spangenhelm_5_pl|Simple Helm with Mail
itm_spangenhelm_6|Simple Helm with Mail
itm_spangenhelm_6_pl|Simple Helm with Mail
itm_spangenhelm_7|Old Simple Helm with Leather
itm_spangenhelm_7_pl|Old Simple Helm with Leather
itm_spangenhelm_8|Old Anglo Saxon Helm
itm_spangenhelm_8_pl|Old Anglo Saxon Helm
itm_spangenhelm_9|Complete Helm
itm_spangenhelm_9_pl|Complete Helm
itm_spangenhelm_10|Complete Helm
itm_spangenhelm_10_pl|Complete Helm
itm_spangenhelm_11|Old Anglo Saxon Helm
itm_spangenhelm_11_pl|Old Anglo Saxon Helm
itm_spangenhelm_12|Old Anglo Saxon Helm
itm_spangenhelm_12_pl|Old Anglo Saxon Helm
itm_spangenhelm_13|Complete Helm
itm_spangenhelm_13_pl|Complete Helm
itm_spangenhelm_14|Complete Helm
itm_spangenhelm_14_pl|Complete Helm
itm_spangenhelm_15|Complete Helm
itm_spangenhelm_15_pl|Complete Helm
itm_spangenhelm_16|Elite Anglo Saxon Helm
itm_spangenhelm_16_pl|Elite Anglo Saxon Helm
itm_spangenhelm_17|Elite Anglo Saxon Helm
itm_spangenhelm_17_pl|Elite Anglo Saxon Helm
itm_spangenhelm_18|Saxon Helm
itm_spangenhelm_18_pl|Saxon Helm
itm_spangenhelm_19|Helm with Nasal
itm_spangenhelm_19_pl|Helm with Nasal
itm_spangenhelm_20|Helm with Nasal
itm_spangenhelm_20_pl|Helm with Nasal
itm_spangenhelm_21|Helm with Nasal
itm_spangenhelm_21_pl|Helm with Nasal
itm_spangenhelm_22|Helm with Nasal
itm_spangenhelm_22_pl|Helm with Nasal
itm_spangenhelm_23|Old Helm
itm_spangenhelm_23_pl|Old Helm
itm_spangenhelm_24|Old Helm with Nasal
itm_spangenhelm_24_pl|Old Helm with Nasal
itm_spangenhelm_25|Helm with Leather
itm_spangenhelm_25_pl|Helm with Leather
itm_spangenhelm_26|Helm with Leather
itm_spangenhelm_26_pl|Helm with Leather
itm_spangenhelm_27|Helm with Leather
itm_spangenhelm_27_pl|Helm with Leather
itm_spangenhelm_28|Old Helm with Leather
itm_spangenhelm_28_pl|Old Helm with Leather
itm_spangenhelm_29|Old Helm with Leather
itm_spangenhelm_29_pl|Old Helm with Leather
itm_spangenhelm_30|Saxon Helm with Leather
itm_spangenhelm_30_pl|Saxon Helm with Leather
itm_spangenhelm_31|Helm with Mail
itm_spangenhelm_31_pl|Helm with Mail
itm_spangenhelm_32|Helm with Mail
itm_spangenhelm_32_pl|Helm with Mail
itm_spangenhelm_33|Old Helm with Mail
itm_spangenhelm_33_pl|Old Helm with Mail
itm_spangenhelm_34|Old Helm with Mail
itm_spangenhelm_34_pl|Old Helm with Mail
itm_spangenhelm_35|Complete Helm
itm_spangenhelm_35_pl|Complete Helm
itm_spangenhelm_36|Complete Helm
itm_spangenhelm_36_pl|Complete Helm
itm_spangenhelm_37|Complete Helm
itm_spangenhelm_37_pl|Complete Helm
itm_spangenhelm_38|Old Complete Helm
itm_spangenhelm_38_pl|Old Complete Helm
itm_spangenhelm_39|Nobleman Anglo Saxon Helm
itm_spangenhelm_39_pl|Nobleman Anglo Saxon Helm
itm_spangenhelm_40|Nobleman Anglo Saxon Helm
itm_spangenhelm_40_pl|Nobleman Anglo Saxon Helm
itm_vikingold_helm|Old Norse Helm
itm_vikingold_helm_pl|Old Norse Helm
itm_vikingold_helm2|Old Norse Helm
itm_vikingold_helm2_pl|Old Norse Helm
itm_vikingold_helm3|Old Norse Helm with Nasal
itm_vikingold_helm3_pl|Old Norse Helm with Nasal
itm_vikingold_helm4|Old Norse Helm with Nasal
itm_vikingold_helm4_pl|Old Norse Helm with Nasal
itm_vikingold_helm5|Old Norse Helm with Nasal
itm_vikingold_helm5_pl|Old Norse Helm with Nasal
itm_vikingold_helm6|Old Norse Helm with Nasal
itm_vikingold_helm6_pl|Old Norse Helm with Nasal
itm_vikingold_helm7|Old Helm
itm_vikingold_helm7_pl|Old Helm
itm_vikingold_helm8|Old Helm
itm_vikingold_helm8_pl|Old Helm
itm_vikingold_helm9|Old Norse Helm with Nasal
itm_vikingold_helm9_pl|Old Norse Helm with Nasal
itm_vikingold_helm10|Old Norse Helm with Nasal
itm_vikingold_helm10_pl|Old Norse Helm with Nasal
itm_vikingold_helm11|Old Norse Helm with Nasal
itm_vikingold_helm11_pl|Old Norse Helm with Nasal
itm_vikingold_helm12|Old Norse Helm with Nasal
itm_vikingold_helm12_pl|Old Norse Helm with Nasal
itm_vikingold_helm13|Old Norse Helm with Mail
itm_vikingold_helm13_pl|Old Norse Helm with Mail
itm_vikingold_helm14|Old Norse Helm with Mail
itm_vikingold_helm14_pl|Old Norse Helm with Mail
itm_vikingold_helm15|Old Norse Helm with Mail
itm_vikingold_helm15_pl|Old Norse Helm with Mail
itm_vikingold_helm16|Old Norse Helm with Mail
itm_vikingold_helm16_pl|Old Norse Helm with Mail
itm_vikingold_helm17|Old Norse Helm with Mail
itm_vikingold_helm17_pl|Old Norse Helm with Mail
itm_vikingold_helm18|Old Norse Helm with Mail
itm_vikingold_helm18_pl|Old Norse Helm with Mail
itm_vikingold_helm19|Old Complete Norse Helm
itm_vikingold_helm19_pl|Old Complete Norse Helm
itm_vikingold_helm20|Old Complete Norse Helm
itm_vikingold_helm20_pl|Old Complete Norse Helm
itm_vikingold_helm21|Old Complete Norse Helm
itm_vikingold_helm21_pl|Old Complete Norse Helm
itm_vikingold_helm22|Old Complete Norse Helm
itm_vikingold_helm22_pl|Old Complete Norse Helm
itm_vikingold_helm23|Old Complete Norse Helm
itm_vikingold_helm23_pl|Old Complete Norse Helm
itm_vikingold_helm24|Old Complete Norse Helm
itm_vikingold_helm24_pl|Old Complete Norse Helm
itm_viking_helm|Simple Norse Helm
itm_viking_helm_pl|Simple Norse Helm
itm_viking_helm2|Simple Norse Helm
itm_viking_helm2_pl|Simple Norse Helm
itm_viking_helm3|Norse Helm with Nasal
itm_viking_helm3_pl|Norse Helm with Nasal
itm_viking_helm4|Norse Helm with Nasal
itm_viking_helm4_pl|Norse Helm with Nasal
itm_viking_helm5|Norse Helm with Nasal
itm_viking_helm5_pl|Norse Helm with Nasal
itm_viking_helm6|Norse Helm with Nasal
itm_viking_helm6_pl|Norse Helm with Nasal
itm_viking_helm7|Norse Helm
itm_viking_helm7_pl|Norse Helm
itm_viking_helm8|Norse Helm
itm_viking_helm8_pl|Norse Helm
itm_viking_helm9|Norse Helm with Nasal
itm_viking_helm9_pl|Norse Helm with Nasal
itm_viking_helm10|Norse Helm with Nasal
itm_viking_helm10_pl|Norse Helm with Nasal
itm_viking_helm11|Norse Helm with Nasal
itm_viking_helm11_pl|Norse Helm with Nasal
itm_viking_helm12|Norse Helm with Nasal
itm_viking_helm12_pl|Norse Helm with Nasal
itm_viking_helm13|Norse Helm with Mail
itm_viking_helm13_pl|Norse Helm with Mail
itm_viking_helm14|Norse Helm with Mail
itm_viking_helm14_pl|Norse Helm with Mail
itm_viking_helm15|Norse Helm with Nasal
itm_viking_helm15_pl|Norse Helm with Nasal
itm_viking_helm16|Norse Helm with Nasal
itm_viking_helm16_pl|Norse Helm with Nasal
itm_viking_helm17|Norse Helm with Nasal
itm_viking_helm17_pl|Norse Helm with Nasal
itm_viking_helm18|Norse Helm with Nasal
itm_viking_helm18_pl|Norse Helm with Nasal
itm_viking_helm19|Complete Norse Helm
itm_viking_helm19_pl|Complete Norse Helm
itm_viking_helm20|Complete Norse Helm
itm_viking_helm20_pl|Complete Norse Helm
itm_viking_helm21|Complete Norse Helm
itm_viking_helm21_pl|Complete Norse Helm
itm_viking_helm22|Complete Norse Helm
itm_viking_helm22_pl|Complete Norse Helm
itm_viking_helm23|Complete Norse Helm
itm_viking_helm23_pl|Complete Norse Helm
itm_viking_helm24|Complete Norse Helm
itm_viking_helm24_pl|Complete Norse Helm
itm_vikingold_elitehelm1|Old Norse Helm
itm_vikingold_elitehelm1_pl|Old Norse Helm
itm_vikingold_elitehelm2|Old Norse Helm
itm_vikingold_elitehelm2_pl|Old Norse Helm
itm_vikingold_elitehelm3|Old Norse Helm
itm_vikingold_elitehelm3_pl|Old Norse Helm
itm_vikingold_elitehelm4|Old Norse Helm with Leather
itm_vikingold_elitehelm4_pl|Old Norse Helm with Leather
itm_vikingold_elitehelm5|Old Norse Helm with Leather
itm_vikingold_elitehelm5_pl|Old Norse Helm with Leather
itm_vikingold_elitehelm6|Old Norse Helm with Mail
itm_vikingold_elitehelm6_pl|Old Norse Helm with Mail
itm_vikingold_elitehelm7|Old Norse Helm with Mail
itm_vikingold_elitehelm7_pl|Old Norse Helm with Mail
itm_vikingold_elitehelm8|Rich Norse Helm
itm_vikingold_elitehelm8_pl|Rich Norse Helm
itm_vikingold_elitehelm9|Rich Norse Helm
itm_vikingold_elitehelm9_pl|Rich Norse Helm
itm_viking_elitehelm1|Norse Helm
itm_viking_elitehelm1_pl|Norse Helm
itm_viking_elitehelm2|Norse Helm
itm_viking_elitehelm2_pl|Norse Helm
itm_viking_elitehelm3|Norse Helm with Leather
itm_viking_elitehelm3_pl|Norse Helm with Leather
itm_viking_elitehelm4|Norse Helm
itm_viking_elitehelm4_pl|Norse Helm
itm_viking_elitehelm5|Norse Helm with Leather
itm_viking_elitehelm5_pl|Norse Helm with Leather
itm_viking_elitehelm6|Norse Helm with Leather
itm_viking_elitehelm6_pl|Norse Helm with Leather
itm_viking_elitehelm7|Norse Helm with Mail
itm_viking_elitehelm7_pl|Norse Helm with Mail
itm_viking_elitehelm8|Norse Helm with Mail
itm_viking_elitehelm8_pl|Norse Helm with Mail
itm_viking_elitehelm9|Norse Helm with Mail
itm_viking_elitehelm9_pl|Norse Helm with Mail
itm_viking_noblehelm1|Elite Norse Helm
itm_viking_noblehelm1_pl|Elite Norse Helm
itm_viking_noblehelm2|Elite Norse Helm with Leather
itm_viking_noblehelm2_pl|Elite Norse Helm with Leather
itm_viking_noblehelm3|Elite Norse Helm with Mail
itm_viking_noblehelm3_pl|Elite Norse Helm with Mail
itm_angle_helmet1|Noble Helm
itm_angle_helmet1_pl|Noble Helm
itm_angle_helmet2|Helm with Leather
itm_angle_helmet2_pl|Helm with Leather
itm_angle_helmet3|Helm with Mail
itm_angle_helmet3_pl|Helm with Mail
itm_angle_helmet4|Helm with Mail
itm_angle_helmet4_pl|Helm with Mail
itm_angle_helmet5|Old Complete Helm
itm_angle_helmet5_pl|Old Complete Helm
itm_angle_helmet6|Complete Helm
itm_angle_helmet6_pl|Complete Helm
itm_elf_helmet|Elf's Helm
itm_elf_helmet_pl|Elf's Helm
itm_noble_helm_smith|Noble Helm
itm_noble_helm_smith_pl|Noble Helm
itm_hersir_helm|Hersir Helm
itm_hersir_helm_pl|Hersir Helm
itm_crown1|Crown
itm_crown1_pl|Crown
itm_sarranid_horseman_helmet|No head
itm_sarranid_horseman_helmet_pl|No head
itm_saco_enlacabeza|Sack
itm_saco_enlacabeza_pl|Sack
itm_wooden_stick|Wooden Stick
itm_wooden_stick_pl|Wooden Stick
itm_club_hard|Club
itm_club_hard_pl|Club
itm_club_troll|Troll's Axe
itm_club_troll_pl|Troll's Axe
itm_knife|Hunting Knife
itm_knife_pl|Hunting Knife
itm_knife2|Hunting Knife
itm_knife2_pl|Hunting Knife
itm_knife3|Hunting Knife
itm_knife3_pl|Hunting Knife
itm_knife4|Hunting Knife
itm_knife4_pl|Hunting Knife
itm_knife5|Hunting Knife
itm_knife5_pl|Hunting Knife
itm_longseax1|Broadseax
itm_longseax1_pl|Broadseax
itm_longseax2|Broadseax
itm_longseax2_pl|Broadseax
itm_longseax3|Broadseax
itm_longseax3_pl|Broadseax
itm_longseax4|Broadseax
itm_longseax4_pl|Broadseax
itm_longseax5|Broadseax
itm_longseax5_pl|Broadseax
itm_longseax6|Langseax
itm_longseax6_pl|Langseax
itm_longseax7|Langseax
itm_longseax7_pl|Langseax
itm_longseax8|Langseax
itm_longseax8_pl|Langseax
itm_longseax9|Langseax
itm_longseax9_pl|Langseax
itm_longseax10|Langseax
itm_longseax10_pl|Langseax
itm_seax_1|Seax
itm_seax_1_pl|Seax
itm_seax_2|Seax
itm_seax_2_pl|Seax
itm_seax_3|Seax
itm_seax_3_pl|Seax
itm_seax_4|Seax
itm_seax_4_pl|Seax
itm_seax_5|Seax
itm_seax_5_pl|Seax
itm_ragnar_seax|Ragnar's Langseax
itm_ragnar_seax_pl|Ragnar's Langseax
itm_elf_seax|Elf's Langseax
itm_elf_seax_pl|Elf's Langseax
itm_spatha|Sword
itm_spatha_pl|Sword
itm_spatha_2|Sword
itm_spatha_2_pl|Sword
itm_spatha_3|Sword
itm_spatha_3_pl|Sword
itm_spatha_4|Sword
itm_spatha_4_pl|Sword
itm_spatha_5|Sword
itm_spatha_5_pl|Sword
itm_spatha_6|Sword
itm_spatha_6_pl|Sword
itm_spatha_7|Sword
itm_spatha_7_pl|Sword
itm_spatha_8|Sword
itm_spatha_8_pl|Sword
itm_sword|Sword
itm_sword_pl|Sword
itm_sword_2|Sword
itm_sword_2_pl|Sword
itm_sword_3|Sword
itm_sword_3_pl|Sword
itm_sword_4|Sword
itm_sword_4_pl|Sword
itm_sword_5|Short Sword
itm_sword_5_pl|Short Sword
itm_sword_6|Short Sword
itm_sword_6_pl|Short Sword
itm_sword_7|Short Sword
itm_sword_7_pl|Short Sword
itm_sword_8|Short Sword
itm_sword_8_pl|Short Sword
itm_new_sword1|Short Sword
itm_new_sword1_pl|Short Sword
itm_new_sword2|Short Sword
itm_new_sword2_pl|Short Sword
itm_new_sword3|Short Sword
itm_new_sword3_pl|Short Sword
itm_new_sword4|Short Sword
itm_new_sword4_pl|Short Sword
itm_new_sword5|Short Sword
itm_new_sword5_pl|Short Sword
itm_new_sword6|Short Sword
itm_new_sword6_pl|Short Sword
itm_noble_sword|Rich Sword
itm_noble_sword_pl|Rich Sword
itm_noble_sword_2|Ulfberth Sword
itm_noble_sword_2_pl|Ulfberth Sword
itm_noble_sword_3|False Ulfberth Sword
itm_noble_sword_3_pl|False Ulfberth Sword
itm_noble_sword_4|Rich Sword
itm_noble_sword_4_pl|Rich Sword
itm_noble_sword_5|Ulfberth Sword
itm_noble_sword_5_pl|Ulfberth Sword
itm_noble_sword_6|False Ulfberth Sword
itm_noble_sword_6_pl|False Ulfberth Sword
itm_old_swordv|Briton Sword
itm_old_swordv_pl|Briton Sword
itm_old_swordv2|Briton Sword
itm_old_swordv2_pl|Briton Sword
itm_old_swordv3|Briton Sword
itm_old_swordv3_pl|Briton Sword
itm_old_swordv4|Briton Sword
itm_old_swordv4_pl|Briton Sword
itm_old_swordv5|Briton Sword
itm_old_swordv5_pl|Briton Sword
itm_old_swordv6|Briton Sword
itm_old_swordv6_pl|Briton Sword
itm_old_swordv7|Briton Sword
itm_old_swordv7_pl|Briton Sword
itm_noble_sword_7|Rich Briton Sword
itm_noble_sword_7_pl|Rich Briton Sword
itm_noble_sword_8|Rich Briton Sword
itm_noble_sword_8_pl|Rich Briton Sword
itm_noble_sword_9|Rich Briton Sword
itm_noble_sword_9_pl|Rich Briton Sword
itm_noble_sword_10|Rich Briton Sword
itm_noble_sword_10_pl|Rich Briton Sword
itm_noble_sword_11|Rich Briton Sword
itm_noble_sword_11_pl|Rich Briton Sword
itm_noble_sword_12|Rich Briton Sword
itm_noble_sword_12_pl|Rich Briton Sword
itm_noble_sword_13|Rich Briton Sword
itm_noble_sword_13_pl|Rich Briton Sword
itm_noble_swordv|False Ulfberth Sword
itm_noble_swordv_pl|False Ulfberth Sword
itm_noble_swordv3|False Ulfberth Sword
itm_noble_swordv3_pl|False Ulfberth Sword
itm_noble_swordv4|Ulfberth Sword
itm_noble_swordv4_pl|Ulfberth Sword
itm_noble_swordv5|Sword
itm_noble_swordv5_pl|Sword
itm_noble_swordv6|Sword
itm_noble_swordv6_pl|Sword
itm_noble_swordv7|Rich Sword
itm_noble_swordv7_pl|Rich Sword
itm_irish_long_sword1|Goidelic Noble Long Sword
itm_irish_long_sword1_pl|Goidelic Noble Long Sword
itm_irish_long_sword2|Goidelic Noble Long Sword
itm_irish_long_sword2_pl|Goidelic Noble Long Sword
itm_irish_long_sword3|Goidelic Long Sword
itm_irish_long_sword3_pl|Goidelic Long Sword
itm_irish_long_sword4|Goidelic Long Sword
itm_irish_long_sword4_pl|Goidelic Long Sword
itm_irish_long_sword5|Goidelic Long Sword
itm_irish_long_sword5_pl|Goidelic Long Sword
itm_irish_long_sword6|Goidelic Long Sword
itm_irish_long_sword6_pl|Goidelic Long Sword
itm_irish_long_sword7|Goidelic Long Sword
itm_irish_long_sword7_pl|Goidelic Long Sword
itm_irish_long_sword8|Goidelic Long Sword
itm_irish_long_sword8_pl|Goidelic Long Sword
itm_irish_short_sword1|Goidelic Short Sword
itm_irish_short_sword1_pl|Goidelic Short Sword
itm_irish_short_sword2|Goidelic Short Sword
itm_irish_short_sword2_pl|Goidelic Short Sword
itm_irish_short_sword3|Goidelic Short Sword
itm_irish_short_sword3_pl|Goidelic Short Sword
itm_championsword1|Goidelic Champion Sword
itm_championsword1_pl|Goidelic Champion Sword
itm_championsword2|Goidelic Champion Sword
itm_championsword2_pl|Goidelic Champion Sword
itm_widow_maker|Widow Maker
itm_widow_maker_pl|Widow Maker
itm_suttonhoosword2|Bandit King Sword
itm_suttonhoosword2_pl|Bandit King Sword
itm_siren_song|Laufi
itm_siren_song_pl|Laufi
itm_sword_of_war|Olvir's Sword
itm_sword_of_war_pl|Olvir's Sword
itm_sword_premium1|Nad
itm_sword_premium1_pl|Nad
itm_sword_premium2|Draguandil
itm_sword_premium2_pl|Draguandil
itm_sword_premium3|Blynjubitr
itm_sword_premium3_pl|Blynjubitr
itm_hatchet|Axe
itm_hatchet_pl|Axe
itm_axe|Axe
itm_axe_pl|Axe
itm_axe_2|Short Axe
itm_axe_2_pl|Short Axe
itm_hand_axe|Short Axe
itm_hand_axe_pl|Short Axe
itm_axe_3|Long Axe
itm_axe_3_pl|Long Axe
itm_axe_4|Long Axe
itm_axe_4_pl|Long Axe
itm_one_handed_war_axe_a|Short Battle Axe
itm_one_handed_war_axe_a_pl|Short Battle Axe
itm_one_handed_war_axe_b|Short Battle Axe
itm_one_handed_war_axe_b_pl|Short Battle Axe
itm_one_handed_war_axe_c|Short Battle Axe
itm_one_handed_war_axe_c_pl|Short Battle Axe
itm_one_handed_war_axe_d|Short Battle Axe
itm_one_handed_war_axe_d_pl|Short Battle Axe
itm_one_handed_war_axe_e|Long Battle Axe
itm_one_handed_war_axe_e_pl|Long Battle Axe
itm_one_handed_war_axe_f|Long Battle Axe
itm_one_handed_war_axe_f_pl|Long Battle Axe
itm_axe_5|Long Hand Axe
itm_axe_5_pl|Long Hand Axe
itm_axe_6|Hand Axe
itm_axe_6_pl|Hand Axe
itm_axe_7|Short Hand Axe
itm_axe_7_pl|Short Hand Axe
itm_axe_8|Short Hand Axe
itm_axe_8_pl|Short Hand Axe
itm_axe_9|Hand Axe
itm_axe_9_pl|Hand Axe
itm_axe_10|Big Hand Axe
itm_axe_10_pl|Big Hand Axe
itm_pictish_hatchet|Goidelic Axe
itm_pictish_hatchet_pl|Goidelic Axe
itm_pictish_hatchet2|Goidelic Axe
itm_pictish_hatchet2_pl|Goidelic Axe
itm_pictish_hatchet3|Goidelic Long Axe
itm_pictish_hatchet3_pl|Goidelic Long Axe
itm_pictish_hatchet4|Goidelic Long Axe
itm_pictish_hatchet4_pl|Goidelic Long Axe
itm_pictish_hatchet5|Pictish Axe
itm_pictish_hatchet5_pl|Pictish Axe
itm_pictish_hatchet6|Pictish Axe
itm_pictish_hatchet6_pl|Pictish Axe
itm_pictish_hatchet7|Pictish Axe
itm_pictish_hatchet7_pl|Pictish Axe
itm_pictish_hatchet8|Short Pictish Axe
itm_pictish_hatchet8_pl|Short Pictish Axe
itm_pictish_hatchet9|Big Pictish Axe
itm_pictish_hatchet9_pl|Big Pictish Axe
itm_pictish_hatchet10|Big Pictish Axe
itm_pictish_hatchet10_pl|Big Pictish Axe
itm_pictish_hatchet11|Goidelic Hatchet
itm_pictish_hatchet11_pl|Goidelic Hatchet
itm_pictish_hatchet12|Goidelic Hatchet
itm_pictish_hatchet12_pl|Goidelic Hatchet
itm_pictish_hatchet13|Short Goidelic Hatchet
itm_pictish_hatchet13_pl|Short Goidelic Hatchet
itm_pictish_hatchet14|Short Goidelic Hatchet
itm_pictish_hatchet14_pl|Short Goidelic Hatchet
itm_pictish_hatchet15|Goidelic Long Hatchet
itm_pictish_hatchet15_pl|Goidelic Long Hatchet
itm_pictish_hatchet16|Goidelic Long Hatchet
itm_pictish_hatchet16_pl|Goidelic Long Hatchet
itm_pictish_hatchet17|Noble Goidelic Axe
itm_pictish_hatchet17_pl|Noble Goidelic Axe
itm_pictish_hatchet18|Noble Goidelic Axe
itm_pictish_hatchet18_pl|Noble Goidelic Axe
itm_long_axe_b|Woodcutter
itm_long_axe_b_pl|Woodcutter
itm_frankish_axe|Frankish Battle Axe
itm_frankish_axe_pl|Frankish Battle Axe
itm_staff|Staff
itm_staff_pl|Staff
itm_quarter_staff|Short Staff
itm_quarter_staff_pl|Short Staff
itm_pitch_fork|Pitch Fork
itm_pitch_fork_pl|Pitch Fork
itm_battle_fork|Shepherd's Crook
itm_battle_fork_pl|Shepherd's Crook
itm_light_spear1|Light Spear
itm_light_spear1_pl|Light Spear
itm_light_spear2|Light Spear
itm_light_spear2_pl|Light Spear
itm_light_spear3|Light Spear
itm_light_spear3_pl|Light Spear
itm_light_spear4|Light Spear
itm_light_spear4_pl|Light Spear
itm_war_spear1|War Spear
itm_war_spear1_pl|War Spear
itm_war_spear2|War Spear
itm_war_spear2_pl|War Spear
itm_war_spear3|War Spear
itm_war_spear3_pl|War Spear
itm_heavy_spear1|Heavy Spear
itm_heavy_spear1_pl|Heavy Spear
itm_heavy_spear2|Heavy Spear
itm_heavy_spear2_pl|Heavy Spear
itm_heavy_spear3|Heavy Spear
itm_heavy_spear3_pl|Heavy Spear
itm_long_light_spear1|Light Long Spear
itm_long_light_spear1_pl|Light Long Spear
itm_long_light_spear2|Light Long Spear
itm_long_light_spear2_pl|Light Long Spear
itm_long_war_spear1|Long War Spear
itm_long_war_spear1_pl|Long War Spear
itm_long_war_spear2|Long War Spear
itm_long_war_spear2_pl|Long War Spear
itm_long_heavy_spear1|Heavy Long Spear
itm_long_heavy_spear1_pl|Heavy Long Spear
itm_long_heavy_spear2|Heavy Long Spear
itm_long_heavy_spear2_pl|Heavy Long Spear
itm_new_mace|Ray
itm_new_mace_pl|Ray
itm_premium_spear1|Gungnir
itm_premium_spear1_pl|Gungnir
itm_standard|Army Standard
itm_standard_pl|Army Standard
itm_standard_dragon|Dragon Standard
itm_standard_dragon_pl|Dragon Standard
itm_horn|Horn
itm_horn_pl|Horn
itm_horn_multi|Horn
itm_horn_multi_pl|Horn
itm_wooden_shield|Round Shield
itm_wooden_shield_pl|Round Shield
itm_viking_shield_round_06|Round Shield
itm_viking_shield_round_06_pl|Round Shield
itm_viking_shield_round_07|Round Shield
itm_viking_shield_round_07_pl|Round Shield
itm_viking_shield_round_10|Round Shield
itm_viking_shield_round_10_pl|Round Shield
itm_viking_shield_round_11|Round Shield
itm_viking_shield_round_11_pl|Round Shield
itm_viking_shield_round_08|Round Shield
itm_viking_shield_round_08_pl|Round Shield
itm_viking_shield_round_09|Round Shield
itm_viking_shield_round_09_pl|Round Shield
itm_viking_shield_round_12|Round Shield
itm_viking_shield_round_12_pl|Round Shield
itm_viking_shield_round_13|Round Shield
itm_viking_shield_round_13_pl|Round Shield
itm_viking_shield_round_01|Rawhide Shield
itm_viking_shield_round_01_pl|Rawhide Shield
itm_viking_shield_round_02|Rawhide Shield
itm_viking_shield_round_02_pl|Rawhide Shield
itm_viking_shield_round_03|Rawhide Shield
itm_viking_shield_round_03_pl|Rawhide Shield
itm_viking_shield_round_14|Rawhide Shield
itm_viking_shield_round_14_pl|Rawhide Shield
itm_viking_shield_round_15|Rawhide Shield
itm_viking_shield_round_15_pl|Rawhide Shield
itm_viking_shield_round_04|Rawhide Round Shield
itm_viking_shield_round_04_pl|Rawhide Round Shield
itm_viking_shield_round_05|Rawhide Round Shield
itm_viking_shield_round_05_pl|Rawhide Round Shield
itm_viking_shield_round_16|Rawhide Round Shield
itm_viking_shield_round_16_pl|Rawhide Round Shield
itm_viking_shield_round_17|Rawhide Round Shield
itm_viking_shield_round_17_pl|Rawhide Round Shield
itm_viking_shield_round_18|Rawhide Round Shield
itm_viking_shield_round_18_pl|Rawhide Round Shield
itm_viking_shield_round_19|Rawhide Round Shield
itm_viking_shield_round_19_pl|Rawhide Round Shield
itm_viking_shield_round_20|Rawhide Round Shield
itm_viking_shield_round_20_pl|Rawhide Round Shield
itm_viking_shield_round_21|Rawhide Round Shield
itm_viking_shield_round_21_pl|Rawhide Round Shield
itm_shield_1|Convex Shield
itm_shield_1_pl|Convex Shield
itm_shield_2|Convex Shield
itm_shield_2_pl|Convex Shield
itm_shield_3|Convex Shield
itm_shield_3_pl|Convex Shield
itm_shield_4|Convex Shield
itm_shield_4_pl|Convex Shield
itm_shield_5|Convex Shield
itm_shield_5_pl|Convex Shield
itm_shield_6|Convex Shield
itm_shield_6_pl|Convex Shield
itm_shield_6_2|Convex Shield
itm_shield_6_2_pl|Convex Shield
itm_shield_7|Berserkr Shield
itm_shield_7_pl|Berserkr Shield
itm_shield_8|Berserkr Shield
itm_shield_8_pl|Berserkr Shield
itm_shield_9|Berserkr Shield
itm_shield_9_pl|Berserkr Shield
itm_shield_10|Round Shield
itm_shield_10_pl|Round Shield
itm_shield_11|Rawhide Shield
itm_shield_11_pl|Rawhide Shield
itm_shield_12|Svear Shield
itm_shield_12_pl|Svear Shield
itm_shield_13|Round Shield
itm_shield_13_pl|Round Shield
itm_shield_14|Round Shield
itm_shield_14_pl|Round Shield
itm_shield_15|Rawhide Shield
itm_shield_15_pl|Rawhide Shield
itm_shield_16|Rawhide Shield
itm_shield_16_pl|Rawhide Shield
itm_shield_17|Round Shield
itm_shield_17_pl|Round Shield
itm_shield_18|Round Shield
itm_shield_18_pl|Round Shield
itm_shield_19|Danish Shield
itm_shield_19_pl|Danish Shield
itm_shield_20|Northmathr Shield
itm_shield_20_pl|Northmathr Shield
itm_shield_21|Round Shield
itm_shield_21_pl|Round Shield
itm_gael_bigroundshield_01|Gael Round Shield
itm_gael_bigroundshield_01_pl|Gael Round Shield
itm_gael_bigroundshield_02|Gael Round Shield
itm_gael_bigroundshield_02_pl|Gael Round Shield
itm_gael_bigroundshield_03|Gael Round Shield
itm_gael_bigroundshield_03_pl|Gael Round Shield
itm_gael_bigroundshield_04|Gael Round Shield
itm_gael_bigroundshield_04_pl|Gael Round Shield
itm_gael_bigroundshield_05|Gael Round Shield
itm_gael_bigroundshield_05_pl|Gael Round Shield
itm_gael_bigroundshield_06|Gael Round Shield
itm_gael_bigroundshield_06_pl|Gael Round Shield
itm_gael_bigroundshield_07|Gael Round Shield
itm_gael_bigroundshield_07_pl|Gael Round Shield
itm_elf_shield|Elf's Shield
itm_elf_shield_pl|Elf's Shield
itm_tab_shield_round_c|Painted Convex Shield
itm_tab_shield_round_c_pl|Painted Convex Shield
itm_tab_shield_round_01_device|Painted Round Shield
itm_tab_shield_round_01_device_pl|Painted Round Shield
itm_tab_shield_round_01_nodevice|Painted Round Shield
itm_tab_shield_round_01_nodevice_pl|Painted Round Shield
itm_tab_shield_round_02_device|Painted Round Shield
itm_tab_shield_round_02_device_pl|Painted Round Shield
itm_tab_shield_round_02_nodevice|Painted Round Shield
itm_tab_shield_round_02_nodevice_pl|Painted Round Shield
itm_tab_shield_round_03_device|Painted Round Shield
itm_tab_shield_round_03_device_pl|Painted Round Shield
itm_tab_shield_round_03_nodevice|Painted Round Shield
itm_tab_shield_round_03_nodevice_pl|Painted Round Shield
itm_tab_shield_round_04_device|Painted Round Shield
itm_tab_shield_round_04_device_pl|Painted Round Shield
itm_tab_shield_round_04_nodevice|Painted Round Shield
itm_tab_shield_round_04_nodevice_pl|Painted Round Shield
itm_tab_shield_round_05_device|Painted Convex Shield
itm_tab_shield_round_05_device_pl|Painted Convex Shield
itm_tab_shield_round_05_nodevice|Painted Convex Shield
itm_tab_shield_round_05_nodevice_pl|Painted Convex Shield
itm_tab_shield_round_06_device|Painted Convex Shield
itm_tab_shield_round_06_device_pl|Painted Convex Shield
itm_tab_shield_round_06_nodevice|Painted Convex Shield
itm_tab_shield_round_06_nodevice_pl|Painted Convex Shield
itm_tab_shield_round_07_device|Painted Round Shield
itm_tab_shield_round_07_device_pl|Painted Round Shield
itm_tab_shield_round_07_nodevice|Painted Round Shield
itm_tab_shield_round_07_nodevice_pl|Painted Round Shield
itm_tab_shield_round_08_device|Painted Convex Shield
itm_tab_shield_round_08_device_pl|Painted Convex Shield
itm_tab_shield_round_08_nodevice|Painted Convex Shield
itm_tab_shield_round_08_nodevice_pl|Painted Convex Shield
itm_tab_shield_round_09_device|Painted Round Shield
itm_tab_shield_round_09_device_pl|Painted Round Shield
itm_tab_shield_round_09_nodevice|Painted Round Shield
itm_tab_shield_round_09_nodevice_pl|Painted Round Shield
itm_tab_shield_round_10_device|Painted Convex Shield
itm_tab_shield_round_10_device_pl|Painted Convex Shield
itm_tab_shield_round_10_nodevice|Painted Convex Shield
itm_tab_shield_round_10_nodevice_pl|Painted Convex Shield
itm_tab_shield_round_11_device|Painted Convex Shield
itm_tab_shield_round_11_device_pl|Painted Convex Shield
itm_tab_shield_round_11_nodevice|Painted Convex Shield
itm_tab_shield_round_11_nodevice_pl|Painted Convex Shield
itm_tab_shield_round_12_device|Painted Round Shield
itm_tab_shield_round_12_device_pl|Painted Round Shield
itm_tab_shield_round_12_nodevice|Painted Round Shield
itm_tab_shield_round_12_nodevice_pl|Painted Round Shield
itm_tab_shield_small_round_c|Small Round Shield
itm_tab_shield_small_round_c_pl|Small Round Shield
itm_small_roundsh1|Small Round Shield
itm_small_roundsh1_pl|Small Round Shield
itm_small_roundsh2|Small Round Shield
itm_small_roundsh2_pl|Small Round Shield
itm_small_roundsh3|Small Round Shield
itm_small_roundsh3_pl|Small Round Shield
itm_small_roundsh4|Small Round Shield
itm_small_roundsh4_pl|Small Round Shield
itm_small_roundsh5|Small Round Shield
itm_small_roundsh5_pl|Small Round Shield
itm_small_roundsh6|Small Round Shield
itm_small_roundsh6_pl|Small Round Shield
itm_h_shield1|H Shield
itm_h_shield1_pl|H Shield
itm_h_shield2|H Shield
itm_h_shield2_pl|H Shield
itm_h_shield3|H Shield
itm_h_shield3_pl|H Shield
itm_h_shield4|H Shield
itm_h_shield4_pl|H Shield
itm_h_shield5|H Shield
itm_h_shield5_pl|H Shield
itm_h_shield6|H Shield
itm_h_shield6_pl|H Shield
itm_squaresh_1|Square Shield
itm_squaresh_1_pl|Square Shield
itm_squaresh_2|Square Shield
itm_squaresh_2_pl|Square Shield
itm_squaresh_3|Square Shield
itm_squaresh_3_pl|Square Shield
itm_squaresh_4|Square Shield
itm_squaresh_4_pl|Square Shield
itm_squaresh_5|Square Shield
itm_squaresh_5_pl|Square Shield
itm_squaresh_6|Square Shield
itm_squaresh_6_pl|Square Shield
itm_darts|Simple Javelins
itm_darts_pl|Simple Javelins
itm_darts_melee|Simple Javelins
itm_darts_melee_pl|Simple Javelins
itm_javelin|Javelins
itm_javelin_pl|Javelins
itm_javelin_melee|Javelin
itm_javelin_melee_pl|Javelin
itm_javelin_skirmishes|Skirmish Javelins
itm_javelin_skirmishes_pl|Skirmish Javelins
itm_javelin_skirmishes_melee|Skirmish Javelin
itm_javelin_skirmishes_melee_pl|Skirmish Javelin
itm_javelin_skirmishesel|Heavy Javelins
itm_javelin_skirmishesel_pl|Heavy Javelins
itm_javelin_skirmishesel_melee|Heavy Javelin
itm_javelin_skirmishesel_melee_pl|Heavy Javelin
itm_javelin_jinetes|Horsemen Javelins
itm_javelin_jinetes_pl|Horsemen Javelins
itm_javelin_jinetes_melee|Horseman Javelin
itm_javelin_jinetes_melee_pl|Horseman Javelin
itm_throwing_spears|Throwing Spears
itm_throwing_spears_pl|Throwing Spears
itm_throwing_spear_melee|Throwing Spear
itm_throwing_spear_melee_pl|Throwing Spear
itm_throwing_spears2|Throwing Spears
itm_throwing_spears2_pl|Throwing Spears
itm_throwing_spear2_melee|Throwing Spear
itm_throwing_spear2_melee_pl|Throwing Spear
itm_stones|Stones
itm_stones_pl|Stones
itm_long_bow|Long Bow
itm_long_bow_pl|Long Bow
itm_long_bow2|Elite Long Bow
itm_long_bow2_pl|Elite Long Bow
itm_long_bow3|Featured Long Bow
itm_long_bow3_pl|Featured Long Bow
itm_hunting_crossbow|Pictish Crossbow
itm_hunting_crossbow_pl|Pictish Crossbow
itm_strong_bow|Dark Hunter
itm_strong_bow_pl|Dark Hunter
itm_war_bow|Eye-popping
itm_war_bow_pl|Eye-popping
itm_sling_rock1|Sling Rocks
itm_sling_rock1_pl|Sling Rocks
itm_sling_lead|Sling Lead
itm_sling_lead_pl|Sling Lead
itm_sling|Sling
itm_sling_pl|Sling
itm_sling2|Sling
itm_sling2_pl|Sling
itm_sling3|Sling
itm_sling3_pl|Sling
itm_sling_militar|Military Sling
itm_sling_militar_pl|Military Sling
itm_fustibalus1|Fustibalus
itm_fustibalus1_pl|Fustibalus
itm_fustibalus2|Fustibalus
itm_fustibalus2_pl|Fustibalus
itm_fustibalus_military|Military Fustibalus
itm_fustibalus_military_pl|Military Fustibalus
itm_torch|Torches
itm_torch_pl|Torches
itm_lyre|Lyre
itm_lyre_pl|Lyre
itm_lute|Lute
itm_lute_pl|Lute
itm_instruments_end|Instruments End
itm_instruments_end_pl|Instruments End
itm_court_dress|Court Dress
itm_court_dress_pl|Court Dress
itm_stones_siege|Siege Stones
itm_stones_siege_pl|Siege Stones
itm_trophy_a|Battle Trophy
itm_trophy_a_pl|Battle Trophy
itm_trophy_b|War Trophy
itm_trophy_b_pl|War Trophy
itm_trophy_c|Epic Trophy
itm_trophy_c_pl|Epic Trophy
itm_iniauhorn|Iniau Horn
itm_iniauhorn_pl|Iniau Horn
itm_tunic_with_green_cape|Tunic
itm_tunic_with_green_cape_pl|Tunic
itm_keys|Ring of Keys
itm_keys_pl|Ring of Keys
itm_bride_dress|Bride Dress
itm_bride_dress_pl|Bride Dress
itm_bride_crown|Crown of Flowers
itm_bride_crown_pl|Crown of Flowers
itm_bride_shoes|Bride Shoes
itm_bride_shoes_pl|Bride Shoes
itm_practice_bow_2|Long Bow
itm_practice_bow_2_pl|Long Bow
itm_practice_arrows_2|Arrows
itm_practice_arrows_2_pl|Arrows
itm_steel_bolts|Siege Stones
itm_steel_bolts_pl|Siege Stones
itm_heraldic_mail_with_tunic_b|Shirt
itm_heraldic_mail_with_tunic_b_pl|Shirt
itm_heraldic_mail_with_tabard|Shirt
itm_heraldic_mail_with_tabard_pl|Shirt
itm_thors_helmet|Thor's Helmet
itm_thors_helmet_pl|Thor's Helmet
itm_thors_armor|Thor's Armor
itm_thors_armor_pl|Thor's Armor
itm_thors_boots|Thor's Boots
itm_thors_boots_pl|Thor's Boots
itm_thors_hammer|Thor's Hammer
itm_thors_hammer_pl|Thor's Hammer
itm_deadly_bow|Deadly Bow
itm_deadly_bow_pl|Deadly Bow
itm_deadly_arrows|Deadly Arrows
itm_deadly_arrows_pl|Deadly Arrows
itm_honey|Honey
itm_honey_pl|Honey
itm_raw_leather|Hides
itm_raw_leather_pl|Hides
itm_furs|Furs
itm_furs_pl|Furs
itm_wool_cloth|Wool Cloth
itm_wool_cloth_pl|Wool Cloth
itm_oil|Oil
itm_oil_pl|Oil
itm_velvet|Velvet
itm_velvet_pl|Velvet
itm_work_axe|Axe
itm_work_axe_pl|Axe
itm_work_pickaxe|Pickaxe
itm_work_pickaxe_pl|Pickaxe
itm_work_pitchfork|Pitchfork
itm_work_pitchfork_pl|Pitchfork
itm_work_basket|Basket
itm_work_basket_pl|Basket
itm_torch2|Torch
itm_torch2_pl|Torch
itm_animal_boar|Boar
itm_animal_boar_pl|Boar
itm_animal_pig|Pig
itm_animal_pig_pl|Pig
itm_animal_piglet|Piglet
itm_animal_piglet_pl|Piglet
itm_animal_sheep|Sheep
itm_animal_sheep_pl|Sheep
itm_animal_sheep_b|Sheep
itm_animal_sheep_b_pl|Sheep
itm_animal_dog|Dog
itm_animal_dog_pl|Dog
itm_dog_companion_horse|Dog
itm_dog_companion_horse_pl|Dog
itm_magic_broom|Strange broom
itm_magic_broom_pl|Strange broom
itm_stones_mp|Stones
itm_stones_mp_pl|Stones
itm_invisible_armor|Kejserens nye Klaeder
itm_invisible_armor_pl|Kejserens nye Klaeder
itm_dog_bite|Bite
itm_dog_bite_pl|Bite
itm_addon_mail4|Bear Byrnie
itm_addon_mail4_pl|Bear Byrnie
itm_addon_mail5|Wolf Byrnie
itm_addon_mail5_pl|Wolf Byrnie
itm_addon_mail6|Bear Lorica
itm_addon_mail6_pl|Bear Lorica
itm_addon_mail7|Wolf Lorica
itm_addon_mail7_pl|Wolf Lorica
itm_lamellar_armor2|Scale Lorica
itm_lamellar_armor2_pl|Scale Lorica
itm_trophy_norse|Norse Konungr Trophy
itm_trophy_norse_pl|Norse Konungr Trophy
itm_trophy_cymry|Vrenhin Lloegr Trophy
itm_trophy_cymry_pl|Vrenhin Lloegr Trophy
itm_trophy_irish|Ard Ruire Trophy
itm_trophy_irish_pl|Ard Ruire Trophy
itm_trophy_saxon|Brytenwalda Trophy
itm_trophy_saxon_pl|Brytenwalda Trophy
itm_bonus_tunic_1|Emissary Tunic
itm_bonus_tunic_1_pl|Emissary Tunic
itm_bonus_tunic_2|Ealdorman Tunic
itm_bonus_tunic_2_pl|Ealdorman Tunic
itm_bonus_tunic_3|Trader Tunic
itm_bonus_tunic_3_pl|Trader Tunic
itm_bonus_dress_1|Fine Pictish Dress
itm_bonus_dress_1_pl|Fine Pictish Dress
itm_bonus_dress_2|Royal Saxon Dress
itm_bonus_dress_2_pl|Royal Saxon Dress
itm_bonus_dress_3|Noble Norse Dress
itm_bonus_dress_3_pl|Noble Norse Dress
itm_thors_javelins|Thor's Javelins
itm_thors_javelins_pl|Thor's Javelins
itm_decap_head|No head
itm_decap_head_pl|No head
itm_work_axe_mp|Axe
itm_work_axe_mp_pl|Axe
itm_pickaxe_mp|Pickaxe
itm_pickaxe_mp_pl|Pickaxe
itm_items_end|Items End
itm_items_end_pl|Items End
itm_noswing_club_troll|Troll's Axe
itm_noswing_club_troll_pl|Troll's Axe
itm_noswing_knife|Hunting Knife
itm_noswing_knife_pl|Hunting Knife
itm_noswing_knife2|Hunting Knife
itm_noswing_knife2_pl|Hunting Knife
itm_noswing_knife3|Hunting Knife
itm_noswing_knife3_pl|Hunting Knife
itm_noswing_knife4|Hunting Knife
itm_noswing_knife4_pl|Hunting Knife
itm_noswing_knife5|Hunting Knife
itm_noswing_knife5_pl|Hunting Knife
itm_noswing_longseax1|Broadseax
itm_noswing_longseax1_pl|Broadseax
itm_noswing_longseax2|Broadseax
itm_noswing_longseax2_pl|Broadseax
itm_noswing_longseax3|Broadseax
itm_noswing_longseax3_pl|Broadseax
itm_noswing_longseax4|Broadseax
itm_noswing_longseax4_pl|Broadseax
itm_noswing_longseax5|Broadseax
itm_noswing_longseax5_pl|Broadseax
itm_noswing_longseax6|Langseax
itm_noswing_longseax6_pl|Langseax
itm_noswing_longseax7|Langseax
itm_noswing_longseax7_pl|Langseax
itm_noswing_longseax8|Langseax
itm_noswing_longseax8_pl|Langseax
itm_noswing_longseax9|Langseax
itm_noswing_longseax9_pl|Langseax
itm_noswing_longseax10|Langseax
itm_noswing_longseax10_pl|Langseax
itm_noswing_seax_1|Seax
itm_noswing_seax_1_pl|Seax
itm_noswing_seax_2|Seax
itm_noswing_seax_2_pl|Seax
itm_noswing_seax_3|Seax
itm_noswing_seax_3_pl|Seax
itm_noswing_seax_4|Seax
itm_noswing_seax_4_pl|Seax
itm_noswing_seax_5|Seax
itm_noswing_seax_5_pl|Seax
itm_noswing_ragnar_seax|Ragnar's Langseax
itm_noswing_ragnar_seax_pl|Ragnar's Langseax
itm_noswing_elf_seax|Elf's Langseax
itm_noswing_elf_seax_pl|Elf's Langseax
itm_noswing_spatha|Sword
itm_noswing_spatha_pl|Sword
itm_noswing_spatha_2|Sword
itm_noswing_spatha_2_pl|Sword
itm_noswing_spatha_3|Sword
itm_noswing_spatha_3_pl|Sword
itm_noswing_spatha_4|Sword
itm_noswing_spatha_4_pl|Sword
itm_noswing_spatha_5|Sword
itm_noswing_spatha_5_pl|Sword
itm_noswing_spatha_6|Sword
itm_noswing_spatha_6_pl|Sword
itm_noswing_spatha_7|Sword
itm_noswing_spatha_7_pl|Sword
itm_noswing_spatha_8|Sword
itm_noswing_spatha_8_pl|Sword
itm_noswing_sword|Sword
itm_noswing_sword_pl|Sword
itm_noswing_sword_2|Sword
itm_noswing_sword_2_pl|Sword
itm_noswing_sword_3|Sword
itm_noswing_sword_3_pl|Sword
itm_noswing_sword_4|Sword
itm_noswing_sword_4_pl|Sword
itm_noswing_sword_5|Short Sword
itm_noswing_sword_5_pl|Short Sword
itm_noswing_sword_6|Short Sword
itm_noswing_sword_6_pl|Short Sword
itm_noswing_sword_7|Short Sword
itm_noswing_sword_7_pl|Short Sword
itm_noswing_sword_8|Short Sword
itm_noswing_sword_8_pl|Short Sword
itm_noswing_new_sword1|Short Sword
itm_noswing_new_sword1_pl|Short Sword
itm_noswing_new_sword2|Short Sword
itm_noswing_new_sword2_pl|Short Sword
itm_noswing_new_sword3|Short Sword
itm_noswing_new_sword3_pl|Short Sword
itm_noswing_new_sword4|Short Sword
itm_noswing_new_sword4_pl|Short Sword
itm_noswing_new_sword5|Short Sword
itm_noswing_new_sword5_pl|Short Sword
itm_noswing_new_sword6|Short Sword
itm_noswing_new_sword6_pl|Short Sword
itm_noswing_noble_sword|Rich Sword
itm_noswing_noble_sword_pl|Rich Sword
itm_noswing_noble_sword_2|Ulfberth Sword
itm_noswing_noble_sword_2_pl|Ulfberth Sword
itm_noswing_noble_sword_3|False Ulfberth Sword
itm_noswing_noble_sword_3_pl|False Ulfberth Sword
itm_noswing_noble_sword_4|Rich Sword
itm_noswing_noble_sword_4_pl|Rich Sword
itm_noswing_noble_sword_5|Ulfberth Sword
itm_noswing_noble_sword_5_pl|Ulfberth Sword
itm_noswing_noble_sword_6|False Ulfberth Sword
itm_noswing_noble_sword_6_pl|False Ulfberth Sword
itm_noswing_old_swordv|Briton Sword
itm_noswing_old_swordv_pl|Briton Sword
itm_noswing_old_swordv2|Briton Sword
itm_noswing_old_swordv2_pl|Briton Sword
itm_noswing_old_swordv3|Briton Sword
itm_noswing_old_swordv3_pl|Briton Sword
itm_noswing_old_swordv4|Briton Sword
itm_noswing_old_swordv4_pl|Briton Sword
itm_noswing_old_swordv5|Briton Sword
itm_noswing_old_swordv5_pl|Briton Sword
itm_noswing_old_swordv6|Briton Sword
itm_noswing_old_swordv6_pl|Briton Sword
itm_noswing_old_swordv7|Briton Sword
itm_noswing_old_swordv7_pl|Briton Sword
itm_noswing_noble_sword_7|Rich Briton Sword
itm_noswing_noble_sword_7_pl|Rich Briton Sword
itm_noswing_noble_sword_8|Rich Briton Sword
itm_noswing_noble_sword_8_pl|Rich Briton Sword
itm_noswing_noble_sword_9|Rich Briton Sword
itm_noswing_noble_sword_9_pl|Rich Briton Sword
itm_noswing_noble_sword_10|Rich Briton Sword
itm_noswing_noble_sword_10_pl|Rich Briton Sword
itm_noswing_noble_sword_11|Rich Briton Sword
itm_noswing_noble_sword_11_pl|Rich Briton Sword
itm_noswing_noble_sword_12|Rich Briton Sword
itm_noswing_noble_sword_12_pl|Rich Briton Sword
itm_noswing_noble_sword_13|Rich Briton Sword
itm_noswing_noble_sword_13_pl|Rich Briton Sword
itm_noswing_noble_swordv|False Ulfberth Sword
itm_noswing_noble_swordv_pl|False Ulfberth Sword
itm_noswing_noble_swordv3|False Ulfberth Sword
itm_noswing_noble_swordv3_pl|False Ulfberth Sword
itm_noswing_noble_swordv4|Ulfberth Sword
itm_noswing_noble_swordv4_pl|Ulfberth Sword
itm_noswing_noble_swordv5|Sword
itm_noswing_noble_swordv5_pl|Sword
itm_noswing_noble_swordv6|Sword
itm_noswing_noble_swordv6_pl|Sword
itm_noswing_noble_swordv7|Rich Sword
itm_noswing_noble_swordv7_pl|Rich Sword
itm_noswing_irish_long_sword1|Goidelic Noble Long Sword
itm_noswing_irish_long_sword1_pl|Goidelic Noble Long Sword
itm_noswing_irish_long_sword2|Goidelic Noble Long Sword
itm_noswing_irish_long_sword2_pl|Goidelic Noble Long Sword
itm_noswing_irish_long_sword3|Goidelic Long Sword
itm_noswing_irish_long_sword3_pl|Goidelic Long Sword
itm_noswing_irish_long_sword4|Goidelic Long Sword
itm_noswing_irish_long_sword4_pl|Goidelic Long Sword
itm_noswing_irish_long_sword5|Goidelic Long Sword
itm_noswing_irish_long_sword5_pl|Goidelic Long Sword
itm_noswing_irish_long_sword6|Goidelic Long Sword
itm_noswing_irish_long_sword6_pl|Goidelic Long Sword
itm_noswing_irish_long_sword7|Goidelic Long Sword
itm_noswing_irish_long_sword7_pl|Goidelic Long Sword
itm_noswing_irish_long_sword8|Goidelic Long Sword
itm_noswing_irish_long_sword8_pl|Goidelic Long Sword
itm_noswing_irish_short_sword1|Goidelic Short Sword
itm_noswing_irish_short_sword1_pl|Goidelic Short Sword
itm_noswing_irish_short_sword2|Goidelic Short Sword
itm_noswing_irish_short_sword2_pl|Goidelic Short Sword
itm_noswing_irish_short_sword3|Goidelic Short Sword
itm_noswing_irish_short_sword3_pl|Goidelic Short Sword
itm_noswing_championsword1|Goidelic Champion Sword
itm_noswing_championsword1_pl|Goidelic Champion Sword
itm_noswing_championsword2|Goidelic Champion Sword
itm_noswing_championsword2_pl|Goidelic Champion Sword
itm_noswing_widow_maker|Widow Maker
itm_noswing_widow_maker_pl|Widow Maker
itm_noswing_suttonhoosword2|Bandit King Sword
itm_noswing_suttonhoosword2_pl|Bandit King Sword
itm_noswing_siren_song|Laufi
itm_noswing_siren_song_pl|Laufi
itm_noswing_sword_of_war|Olvir's Sword
itm_noswing_sword_of_war_pl|Olvir's Sword
itm_noswing_sword_premium1|Nad
itm_noswing_sword_premium1_pl|Nad
itm_noswing_sword_premium2|Draguandil
itm_noswing_sword_premium2_pl|Draguandil
itm_noswing_sword_premium3|Blynjubitr
itm_noswing_sword_premium3_pl|Blynjubitr
itm_noswing_one_handed_war_axe_a|Short Battle Axe
itm_noswing_one_handed_war_axe_a_pl|Short Battle Axe
itm_noswing_one_handed_war_axe_b|Short Battle Axe
itm_noswing_one_handed_war_axe_b_pl|Short Battle Axe
itm_noswing_one_handed_war_axe_c|Short Battle Axe
itm_noswing_one_handed_war_axe_c_pl|Short Battle Axe
itm_noswing_one_handed_war_axe_d|Short Battle Axe
itm_noswing_one_handed_war_axe_d_pl|Short Battle Axe
itm_noswing_one_handed_war_axe_e|Long Battle Axe
itm_noswing_one_handed_war_axe_e_pl|Long Battle Axe
itm_noswing_one_handed_war_axe_f|Long Battle Axe
itm_noswing_one_handed_war_axe_f_pl|Long Battle Axe
itm_noswing_frankish_axe|Frankish Battle Axe
itm_noswing_frankish_axe_pl|Frankish Battle Axe
itm_noswing_staff|Staff
itm_noswing_staff_pl|Staff
itm_noswing_quarter_staff|Short Staff
itm_noswing_quarter_staff_pl|Short Staff
itm_noswing_pitch_fork|Pitch Fork
itm_noswing_pitch_fork_pl|Pitch Fork
itm_noswing_battle_fork|Shepherd's Crook
itm_noswing_battle_fork_pl|Shepherd's Crook
itm_noswing_light_spear1|Light Spear
itm_noswing_light_spear1_pl|Light Spear
itm_noswing_light_spear2|Light Spear
itm_noswing_light_spear2_pl|Light Spear
itm_noswing_light_spear3|Light Spear
itm_noswing_light_spear3_pl|Light Spear
itm_noswing_light_spear4|Light Spear
itm_noswing_light_spear4_pl|Light Spear
itm_noswing_war_spear1|War Spear
itm_noswing_war_spear1_pl|War Spear
itm_noswing_war_spear2|War Spear
itm_noswing_war_spear2_pl|War Spear
itm_noswing_war_spear3|War Spear
itm_noswing_war_spear3_pl|War Spear
itm_noswing_heavy_spear1|Heavy Spear
itm_noswing_heavy_spear1_pl|Heavy Spear
itm_noswing_heavy_spear2|Heavy Spear
itm_noswing_heavy_spear2_pl|Heavy Spear
itm_noswing_heavy_spear3|Heavy Spear
itm_noswing_heavy_spear3_pl|Heavy Spear
itm_noswing_long_light_spear1|Light Long Spear
itm_noswing_long_light_spear1_pl|Light Long Spear
itm_noswing_long_light_spear2|Light Long Spear
itm_noswing_long_light_spear2_pl|Light Long Spear
itm_noswing_long_war_spear1|Long War Spear
itm_noswing_long_war_spear1_pl|Long War Spear
itm_noswing_long_war_spear2|Long War Spear
itm_noswing_long_war_spear2_pl|Long War Spear
itm_noswing_long_heavy_spear1|Heavy Long Spear
itm_noswing_long_heavy_spear1_pl|Heavy Long Spear
itm_noswing_long_heavy_spear2|Heavy Long Spear
itm_noswing_long_heavy_spear2_pl|Heavy Long Spear
itm_noswing_new_mace|Ray
itm_noswing_new_mace_pl|Ray
itm_noswing_premium_spear1|Gungnir
itm_noswing_premium_spear1_pl|Gungnir
itm_noswing_standard|Army Standard
itm_noswing_standard_pl|Army Standard
itm_noswing_standard_dragon|Dragon Standard
itm_noswing_standard_dragon_pl|Dragon Standard
itm_noswing_darts_melee|Simple Javelins
itm_noswing_darts_melee_pl|Simple Javelins
itm_noswing_javelin_melee|Javelin
itm_noswing_javelin_melee_pl|Javelin
itm_noswing_javelin_skirmishes_melee|Skirmish Javelin
itm_noswing_javelin_skirmishes_melee_pl|Skirmish Javelin
itm_noswing_javelin_skirmishesel_melee|Heavy Javelin
itm_noswing_javelin_skirmishesel_melee_pl|Heavy Javelin
itm_noswing_javelin_jinetes_melee|Horseman Javelin
itm_noswing_javelin_jinetes_melee_pl|Horseman Javelin
itm_noswing_throwing_spear_melee|Throwing Spear
itm_noswing_throwing_spear_melee_pl|Throwing Spear
itm_noswing_throwing_spear2_melee|Throwing Spear
itm_noswing_throwing_spear2_melee_pl|Throwing Spear
itm_noswing_torch|Torches
itm_noswing_torch_pl|Torches
itm_noswing_work_pitchfork|Pitchfork
itm_noswing_work_pitchfork_pl|Pitchfork
itm_noswing_dog_bite|Bite
itm_noswing_dog_bite_pl|Bite
