ip_armies_size|Armeegröße
ip_armies_size_text|Die Größe eurer Armee, genau wie die anderer Fürsten, hängt von verschiedenen Faktoren ab:^^Anführerschaft: jeder investierte Punkt erweitert die maximale Größe eurer Armee um 5. Begleiter mit Anführerschaft helfen euch ebenfalls, eure Truppe zu vergrößern.^^Charisma: jeder investierte Punkt eures Charisma erweitert eure maximale Armeegröße um 1. Dies ist eure Fähigkeit, Menschen für eure Ziele zu begeistern.^^Ruhm: alle 9 Punkte steigt die maximale Größe eurer Armee um 1. Ruhm zieht Menschen an.^^Grundbesitz: jede Stadt fügt 80. und jede Festung 40 Männer zu der maximalen Größe eurer Armee hinzu. Diese Einheiten repräsentieren die Einheiten, die durch Einzug kekrutiert werden.^^Denkt daran, dass auf See nur so viele Truppen mitgenommen werden können, wie Platz auf dem Schiff ist. Überzählige Männer können als Garnison eurer Besitzungen oder zum Schutz der Zuflucht (sofern gebaut) stationiert werden.
ip_morale|Moral
ip_morale_text|Moral repräsentiert die Fähigkeit und Bereitschaft der Truppen einer Gruppe die Ausdauer, den Mut und die Disziplin aufzubringen um die Strapazen von Kampf und Marsch zu überstehen. Es ist nicht dasselbe wie die Stimmung des Trupps. Elitetruppen mögen grummeln und nörgeln, doch sie stehen Schulter an Schulter wenn die Pfeile fliegen. Andererseits sieht ein Anführer, der seinen Männern alles gibt was sie wollen, sie vor der gegnerischen Attacke zittern.^^Die größte Bedeutung der Moral ist für das Verhalten auf dem Schlachtfeld, den Kampfeswille der Männer die gegnerischen Reihen zu durchbrechen und sich an ihr physisches und psychisches Limit zu bringen. Moral hat auch einen Einfluss auf das Marschtempo. So wird eine weniger motivierte Gruppe langsamer vorankommen und mehr Pausen benötigen als kampfhungrig den Feind zu erwarten. Letzlich werden in einer Armee mit sehr niedriger Moral Kämpfer desertieren.^^Einige Faktoren die die Moral beeinflussen sind intuitiv. Zum Beispiel kann ein charismatischer Anführer, der dafür bekannt ist Schlachten zu gewinnen seinen Truppen ein gewisses Selbstbewusstsein beschaffen. Anführer die ihren Einheiten einge gute Menge ausgewogenen Essens bieten, sich Zeit für sie nehmen, zeigen, dass sie sich um das Wohlbefinden ihrer Truppen kümmern und sie wahrscheinlich nicht in einem Gemetzel sterben lassen.^^Andere Faktoren sind weniger intuitiv -- spezifisch solche, die auf dem Gruppenzusammenhalt aufbauen. In einer kleinen, fest verstrickten Gruppe, zum Beispiel, werden die Männer auch in entmutigenden Situationen hart kämpfen, um vor ihren Waffenbrüdern nicht als feige angesehen zu werden. In einer großen Armee werden die Männer ihren Zusammenhalt gefährdet sehen, da ihr Anführer sich nicht um die Belange und sorgen des Einzelnen kümmert und ihre Streitigkeiten nicht löst. Häufige Schlachten werden die Bande zwischen euren Männern stärken, während sie bei langen Wartezeiten und Belagerungen dazu neigen sich zu langewilen und zänkisch zu werden.^^Der Moralbericht, einsehbar nach drücken des  'Gruppen Info' Button in der Charakterübersicht, berichtet über alle Faktoren, die eure Moral betreffen.
ip_economy|Wirtschaft
ip_economy_text|Städte und Dörfer des Nordens benötigen ein breits Angebot an Waren um die Gesundheit und Produktivität  ihrer Bewohner zu sichern. Am Wichtigsten ist Nahrung. Getreide ist die Hauptnahrung, doch die Menschen brauchen auch Fett  und Proteine von Fleisch, Fisch und Käse. Lebensmittel haltbar zu machen braucht mindestens so viel Aufwand, wie sie herzustellen. Deshalb ist Salz auch von großer Bedeutung. Nach der Nahrung kommt Kleidung: Schwere Wolle und leichtes Leinen oder teurer Samt. Zuletzt brauchen die Menschen Rohstoffe für ihr Gewerbe: Eisenerz, Ton, Leder und natürlich Waffen und Rüstungen sowie Pferde für den Krieg.^^Die meisten landwirtschaftlichen Produkte werden in Dörfern hergestellt, während die Handwerker der Städte verkaufsfertige Produkte wie Tuch oder verarbeitete Rohstoffe wie Eisenbarren. Verschiedene Arten von Ressourcen werden auch in verschiedenen Teilen des Landes gefunden. Auf jeden Fall ist der Schlüssel zu Wohlstand und Reichtum Handel -- zwischen den Dörfern und Städten sowie zwischen den großen Städten selbst.^^Wenn der Handel floriert werden mehr Güter verfügbar sein, die Bevölkerung wird tatkräftig und gesund sein und Wanderarbeiter werden aus den anderen Regionen heranströmen. Die Siedlung wird mehr produzieren, mehr verbrauchen und auch mehr Steuern an den Fürsten zahlen. Sollte der Handel versiegen, verlassen Arbeiter die Städte und Dörfer scharenweise um anderswo Arbeit zu finden, was zu einem ökonomischen Stillstand führt. Somit ist es im eigenen Interesse des Herrschers die Handelsruten von Banditen und Wegelagerern sauber zu halten. Ein geschickter Händler sucht vielleicht Städte auf, die durch einen Krieg isoliert sind und für Nachschub gut zahlen würden.^^Weil Dörfler normalerweise ihre Waren im nächsten Stadtmarkt verkaufen, wird der Handel in Dörfern eine ruhige Angelegenheit. Große Händler werden, um Profit zu machen, den Handel in Städten suchen, doch manche Gruppen werden in Dörfern rasten um ein paar Lebensmittel zu erwerben.^^Ein Spieler der über den Wohlstand einer Region erfahren möchte kann mit einem Dorfvorsteher oder Bürgermeister sprechen. Andere Informationen können von Reisenden erfragt werden, wobei sie nicht sehr viel außerhalb ihres Interessenbereiches wissen werden.
ip_courtship|Brautwerbung
ip_courtship_text|Vielleicht wünscht Ihr in eine der nordischen Adelsfamilien ein zu heiraten. Eine Heirat ist jedoch nicht erforderlich um Euer Ansehen zu steigern, obgleich verleiht es Euch die Möglichkeit Eure Beziehung zu den Lords zu verbessern und verschafft Euch einen Anspruch auf den Thron.^^Die Voraussetzungen für eine Ehe unterscheiden sich für Männer und Frauen. Ein männlicher Charakter muss sich an denn traditionellen Weg der Brautwerbung halten. Er sollte einen guten Ruf in der aristokratischen Gesellschaft haben und in einer gute Beziehung zu den Eltern der Braut oder ihren Wachen stehen. Zu guter Letzt muss er die Braut in Übereinstimmung mit den örtlichen Gepflogenheiten umwerben. Sollte sich ein Spieler nicht in Geduld üben - bevorzugt er möglicherweise den kurzen Weg, jedoch wird dies Auswirkung auf seine Beziehung zu den anderen Lords nach sich ziehen.^^ Ein männlicher Charakter sollte stehst daran denken, dass er sich in einem Wettstreit mit den anderen Edlen um die Gunst der Frauen im Königreich befindet. Außerdem ist unvorhersehbar ob eine Dame einem Mann abgeneigt ist, so dass der Mann einsehen muss, dass das Objekt seiner Liebe dieselbe nicht erwiedert. Romantik funktioniert, in den Nordischen Reichen wie anderswo, nicht immer. Natürlich stehen einem Mann noch andere, weniger ehrenhafte Wege offen, seine Ziele zu erreichen, doch wirft auch das einen gewissen Schatten auf seinen Leumund.^^Um auf dem Weg der Brautwerbung zu gelangen sollte ein männlicher Spieler mittels Turnieren und Gelagen versuchen, in das höfische Leben involviert zu werden. Wandernde Skalden und Dichter können als Quelle für nützliche Informationen den neuesten Klatsch am Hofe dienen.^^Weibliche Charaktere können natürlich auch heiraten, doch sie sollten beachten, dass diese Gesellschaft der traditionell eingestellt und ein solcher Pfad sehr unkomventionell für eine Frau ist. Ein weiblicher Spieler muss vielleicht etwas suchen, bis er einen Fürsten finden, der aufgeschlossen genug ist ihn zu heiraten.^^Angenehmerweise muss ein weiblicher Charakter nicht seinen Weg durch die umständlichen und komplizierten Rituale der Brautwerbung finden. Für einen weiblichen Abenteurer kann dies ein einfacher und kurzer Weg zur Macht sein. Ein skrupelloser Charakter nutzt seine Ehe gar als Werkzeug für seine Intrigen am Hof.
ip_politics|Politik
ip_politics_text|Die nördlichen Reiche, auch wenn sie unterschiedliche Kulturen beheimaten, teilen alle ein gemeinsames politisches System, das dem Feudalsystem vorausging. An der Spitze der germanischen Hirachie stand der König, gewählt von einem Rat von Edelmännern des königliches Hauses. Alles Land des Reiches gehörte dem König, der es an die Edlen und verdiente Krieger verteilte. Dieses Land wurde ihnen nicht geschenkt. Im Falle des Todes, egal ob König oder Lehensmann, musste das Land zurück an den Herrscher des Reiches gegeben werden. Der Adel verwaltete die Provinzen im Namen des Königs mit Verantwortung für Rechtsprechung und Organisation und die Wehrpflichtigen auf das Schlachtfeld zu bringen. Zu diesem Zweck teilten sie Ihr Land in kleinere Grundstücke, verteilten es an die Freien, die das Rückgrat der ländlichen Gesellschaft des Königreiches formten. Diese Bauern und Landbesitzer zahlten Pacht an ihren Grundherren und hatten vielerlei Pflichten ihm gegenüber zu erfüllen, wie Befestigungen zu bauen und an bestimmten Tagen der Erntezeit zu arbeiten.^^Dieses System der Beziehungen wurde ebenso unter den Adeligen, die Hierachien der Huldigung und politischen Unterstützung etablierten. Die erstarkenden Klöster waren kirchliche Einrichtungen mit ihrem eigenen Land und Untergebenen.^^Ein unverwechselbares Merkmal der keltischen Gesellschaft (Gälisch, Walisisch, und Piktisch) war die Wichtigkeit der gemeinsamen Abstammung, der Klan. Eine große Gruppe von verwandten Menschen, angeblich abstammend von einem gemeinsamen Ahnen.^^Wenn ein nordisches Reich Krieg gegen ein anderes führt, ist die politische Einigkeit genauso wichtig wie die Qualität und Anzahl der Soldaten. In einem einigen Königreich werden die Adeligen sich unereinander verbünden und als ein großes Heer über ihre Feinde herfallen. In einem instabilen und uneinigen Königreich werden die Adeligen nicht auf die Hilferufe des Anderen hören und sich dem Marschall nicht zur Verteidigung des Reiches anschließen und sich um ihre eigenen Angelegenheiten kümmern. Die politische Einheit einer Fraktion wird den Krieg ebenso beeinflussen. In einer politisch uneinen werden die Fürsten ebenso wenig für einander eintreten wie in einem instabilen Reich.^^Wenn es scheint, als würden die Fürsten zänkisch und egoistisch sein macht euch gewahr, dass die letzt Pflicht eines Mannes immer sich selbst und seiner Familie gilt. Füchtet ein Adeliger den Zusammenbruch seines Reiches oder fühlt sich vernachlässigt, wird er immer Gründe finden seinen Lehenseid zu wiederrufen und die Seiten zu wechseln. Spieler sollten immer bewusst sein, dass ein Feind morgen ein Verbündeter sein kann.
ip_character_backgrounds|Charakterhintergrund
ip_character_backgrounds_text|Der Spieler kann aus einer Anzahl von Charakterhintergründen auswählen, die nicht nur seinen Anfangsfähigkeiten und sein Inventar, sondern auch seine Chancen als Abenteurer beeinflussen.^^Krieg und Politik wird normalerweise von männlichen Adeligen dominiert. Ein männlicher Charakter kann recht schnell in diese Gesellschaft eingeladen werden, doch Frauen und Bürgerliche müssen einige zusätzliche Hürden auf ihrem Weg nehmen. Wenn mit einem männlichen Adeligen das Spiel beginnt entspricht das einem 'leichten Schwierigkeitsgrad'. Als weibliche Adelige zu beginnen ist da schon schwieriger, und ein Spiel als bürgerliche Frau ist wahrscheinlich am Schwersten.^^Natürlich haben Frauen auch einige Vorteile. Bei der Auswahl der Rüstungen und Kleidungsstücke wird die Frau mehr wert auf ihr äußeres legen und merken, dass sie ihren Ruf schneller steigert als ein Mann. Es ist auch einfacher für eine Frau in der Leiter der Gesellschaf nach oben zu heiraten.^^Denkt daran, egal welchen Hintergrund ihr gewählt habt, ob ihr Mann oder Frau seid, jeder kann im Spiel das gleiche erreichen, es gibt keine Beschränkung.
ip_military_campaigns|Militärfeldzüge
ip_military_campaigns_text|Wenn die nördlichen Königreiche in den Krieg ziehen, haben sie zwei Basismöglichkeiten für die Offensive. Sie können versuchen, Dörfer und Bauern anzugreifen und so Zerstörung über  die Wirtschaft und das Prestige ihrer Feinde zu schädigen. Oder sie können Burgen an sich reißen, das feindliche Teritorium erobern. Die zweite Möglichkeit bringt meistens lange, blutige Belagerungen mit sich, doch letztlich ist sie sehr effektiv.^^Es wichtig zu wissen, dass in den nördlichen Reichen kein stehendes Heer gehalten wird, dass so lange auf dem Feld bleibt, wie sein Herr es wünscht. Viel mehr sind die Reiche durch Adelige, ihre Gefährten und die Lehenstruppen, die sie ausheben, verteidigt. Gelegentlich führen die Adeligen eigene Angriffe in feindlichem Gebiet, doch die größte Wirkung wird erziehlt, wenn der ein Anführer die Armeen sammelt und anführt. Der Marschall des Königreiches, ein vom König ausgewählter Adeliger, hat diese Aufgabe. Er sollte aufpassen, sie nicht zu lange im Feld zu halten. Sonst werden sich die Truppführer wieder ihren eigenen Dingen zuwenden, die Armee wird zerfallen und somit für eine Konterattacke anfällig.^^Aus diesem Grund ähnelt der Rhytmus der Kriege oftmals dem Duell zweier Individuen. Eine Seite wird ihre Kräfte massieren und versuchen einen Schlag gegen das Feindliche Land zu führen. Sollte der Marschall zu wenig Zeit darauf verwenden, die Vasallen zu versammeln, ist er vielleicht nicht in der Lage einen entscheidenden Schaden anzurichten. Zögert er zu lange, ist der Angriff möglicherweise vorbei, bevor er richtig begonnen hat. Ein großes Reich hat einen Vorteil Kleinen genenüber, etwa wie ein starker, muskulöser Krieger einem Schmächtigen gegenüber. Doch politische Macht spielt auch eine Rolle, etwa wie wenn jener schmächtige Krieger über große Ausdauer verfügen würde. Manchmal treffen sich die versammelten Armeen zweier Reiche und es kommt zu einer großen, entscheidenden Schlacht in welcher beides, Moral und Anzahl der Truppen, den Ausgang entscheidet.^^Die Königreiche haben nur unvollständige Informationen über ihre Feinde. Im Krieg befindliche Fürsten müssen Späher ins Feindesland entsenden um festzustellen, welche Festungen verwundbar sind. Ein verteidigendes Reich profitiert von den Informaionen die Städte, Dörfer und Burgen von belagernden und vorbeiziehenden Armeen senden. Diese Informationen sind allerdings ungenau, besonders wenn es um genaue Zahlen geht. Eine verteidigende Streitmacht kann einen unvorbereiteten Gegner überwältigen - oder sie verschätzt sich, und wird selbst überwältigt. Angreifer müssen umsichtig einschätzen, wie weit sie sich in das feindliche Teritorium hineinwagen können, wobei aggresivere Anführer sich weiter wagen als vorsichtige.^^Es wird vom Spieler erwartet, sich der Armee seiner Fraktion anzuschließen, entweder indem er den Marschall begleitet, oder die Feinde ausspäht. Manchmal ist ein Spieler mit der Führung seines Marschalls nicht einverstanden, und kann dann versuchen, mit anderen, ebenfalls unzufriedenen Fürsten, mithilfe einer Intrige dafür zu sorgen, dass er selbst oder ein Anderer Marschall wird.^^Die meisten Kriege haben eine begrenzte Dauer. Ein König im Krieg wird sich verpflichtet fühlen, den Verlauf einige Zeit zu verfolgen, der Ehre wegen, doch sobald er den Feind erfolgreich bekämpft wird er versuchen Frieden zu schließen, um nicht von einer dritten Partei angreifbar zu sein. Die Herrscher der nördlichen Lande sind sich immer gewiss, dass ein Freund morgen ein Feind sein kann...
ip_siege_warfare|Belagerungen
ip_siege_warfare_text|Viking Conquest bietet Belagerungen wie sie im frühen Mittelalter waren. Wenn der Spieler eine Ansiedlung belagert, so gibt es zwei Wege wie der Ort erobert werden kann: mit Entkräftung (Hunger, Krankheiten ...) oder mit einem Angriff.^^Bei Ersterem ist das Ziel die Ansiedlung zu blockieren, um sie so von jeglichen Hilfsgütern und Verstärkungen abzuschneiden. Zur selben Zeit kann durch verschiedene Aktionen die Moral geschwächt werden, indem man Krankheiten verbreitet, oder die Nahrungsvorräte der Siedlung zerstört. Dieser Weg dauert länger, senkt aber auch die Zahl an eigenen Verlusten.^^Bei Letzterem wird eine direktere Methode bevorzugt. Das bauen von Belagerungsgeräten, oder vorbereitende Aktionen, wie das Zermürben der Verteidiger, oder Niederbrennen der Häuser und Wälle, sind hierbei von Vorteil. Diese Option sollte verwendet werden bis der Spieler sich in der Lage sieht einen vollen Angriff zu starten, um die Siedlung einzunehmen. Dies führt zwar schneller zum Sieg, kostet jedoch meist mehr Truppen.^^Wenn die Siedlung zusätzlich noch einen Hafen hat, so ist es möglich auch einen Angriff von der See zu starten.^^Die Komplexität und Besonderheiten des neuen Belagerungssystems ist zu vielfältig um sie hier in Einzelheiten darzulegen. Am besten Sie entdecken und entwickeln Ihre eigenen Strategien im Feld.
ip_sea_travel|Seefahrt
ip_sea_travel_text|Fähren transportieren euch zwischen zwei Stationen hin und her. Solange eure Gruppe klein ist, ist es eine recht günstige Methode weite Strecken zurückzulegen, doch es wird teurer, je größer die Mannschaft ist.^^Um längere Strecken auf See zurückzulegen kan man von Hafen zu Hafen segeln. Ihr könnt das vom Stadt-Menü aus zun, oder in dem ihr mit dem Hafenmeister einer Stadt sprecht. Ähnlich wie Fähren wird dieser Dienst teurer, je größer eure Gruppe ist.^^Sobald ihr euer eigenes Schiff habt könnt ihr die Segel von dem Hafen wo es liegt aus setzen. Ihr werdet zur Karte zurückkehren, doch diesmal als Schiff auf See. Seereisen funktionieren größtenteils genau wie Landreisen.^^Es gibt zwei verschiedene Wege wieder anzulegen, und die Reise zu Land fortzusetzen. Ihr könnt entweder einen Hafen auswählen um dort an Land zu gehen, oder ihr wählt eine Anlegestelle. Um die nächste freie Anlegestelle zu finden, segelt nahe der Küste entlang oder klickt mit der rechten Maustaste auf euren Trupp und wählt 'nächste Anlegestelle finden'. Wählt die Anlegestelle genau wie den Hafen aus und geht an Land. Eure Schiffe werden dort liegen bleiben, wo ihr ausgestiegen seid.^^Ist euer Trupp größer als die maximale Kapazität des Schiffes könnt ihr nicht an Bord gehen. In diesem Fall könnt ihr einige Truppen bei eurer derzeitigen Position zurücklassen und einige zu der Zielposition schicken (Lagermenü). So könnt ihr eure Truppen Stück für Stück zum gewünschten Ziel bringen.^^Während einer Seereise könnt ihr jederzeit über das Menü das Wetter nachschauen. Durch Drücken des 'Lager'.....wird fortgesetzt
ip_sea_battle|Seeschlachten
ip_sea_battle_text|Irgendwann nachdem ihr eure Reise begonnen habt, werdet ihr in eine Seeschlacht verwickelt werden.^^Als erstes müsst ihr wissen, wie euer Schiff zu bedienen und zu steuern ist. Ihr könnt den Befehl geben 'vorwärts', 'schnell vorwärts', 'rückwärts' und 'schnell rückwärts' zu rudern. Nutzt dazu die Pfeiltasten 'Nach Oben' und 'Nach Unten'. Ihr könnt ebenfalls befehlen steuerbord, hart steuerbord, backbord und hart backbord zu rudern. Nutzt dazu die Pfeiltasten 'Nach Links' und 'Nach Rechts'.^^Gegebene Befehle werden euch anhand von Pfeilen in der rechten oberen Ecke angezeigt. Drückt 'Enter' um Segel zu setzen und einen taktischen Blick auf euer Schiff zu erhalten. Probiert es aus um ein Gefühl für die Steuerung und dafür, wie ihr den Wind am besten ausnutzt zu erhalten.^^ Sobald ihr nah genug an ein feindliches Schiff herangekommen seid wird das Entern beginnen. Die Schiffe krachen gegeneinander und der Kampf beginnt.^Wenn ihr Glück habt, gelingt es euch, das gegnerische Flaggschiff nach dem Kampf zu kapern und damit zu besitzen.^^Solltet ihr eine Seeschlacht mit mehreren Schiffen beginnen könnt ihr den Befehl geben zu warten oder anzugreifen. Eure anderen Schiffe werden der 9ten Division (Nummerntaste 9) zugeordnet. Die obersten Truppen in eurer Truppenliste werden zusammen mit euch auf euer Flaggschiff kommen. Die restlichen verteilen sich auf die übrigen Schiffe.^^Mit einer ernst zu nehmenden Flotte könntet ihr eine Stadt von der See Seite angreifen. Um das zu tun, segelt einfach zu der Stadt, ihr solltet die Option haben sobald ihr den Haven erreicht ohne an Land zu gehen.
ip_ship_info|Schiffe
ip_ship_info_text|Früher oder später werden Sie in ein Schiff investieren wollen. Es gibt mehrere Gründe, dies zu tun. Auf lange Sicht ist es die billigste Form das Meer zu bereisen. Es gibt Ihnen völlige Freiheit in der Bewegung auf dem Meer. Es eröffnet neue Möglichkeiten für den Handel und Überfälle.^^Andererseits gibt es auch Nachteile. Zunächst einmal ist ein Schiff teuer, Sie werden etwas Geld sparen müssen, um sich eines leisten zu können. Darüber hinaus kann ein Schiff nur eine begrenzte Menge an Truppen transportieren.^^Ein weiterer wichtiger Aspekt ist die Geschwindigkeit. Mit einem schnelleren Schiff können Sie andere Schiffe erfolgreicher jagen oder vor anderen fliehen. Die Geschwindigkeit eines Schiffes wird bestimmt durch seinen Typ und seinen Zustand.^^endlich für Schiff Bau verwendeten Holzes wirkt sich auf seine Haltbarkeit. Während Schiffe hergestellt aus Eichenholz sehr langlebig sind, müssen die Schiffe hergestellt aus Buchenholz öfter repariert werden. ^ ^ Wenn Sie fühlen sich bereit, ein Schiff zu kaufen, klicken Sie auf "Sehen die Schiffe" im Menü "Stadt" von einer Hafenstadt oder sprechen Sie mit den Schiffsbauer. Hafenstädte können bis zu drei Schiffe zu verkaufen, jedoch manchmal keine zur Verfügung stehen. Die Art und Menge von Schiffen angeboten Änderungen im Laufe der Zeit. Während alle Hafenstädte Schiffe anbieten, findet man die besten Schiffe in den nordischen und ostfriesischen Häfen. Um dein Schiff zu sehen, klicken Sie auf "Sehen die Schiffe" in der Stadt-Menü oder zu Fuß zur seiner Anlegestelle. ^ ^ In einem Hafen, man mag das Segel eines Schiffes anpassen oder malen jedes Schiff Eiche. Es gibt ein spezielles Segel, das die Schiffe des Spielers vorbehalten ist. Es kann mit einer dedizierten Grafik-Editor (nicht enthalten bei Viking Eroberung) geändert werden. Weitere Informationen finden Sie in den Ordner 'Your Custom Sails' unter die Dateien von dieser DLC. ^ ^ haben Sie ein Schiff, die Schiffbauer wird auf eine andere Weise mit ihnen interagieren und werde nicht zögern, Ratschläge zu geben. Schiffbauer, bieten auch für benutzerdefinierte Build-Schiffe. Bessere Schiffe erfordern spezielle Materialien, die Sie benötigen, zu erhalten und bringen mit Ihnen. Bessere Schiffe brauchen auch mehr Zeit für ihren Bau und mehr talentierte Schiffbauer in den nordischen Häfen. Sie haben gebaute Schiffe können frei im Menü Anpassung Schiff benannt werden. ^
ip_wounds|Wunden
ip_wounds_text|Der Spieler kann spezielle schwächende Wunden im Kampf erhalten. Ärzte in größeren Städten können diese für einen gewissen Preis heilen, wonach sie binnen ein paar Tagen auskuriert sind. Jegicher negativer Effekt wird dann entfernt. Wenn Wunden nicht versorgt werden, werden sie zu Narben und die negativen Effekte werden dauerhaft bleiben.
ip_traits|Charakterzüge
ip_traits_text|Sobald Sie Level 13 erreichen, können Sie einen der Charakterzüge passend zu ihrer Wahl der Fertigkeiten erhalten:^^Berserker: Wenn Sie zum Berserker werden, so wird Ihnen dies kurzzeitig mehr Geschwindigkeit und Stärke im Schlachtgetümmel verleihen. Diese brutale Grausamkeit wird Ihre Sicht rot färben.^^Inspirierend: Dieser Charakterzug wird Ihre Anführerschaft in Kämpfen erhöhen, da Ihr Kriegsschrei die Wildheit Ihrer Truppen im Kampf verstärkt.^^Zähigkeit: Dieser Zug bewirkt, dass Ihre Truppen sich schneller bewegen und ihre Beweglichkeit im Kampf erhöht wird.^^Stärke: Ihre Beschäftigung mit dem Instandhalten der Schilde und Rüstungen Ihrer Soldaten wird diese robuster machen, wodurch es schwieriger wird für den Gegner sie zu verwunden.^^Drücken sie "T" um diese Charakterzüge auf dem Schlachtfeld zu aktivieren.
ip_recruitment|Rekrutierung
ip_recruitment_text|Rekrutierung funktioniert in Viking Conquest nicht automatisch, sondern hängt von einer Reihe von Faktoren ab.^^Als erstes benötigt ihr, um in einer Stadt, einer Festung oder einem Dorf Männer zu rekrutieren, die Erlaubnis des Fürsten. Um diese zu erhalten sind jedoch ein guter Ruf (150+) und gute Beziehungen mit dem Fürsten und seiner Fraktion nötig.^^In Dörfern könnt ihr optional die Erlaubnis des Dorfvorstehers einholen. Für diese Möglichkeit könnt ihr ebenso euren Ruf (150+) und eure Beziehung (15+) nutzen, oder ihr bestecht ihn ganz einfach. Bestechung funktioniert oder funktioniert nicht, so dass ihr euer Gegenüber vielleicht mehr als einmal bestechen müsst.^^Habt ihr erst die Erlaubnis, könnt ihr nach belieben Männer rekrutieren, solange eure Beziehungen nicht negativ sind. (WICHTIG: Euer Recht auf Rekrutierung kann euch aufgrund schlechter Beziehungen entzogen werden.) In Dörfern könnt ihr nur Truppen des Ranges 1 anwerben, es sei denn eure Beziehung ist sehr gut (60+). Dann könnt ihr Rang 2 Truppen anwerben. Solltet ihr der Besitzer des Dorfes sein, muss die Beziehung nicht derart gut sein (20+). Ist eure Beziehung gut genug(30+) könnt ihr mit einer Wahrscheinlichkeit von 30% Stufe 3 Truppen rekrutieren. Die maximale Anzahl von anwerbbaren Truppen eines Ortes wird von eurer Beziehung zu dem Ort, eurem 'Anführerschaft's Wert, eurem Charisma, eurer Religion, der Religion des Ortes, und ob ihr Besitzer des Ortes oder nicht seid, festgelegt.^^ Es gibt noch weitere Möglichkeiten an Männer zu gelangen. Wenn ihr Christ seid, könnt ihr verzweifelte Flüchtlinge in Klöstern finden. Es gibt auch oft Freiwillige auf Gehöften.
ip_wages|Lohn & Sold
ip_wages_text|Die Unterhaltskosten der Truppen in Viking Conquest sind hauptsächlich abhängig von des Spielers Anführer Fertigkeit. Für hochrangige Truppen kann die Überzeugungskraft des Spielers ein  Bonus oder Malus sein, je nachdem wie hoch sie ist. Für gesetzlose Truppentypen, wie Räuber und Wikinger, spielt das Ansehen des Spielers eine Rolle, er bekommt einen Rabatt solange das Ansehen des Spielers schlechter als berüchtigt ist.
ip_skills|Fähigkeiten und Attribute
ip_skills_text|Wenn man seinen Charakter erstellt oder ausbildet, sollte man den vielen verschiedenen Fähigkeiten und Eigenschaften Beschtung schenken. Fähigkeiten wie Überzeugungskraft und Anführerschaft sind besonders wichtig für Handel, Lohn, erzwungene Konversion und den Umgang mit Lord und Lady. Eigenschaften wie Intelligenz und Charisma sind dafür ebenso wichtig doch sie werden auch eure Heiratsoptionen und eure Fähigkeit Menschen anzuführen beeinflussen.^^Es gibt drei essentielle  Fähigkeiten für die Seefahrt: 'König der Meere', 'Navigation' und 'Plündern'.^^Die 'König der Meere' Stufe gibt die Menge an Schiffen an, die ihr kommandieren könnt. Stufe eins lässt euch bis zu zwei Schiffe befehlen. Sieben Schiffe sind das Maximum, mit einer 'König der Meere'-Stufe von Vier.^^Die Fähigkeit Navigation lässt euch schneller auf der Karte über das Meer reisen. Es ist das Äquivalent zu 'Wegfinden' auf dem Land (welches euch natürlich auf See nichts hilft).^^Eine erhöhte Stufe in 'Plündern' resultiert in einer höheren Chance gegnerische Schiffe zu erobern..^
ip_tactical_controls|Taktische Einheitenkontrolle
ip_tactical_controls_text|Benutzt die NUMMERNTASTEN um eine Abteilung auszuwählen. Drückt 0 um eure gesamte Armee auszuwählen.^^Nutzt die Tasten F1-F4 um eure ausgewählten Truppen aufzustellen. Haltet F1 gdrückt um eure Truppen an einer Stelle warten zu lassen. Man kann so gezielt Abteilungen des Gegners angreifen.^^Das Drücken von ENTER ändert die Kamerasicht auf einen taktischen Überblick.^^Das Drücken von BACKSPACE lässt die Radar Karte anzeigen.^^Das Drücken von H ruft euer Pferd zu euch (erfordert einen 'Reiten' Skill von mindestens 4).^^Das Drücken von Z lässt euch kriechen.^^Die Aktionstaste halten und gleichzeitig die Verteidigungstaste drücken lässt euch euren Gegner verspotten.^^Die Verteidigungstaste halten und gleichzeitig die Aktionstaste drücken lässt euch mit eurem Schild zuschlagen.^^Im Multiplayer Modus lässt euch das Halten der Taste Q und gleichzeitigem Drücken von der Verteidigungstaste den Gener verspotten.
ip_division_placement|Platzierung der Truppenabteilungen
ip_division_placement_text|Sollte EINE Abteilung ausgewählt sein, wird sie sich um den angezeigten Punkt aufstellen.^^Wenn MEHRERE Abteilungen ausgewählt sind werden sie sich aufstellen, als wäre der Spieler der angezeigte Punkt..^^Solltet ihr die Aufstellung in Beziehung zu euch behalten oder wiedergerstellen wollen, so drückt F2, F7. Standartmäßig links der Kavallerie und etwas weiter vorne. Diese Platzierung wird überschrieben, sobald der Spieler entscheidet die Aufstellung über das Farmationsmenü zu ändern.^^Sollte die Lagermenü Option aktiviert sein, werden eure Truppen sich mit dem Fein drehen. Falls nicht, werden sie so stehen bleiben, wie es ihnen befohlen ist.
ip_formations|Formationen
ip_formations_text|Die komplexen Formationen im Formationsmenü sind:^^- FRONT mit den besten Truppen an der Front^- Schildwall mit den am besten verteidigenden Truppen vorne und langen Waffen dahinter^- KEIL mit den besten Truppen vorne in Keilformation^- QUADRAT in keiner bestimmten Ordnung^- KEINE FORMATION^^Auch hier kann der Anführer seinen Truppen befehlen in bis zu vier Reihen  hintereinander und näher oder weiter zueinander zu stehen.
ip_dog_companion|Hundebegleiter
ip_dog_companion_text|Während ihr umherwandert, mit euren Gedanken alleine, hört ihr plötzlich einen Hund bellen. Glücklicherweise habt ihr eine Wurst dabei. Es ist der Beginn einer Partnerschaft. Der Hund wird euch nicht von der Seite weichen, noch nicht ein mal auf dem Schlachtfeld, wo er sich bald einen Namen verdient haben wird.^Auf dem Schlachtfeld ist der Hund der 9ten Abteilung 'Nummerntaste 9' zugeteilt. Die Fähigkeiten eures Hundes werden durch gutes Essen verbessert.
ip_rents|Pacht
ip_rents_text|Jede Siedlung wirft Pacht ab. Pacht wird wöchentlich bei Abholung über einen langen Zeitraum gezahlt, doch der Betrag variiert. In einigen Wochen bekommt ihr eure Pacht, in anderen nicht. Sollte die Pacht am Zahltag nicht abgeholt worden sein, werdet ihr Nachricht erhalten, dass die Pacht noch aussteht. Wird das Lager oder die Stadt geplündert, erhaltet ihr Nachricht, dass keine Pacht verfügbar ist. Sobald die Stadt wieder im Normalzustand ist wird sie die Arbeit und damit die Zahlungen wieder aufnehmen. Zahlungen werden auch von dem Reichtum der Siedlung, Spezialgebäuden, religiöse Gestaltung, Steuerzahlungsrate und Spielschwierigkeit beeinflusst. Spezialgebäude zahlen auch, wenn die Stadt belagert oder geplündert wird.
ip_quarters|Unterkünfte
ip_quarters_text|Unterkünfte erlauben es euch, eiinen Teil eurer Truppen an bestimmten Orten auf der Karte zurückzulassen. Du kannst bis zu zwei Unterkünfte haben.^^Es gibt viele Situationen, die das Zurücklassen von Truppen erfordern:^-Wenn ihr per Schiff reisen müsst, aber nicht die Überfahrt für alle eure Truppen auf einmal bezahlen wollt oder könnt^-Wenn ihr euch in eine Stadt schleichen wollt^-Wenn ihr schneller auf der Karte vorankommen wollt
