itm_no_item|Kein Gegenstand
itm_no_item_pl|Kein Gegenstand
itm_tutorial_spear|Speer
itm_tutorial_spear_pl|Speer
itm_tutorial_club|Keule
itm_tutorial_club_pl|Keule
itm_tutorial_battle_axe|Lange Kampfaxt
itm_tutorial_battle_axe_pl|Lange Kampfaxt
itm_tutorial_arrows|Pfeile
itm_tutorial_arrows_pl|Pfeile
itm_tutorial_bolts|Bolzen
itm_tutorial_bolts_pl|Bolzen
itm_tutorial_short_bow|Langbogen
itm_tutorial_short_bow_pl|Langbogen
itm_tutorial_crossbow|Armbrust
itm_tutorial_crossbow_pl|Armbrust
itm_tutorial_throwing_daggers|Wurfspeere
itm_tutorial_throwing_daggers_pl|Wurfspeere
itm_tutorial_saddle_horse|Reitpferd
itm_tutorial_saddle_horse_pl|Reitpferd
itm_tutorial_shield|Rundschild
itm_tutorial_shield_pl|Rundschild
itm_tutorial_staff_no_attack|Stab
itm_tutorial_staff_no_attack_pl|Stab
itm_tutorial_staff|Stab
itm_tutorial_staff_pl|Stab
itm_tutorial_sword|Gewöhnliches Schwert
itm_tutorial_sword_pl|Gewöhnliches Schwert
itm_tutorial_axe|Axt
itm_tutorial_axe_pl|Axt
itm_tutorial_dagger|Sax
itm_tutorial_dagger_pl|Sax
itm_horse_meat|Pferdefleisch
itm_horse_meat_pl|Pferdefleisch
itm_practice_sword|Gewöhnliches Schwert
itm_practice_sword_pl|Gewöhnliches Schwert
itm_heavy_practice_sword|Goidelisches Meisterschwert
itm_heavy_practice_sword_pl|Goidelisches Meisterschwert
itm_practice_dagger|Sax
itm_practice_dagger_pl|Sax
itm_practice_axe|Axt
itm_practice_axe_pl|Axt
itm_arena_axe|Kurze Axt
itm_arena_axe_pl|Kurze Axt
itm_arena_sword|Gewöhnliches Schwert
itm_arena_sword_pl|Gewöhnliches Schwert
itm_arena_sword_two_handed|Goidelisches Meisterschwert
itm_arena_sword_two_handed_pl|Goidelisches Meisterschwert
itm_arena_lance|Speer
itm_arena_lance_pl|Speer
itm_practice_staff|Stab
itm_practice_staff_pl|Stab
itm_practice_lance|Speer
itm_practice_lance_pl|Speer
itm_practice_shield|Übungsschild
itm_practice_shield_pl|Übungsschild
itm_practice_bow|Langbogen
itm_practice_bow_pl|Langbogen
itm_practice_crossbow|Schleuder
itm_practice_crossbow_pl|Schleuder
itm_practice_javelin|Wurfspeer
itm_practice_javelin_pl|Wurfspeer
itm_practice_javelin_melee|Wurfspeer
itm_practice_javelin_melee_pl|Wurfspeer
itm_practice_throwing_daggers|Wurfspeere
itm_practice_throwing_daggers_pl|Wurfspeere
itm_practice_throwing_daggers_100_amount|Wurfspeere
itm_practice_throwing_daggers_100_amount_pl|Wurfspeere
itm_practice_horse|Reitpferd
itm_practice_horse_pl|Reitpferd
itm_practice_arrows|Pfeile
itm_practice_arrows_pl|Pfeile
itm_practice_bolts|Schleudersteine
itm_practice_bolts_pl|Schleudersteine
itm_practice_arrows_10_amount|Pfeile
itm_practice_arrows_10_amount_pl|Pfeile
itm_practice_arrows_100_amount|Pfeile
itm_practice_arrows_100_amount_pl|Pfeile
itm_practice_bolts_9_amount|Übungsbolzen
itm_practice_bolts_9_amount_pl|Übungsbolzen
itm_practice_boots|Stiefel
itm_practice_boots_pl|Stiefel
itm_red_tourney_armor|Rote Tunika
itm_red_tourney_armor_pl|Rote Tunika
itm_blue_tourney_armor|Blaue Tunika
itm_blue_tourney_armor_pl|Blaue Tunika
itm_green_tourney_armor|Grüne Tunika
itm_green_tourney_armor_pl|Grüne Tunika
itm_gold_tourney_armor|Weiße Tunika
itm_gold_tourney_armor_pl|Weiße Tunika
itm_red_tourney_helmet|Kappe
itm_red_tourney_helmet_pl|Kappe
itm_blue_tourney_helmet|Kappe
itm_blue_tourney_helmet_pl|Kappe
itm_green_tourney_helmet|Kappe
itm_green_tourney_helmet_pl|Kappe
itm_gold_tourney_helmet|Kappe
itm_gold_tourney_helmet_pl|Kappe
itm_arena_shield_red|Leichter Rundschild
itm_arena_shield_red_pl|Leichter Rundschild
itm_arena_shield_blue|Leichter Rundschild
itm_arena_shield_blue_pl|Leichter Rundschild
itm_arena_shield_green|Leichter Rundschild
itm_arena_shield_green_pl|Leichter Rundschild
itm_arena_shield_yellow|Leichter Rundschild
itm_arena_shield_yellow_pl|Leichter Rundschild
itm_arena_armor_white|Weiße Tunika
itm_arena_armor_white_pl|Weiße Tunika
itm_arena_armor_red|Rote Tunika
itm_arena_armor_red_pl|Rote Tunika
itm_arena_armor_blue|Blaue Tunika
itm_arena_armor_blue_pl|Blaue Tunika
itm_arena_armor_green|Grüne Tunika
itm_arena_armor_green_pl|Grüne Tunika
itm_arena_armor_yellow|Gelbe Tunika
itm_arena_armor_yellow_pl|Gelbe Tunika
itm_arena_tunic_white|Weiße Tunika
itm_arena_tunic_white_pl|Weiße Tunika
itm_arena_tunic_red|Rote Tunika
itm_arena_tunic_red_pl|Rote Tunika
itm_arena_tunic_blue|Blaue Tunika
itm_arena_tunic_blue_pl|Blaue Tunika
itm_arena_tunic_green|Grüne Tunika
itm_arena_tunic_green_pl|Grüne Tunika
itm_arena_tunic_yellow|Gelbe Tunika
itm_arena_tunic_yellow_pl|Gelbe Tunika
itm_arena_helmet_red|Nasalhelm
itm_arena_helmet_red_pl|Nasalhelm
itm_arena_helmet_blue|Nasalhelm
itm_arena_helmet_blue_pl|Nasalhelm
itm_arena_helmet_green|Nasalhelm
itm_arena_helmet_green_pl|Nasalhelm
itm_arena_helmet_yellow|Nasalhelm
itm_arena_helmet_yellow_pl|Nasalhelm
itm_steppe_helmet_white|Nasalhelm
itm_steppe_helmet_white_pl|Nasalhelm
itm_steppe_helmet_red|Nasalhelm
itm_steppe_helmet_red_pl|Nasalhelm
itm_steppe_helmet_blue|Nasalhelm
itm_steppe_helmet_blue_pl|Nasalhelm
itm_steppe_helmet_green|Nasalhelm
itm_steppe_helmet_green_pl|Nasalhelm
itm_steppe_helmet_yellow|Nasalhelm
itm_steppe_helmet_yellow_pl|Nasalhelm
itm_tourney_helm_white|Nasalhelm
itm_tourney_helm_white_pl|Nasalhelm
itm_tourney_helm_red|Nasalhelm
itm_tourney_helm_red_pl|Nasalhelm
itm_tourney_helm_blue|Nasalhelm
itm_tourney_helm_blue_pl|Nasalhelm
itm_tourney_helm_green|Nasalhelm
itm_tourney_helm_green_pl|Nasalhelm
itm_tourney_helm_yellow|Nasalhelm
itm_tourney_helm_yellow_pl|Nasalhelm
itm_arena_turban_red|Kappe
itm_arena_turban_red_pl|Kappe
itm_arena_turban_blue|Kappe
itm_arena_turban_blue_pl|Kappe
itm_arena_turban_green|Kappe
itm_arena_turban_green_pl|Kappe
itm_arena_turban_yellow|Kappe
itm_arena_turban_yellow_pl|Kappe
itm_book_tactics|Geschichte des Peloponnesischen Krieges von Thukydides
itm_book_tactics_pl|Geschichte des Peloponnesischen Krieges von Thukydides
itm_book_persuasion|Rhetorik Herennium
itm_book_persuasion_pl|Rhetorik Herennium
itm_book_leadership|Das Leben des großen Alexanders 
itm_book_leadership_pl|Das Leben des großen Alexanders 
itm_book_intelligence|Erziehung und Bildung
itm_book_intelligence_pl|Erziehung
itm_book_trade|Wirtschaftslehre des Aristoteles
itm_book_trade_pl|Wirtschaftslehre des Aristoteles
itm_book_weapon_mastery|Verfassung von Sparta, von Xenophon
itm_book_weapon_mastery_pl|Verfassung von Sparta, von Xenophon
itm_book_engineering|Buch des Maschienbaus
itm_book_engineering_pl|Buch des Maschienbaus
itm_book_wound_treatment_reference|Das Material von der Medizin des Dioscurides
itm_book_wound_treatment_reference_pl|Das Material von der Medizin des Dioscurides
itm_book_training_reference|Waffenleitfaden
itm_book_training_reference_pl|Waffenleitfaden
itm_book_surgery_reference|Das große Buch der Wundbehandlung
itm_book_surgery_reference_pl|Das große Buch der Wundbehandlung
itm_relic|Die Cathach Colum Cille
itm_relic_pl|Die Cathach Colum Cille
itm_mead|Met
itm_mead_pl|Met
itm_salt|Salz
itm_salt_pl|Salz
itm_tar|Teer
itm_tar_pl|Teer
itm_jewelry|Schmuck
itm_jewelry_pl|Schmuck
itm_raw_flax|Flachsbündel
itm_raw_flax_pl|Flachsbündel
itm_linen|Leinen
itm_linen_pl|Leinen
itm_wool|Wolle
itm_wool_pl|Wolle
itm_vc_wool_cloth|Wollstoff
itm_vc_wool_cloth_pl|Wollstoff
itm_amber|Bernstein
itm_amber_pl|Bernstein
itm_ivory|Walross-Elfenbein
itm_ivory_pl|Walross-Elfenbein
itm_silver|Silber
itm_silver_pl|Silber
itm_iron|Eisen
itm_iron_pl|Eisen
itm_stone|Stein
itm_stone_pl|Stein
itm_tools|Werkzeuge
itm_tools_pl|Werkzeuge
itm_vc_raw_leather|Häute
itm_vc_raw_leather_pl|Häute
itm_timber|Bauholz
itm_timber_pl|Bauholz
itm_soapstone|Speckstein
itm_soapstone_pl|Speckstein
itm_vc_furs|Pelze
itm_vc_furs_pl|Pelze
itm_wine|Wein
itm_wine_pl|Wein
itm_ale|Bier
itm_ale_pl|Bier
itm_smoked_fish|Räucherfisch
itm_smoked_fish_pl|Räucherfisch
itm_cheese|Käse
itm_cheese_pl|Käse
itm_vc_honey|Honig
itm_vc_honey_pl|Honig
itm_sausages|Würste
itm_sausages_pl|Würste
itm_cabbages|Gemüse
itm_cabbages_pl|Gemüse
itm_dried_meat|Trockenfleisch
itm_dried_meat_pl|Trockenfleisch
itm_apples|Obst
itm_apples_pl|Obst
itm_barley|Gerste
itm_barley_pl|Gerste
itm_venison|Wildschweinfleisch
itm_venison_pl|Wildschweinfleisch
itm_grain|Weizen
itm_grain_pl|Weizen
itm_cattle_meat|Rindfleisch
itm_cattle_meat_pl|Rindfleisch
itm_bread|Brot
itm_bread_pl|Brot
itm_chicken|Huhn
itm_chicken_pl|Huhn
itm_pork|Schweinefleisch
itm_pork_pl|Schweinefleisch
itm_butter|Butter
itm_butter_pl|Butter
itm_siege_supply|Vorräte
itm_siege_supply_pl|Vorräte
itm_quest_wine|Wein
itm_quest_wine_pl|Wein
itm_quest_ale|Bier
itm_quest_ale_pl|Bier
itm_common_horse|Pferd
itm_common_horse_pl|Pferd
itm_common_horse2|Pferd
itm_common_horse2_pl|Pferd
itm_common_pony|Pony
itm_common_pony_pl|Pony
itm_common_pony2|Pony
itm_common_pony2_pl|Pony
itm_wild_horse|Pferd
itm_wild_horse_pl|Pferd
itm_wild_horse2|Pferd
itm_wild_horse2_pl|Pferd
itm_wild_pony|Pony
itm_wild_pony_pl|Pony
itm_wild_pony2|Pony
itm_wild_pony2_pl|Pony
itm_cow1|Kuh
itm_cow1_pl|Kuh
itm_cow2|Kuh
itm_cow2_pl|Kuh
itm_arrows|Pfeile
itm_arrows_pl|Pfeile
itm_khergit_arrows|Durchdringenede Pfeile
itm_khergit_arrows_pl|Durchdringenede Pfeile
itm_barbed_arrows|Widerhaken Pfeile
itm_barbed_arrows_pl|Widerhaken Pfeile
itm_bodkin_arrows|Bodkin Pfeile
itm_bodkin_arrows_pl|Bodkin Pfeile
itm_bolts|Bolzen
itm_bolts_pl|Bolzen
itm_bolts2|Durchdringende Bolzen
itm_bolts2_pl|Durchdringende Bolzen
itm_bolts3|Widerhaken Bolzen
itm_bolts3_pl|Widerhaken Bolzen
itm_bolts4|Bodkin Bolzen
itm_bolts4_pl|Bodkin Bolzen
itm_pilgrim_disguise|Pilger Verkleidung
itm_pilgrim_disguise_pl|Pilger Verkleidung
itm_pilgrim_hood|Pilger Hut
itm_pilgrim_hood_pl|Pilger Hut
itm_leather_gloves|Lederhandschuhe
itm_leather_gloves_pl|Lederhandschuhe
itm_carbatinae_1|Lederschuhe
itm_carbatinae_1_pl|Lederschuhe
itm_carbatinae_2|Wickelstiefel
itm_carbatinae_2_pl|Wickelstiefel
itm_carbatinae_3|Lederschuhe
itm_carbatinae_3_pl|Lederschuhe
itm_carbatinae_4|Lederschuhe
itm_carbatinae_4_pl|Lederschuhe
itm_carbatinae_5|Wickelstiefel
itm_carbatinae_5_pl|Wickelstiefel
itm_carbatinae_6|Lederschuhe
itm_carbatinae_6_pl|Lederschuhe
itm_carbatinae_7|Wickelstiefel
itm_carbatinae_7_pl|Wickelstiefel
itm_carbatinae_8|Lederschuhe
itm_carbatinae_8_pl|Lederschuhe
itm_carbatinae_9|Wickelstiefel
itm_carbatinae_9_pl|Wickelstiefel
itm_carbatinae_10|Lederschuhe
itm_carbatinae_10_pl|Lederschuhe
itm_carbatinae_vc1|Stiefeletten
itm_carbatinae_vc1_pl|Stiefeletten
itm_carbatinae_vc2|Stiefeletten
itm_carbatinae_vc2_pl|Stiefeletten
itm_carbatinae_vc3|Stiefeletten
itm_carbatinae_vc3_pl|Stiefeletten
itm_carbatinae_vc4|Hochwertige Wickelstiefel
itm_carbatinae_vc4_pl|Hochwertige Wickelstiefel
itm_carbatinae_vc5|Stiefeletten
itm_carbatinae_vc5_pl|Stiefeletten
itm_carbatinae_vc6|Stiefeletten
itm_carbatinae_vc6_pl|Stiefeletten
itm_carbatinae_1s|Lederschuhe
itm_carbatinae_1s_pl|Lederschuhe
itm_carbatinae_2s|Wickelstiefel
itm_carbatinae_2s_pl|Wickelstiefel
itm_carbatinae_3s|Wickelstiefel
itm_carbatinae_3s_pl|Wickelstiefel
itm_carbatinae_4s|Rohlederschuhe
itm_carbatinae_4s_pl|Wildlederschuhe
itm_carbatinae_5s|Wildlederschuhe
itm_carbatinae_5s_pl|Wildlederschuhe
itm_carbatinae_6s|Stiefeletten
itm_carbatinae_6s_pl|Stiefeletten
itm_carbatinae_vc1s|Hochwertige Wickelstiefel
itm_carbatinae_vc1s_pl|Hochwertige Wickelstiefel
itm_carbatinae_vc2s|Stiefeletten
itm_carbatinae_vc2s_pl|Stiefeletten
itm_carbatinae_vc3s|Hochwertige Wickelstiefel
itm_carbatinae_vc3s_pl|Hochwertige Wickelstiefel
itm_carbatinae_vc4s|Wickelstiefel
itm_carbatinae_vc4s_pl|Wickelstiefel
itm_carbatinae_1v|Stiefeletten
itm_carbatinae_1v_pl|Stiefeletten
itm_carbatinae_2v|Wickelstiefel
itm_carbatinae_2v_pl|Wickelstiefel
itm_carbatinae_3v|Wickelstiefel
itm_carbatinae_3v_pl|Wickelstiefel
itm_carbatinae_4v|Hochwertige Wickelstiefel
itm_carbatinae_4v_pl|Hochwertige Wickelstiefel
itm_carbatinae_5v|Wildlederschuhe
itm_carbatinae_5v_pl|Wildlederschuhe
itm_carbatinae_6v|Wickelstiefel
itm_carbatinae_6v_pl|Wickelstiefel
itm_carbatinae_vc1v|Stiefeletten
itm_carbatinae_vc1v_pl|Stiefeletten
itm_carbatinae_vc2v|Hochwertige Wickelstiefel
itm_carbatinae_vc2v_pl|Hochwertige Wickelstiefel
itm_carbatinae_11q|Lederschuhe
itm_carbatinae_11q_pl|Lederschuhe
itm_carbatinae_12q|Lederschuhe
itm_carbatinae_12q_pl|Lederschuhe
itm_carbatinae_11qs|Hochwertige Wickelstiefel
itm_carbatinae_11qs_pl|Hochwertige Wickelstiefel
itm_carbatinae_12qs|Hochwertige Wickelstiefel
itm_carbatinae_12qs_pl|Hochwertige Wickelstiefel
itm_carbatinae_13qs|Hochwertige Wickelstiefel
itm_carbatinae_13qs_pl|Hochwertige Wickelstiefel
itm_carbatinae_14qs|Hochwertige Wickelstiefel
itm_carbatinae_14qs_pl|Hochwertige Wickelstiefel
itm_carbatinae_14qv|Hochwertige Wickelstiefel
itm_carbatinae_14qv_pl|Hochwertige Wickelstiefel
itm_bare_foot_man|Minderwertige Schuhe
itm_bare_foot_man_pl|Minderwertige Schuhe
itm_just_man_boots_medium|Wildlederschuhe
itm_just_man_boots_medium_pl|Wildlederschuhe
itm_just_man_boots_light|Leichte Stiefeletten
itm_just_man_boots_light_pl|Leichte Stiefeletten
itm_just_man_shoes|Lederschuhe
itm_just_man_shoes_pl|Lederschuhe
itm_just_man_boots_dark|Leichte Stiefeletten
itm_just_man_boots_dark_pl|Leichte Stiefeletten
itm_gaelshoes_1|Goidelic Schuhe
itm_gaelshoes_1_pl|Goidelic Schuhe
itm_gaelshoes_2|Goidelic Schuhe
itm_gaelshoes_2_pl|Goidelic Schuhe
itm_gaelshoes_3|Goidelic Stiefel
itm_gaelshoes_3_pl|Goidelic Stiefel
itm_womenshoes_1|Einfache Schuhe
itm_womenshoes_1_pl|Einfache Schuhe
itm_womenshoes_2|Einfache Stiefeletten
itm_womenshoes_2_pl|Einfache Stiefeletten
itm_womenshoes_3|Einfache Schuhe
itm_womenshoes_3_pl|Einfache Schuhe
itm_womenshoes_4|Einfache Stiefeletten
itm_womenshoes_4_pl|Einfache Stiefeletten
itm_womenshoes_5|Einfache Stiefel
itm_womenshoes_5_pl|Einfache Stiefel
itm_womenshoes_6|Einfache Stiefeletten
itm_womenshoes_6_pl|Einfache Stiefeletten
itm_womenshoes_7|Einfache Schuhe
itm_womenshoes_7_pl|Einfache Schuhe
itm_womenshoes_8|Einfache Schuhe
itm_womenshoes_8_pl|Einfache Schuhe
itm_long_tunic1|Friesische leichte Rüstung
itm_long_tunic1_pl|Friesische leichte Rüstung
itm_nobleman_outfit|Sächsische leichte Rüstung
itm_nobleman_outfit_pl|Sächsische leichte Rüstung
itm_troll_tunic|Troll Tunika
itm_troll_tunic_pl|Troll Tunika
itm_priest1|Priesterrobe
itm_priest1_pl|Priesterrobe
itm_priest2|Priesterrobe
itm_priest2_pl|Priesterrobe
itm_robe|Mönchskutte
itm_robe_pl|Mönchskutte
itm_robe2|Mönchskutte
itm_robe2_pl|Mönchskutte
itm_robe3|Mönchskutte
itm_robe3_pl|Mönchskutte
itm_robe4|Mönchskutte
itm_robe4_pl|Mönchskutte
itm_robe5|Mönchskutte
itm_robe5_pl|Mönchskutte
itm_robe6|Mönchskutte
itm_robe6_pl|Mönchskutte
itm_robe7|Mönchskutte
itm_robe7_pl|Mönchskutte
itm_robe8|Mönchskutte
itm_robe8_pl|Mönchskutte
itm_robe9|Mönchskutte
itm_robe9_pl|Mönchskutte
itm_robe10|Mönchskutte
itm_robe10_pl|Mönchskutte
itm_ptunic_1|Leichte Angle Tunika
itm_ptunic_1_pl|Leichte Angle Tunika
itm_ptunic_2|Angel Leichte Rüstung 
itm_ptunic_2_pl|Angel Leichte Rüstung 
itm_ptunic_3|Angle  Tunika
itm_ptunic_3_pl|Angle  Tunika
itm_ptunic_4|Angle  Tunika
itm_ptunic_4_pl|Angle  Tunika
itm_ptunic_5|Einfache Angle Tunika
itm_ptunic_5_pl|Leichte Angle Tunika
itm_ptunic_6|Angle  Tunika
itm_ptunic_6_pl|Angle  Tunika
itm_ptunic_7|Gepolsterte Angle Tunika
itm_ptunic_7_pl|Gepolsterte Angle Tunika
itm_ptunic_8|Gepolsterte Angle Tunika
itm_ptunic_8_pl|Gepolsterte Angle Tunika
itm_ptunic_9|Leichte Rüstung Angle 
itm_ptunic_9_pl|Angel Leichte Rüstung 
itm_ptunic_10|Angle  Tunika
itm_ptunic_10_pl|Angle  Tunika
itm_ptunic_11|Angle  Tunika
itm_ptunic_11_pl|Angle  Tunika
itm_ptunic_12|Angel Leichte Rüstung 
itm_ptunic_12_pl|Angel Leichte Rüstung 
itm_btunic_1|Umhang
itm_btunic_1_pl|Umhang
itm_btunic_2|Hosen
itm_btunic_2_pl|Hosen
itm_btunic_3|Nordische Tunika
itm_btunic_3_pl|Nordische Tunika
itm_btunic_4|Nordische Tunika
itm_btunic_4_pl|Nordische Tunika
itm_btunic_5|Nordische Tunika
itm_btunic_5_pl|Nordische Tunika
itm_btunic_6|Nordische Tunika
itm_btunic_6_pl|Nordische Tunika
itm_btunic_7|Nordische Tunika
itm_btunic_7_pl|Nordische Tunika
itm_btunic_8|Einfache Nordische Tunika
itm_btunic_8_pl|Einfache Nordische Tunika
itm_btunic_9|Einfache Nordische Tunika
itm_btunic_9_pl|Einfache Nordische Tunika
itm_btunic_10|Einfache Nordische Tunika
itm_btunic_10_pl|Einfache Nordische Tunika
itm_btunic_11|Nordische Tunika
itm_btunic_11_pl|Nordische Tunika
itm_btunic_12|Nordisches leichte Rüstung
itm_btunic_12_pl|Nordisches leichte Rüstung
itm_btunic_13|Nordische Tunika
itm_btunic_13_pl|Nordische Tunika
itm_btunic_14|Nordische Tunika
itm_btunic_14_pl|Nordische Tunika
itm_btunic_15|Nordisches leichte Rüstung
itm_btunic_15_pl|Nordisches leichte Rüstung
itm_btunic_16|Nordisches leichte Rüstung
itm_btunic_16_pl|Nordisches leichte Rüstung
itm_hoodtunic_01|Tunika
itm_hoodtunic_01_pl|Tunika
itm_hoodtunic_02|Tunika
itm_hoodtunic_02_pl|Tunika
itm_hoodtunic_03|Tunika
itm_hoodtunic_03_pl|Tunika
itm_hoodtunic_04|Tunika
itm_hoodtunic_04_pl|Tunika
itm_hoodtunic_05|Tunika
itm_hoodtunic_05_pl|Tunika
itm_hoodtunic_06|Tunika
itm_hoodtunic_06_pl|Tunika
itm_hoodtunic_07|Tunika
itm_hoodtunic_07_pl|Tunika
itm_hoodtunic_08|Umhang
itm_hoodtunic_08_pl|Umhang
itm_bl_tunic01|Hosen
itm_bl_tunic01_pl|Hosen
itm_bl_tunic02|Sächsische leichte Rüstung
itm_bl_tunic02_pl|Sächsische leichte Rüstung
itm_bl_tunic03|Sächsische leichte Rüstung
itm_bl_tunic03_pl|Sächsische leichte Rüstung
itm_bl_tunic04|Einfache Sächsische Tunika
itm_bl_tunic04_pl|Einfache Sächsische Tunika
itm_bl_tunic05|Einfache Sächsische Tunika
itm_bl_tunic05_pl|Einfache Sächsische Tunika
itm_bl_tunic06|Sächsische Tunika
itm_bl_tunic06_pl|Sächsische Tunika
itm_bl_tunic07|Sächsische Tunika
itm_bl_tunic07_pl|Sächsische Tunika
itm_bl_tunic08|Gepolsterte Sächsische Tunika
itm_bl_tunic08_pl|Gepolsterte Sächsische Tunika
itm_bl_tunic09|Sächsische leichte Rüstung
itm_bl_tunic09_pl|Sächsische leichte Rüstung
itm_bl_tunic10|Sächsische Tunika
itm_bl_tunic10_pl|Sächsische Tunika
itm_bl_tunic11|Sächsische Tunika
itm_bl_tunic11_pl|Sächsische Tunika
itm_bl_tunic12|Sächsische Tunika
itm_bl_tunic12_pl|Sächsische Tunika
itm_red_cloak|Sächsische Tunika
itm_red_cloak_pl|Sächsische Tunika
itm_yellow_cloak|Elite Friesische Tunika
itm_yellow_cloak_pl|Elite Friesische Tunika
itm_green_cloak|Piktische leichte Rüstung
itm_green_cloak_pl|Piktische leichte Rüstung
itm_blue_cloak|Tunika
itm_blue_cloak_pl|Tunika
itm_leather_cloak|Tunika
itm_leather_cloak_pl|Tunika
itm_yellow2_cloak|Leichte Angle Tunika
itm_yellow2_cloak_pl|Leichte Angle Tunika
itm_briton_tunic1|Umhang
itm_briton_tunic1_pl|Umhang
itm_briton_tunic2|Hosen
itm_briton_tunic2_pl|Hosen
itm_briton_tunic3|Britannische Tunika
itm_briton_tunic3_pl|Britannische Tunika
itm_briton_tunic4|Einfache britannische Tunika
itm_briton_tunic4_pl|Einfache britannische Tunika
itm_briton_tunic5|Einfache britannische Tunika
itm_briton_tunic5_pl|Einfache britannische Tunika
itm_briton_tunic6|Einfache britannische Tunika
itm_briton_tunic6_pl|Einfache britannische Tunika
itm_briton_tunic7|Britannische Tunika
itm_briton_tunic7_pl|Britannische Tunika
itm_briton_tunic8|Leichte britannische Rüstung
itm_briton_tunic8_pl|Leichte britannische Rüstung
itm_briton_tunic9|Britannische Tunika
itm_briton_tunic9_pl|Britannische Tunika
itm_briton_tunic10|Britannische Tunika
itm_briton_tunic10_pl|Britannische Tunika
itm_briton_tunic11|Britannische Tunika
itm_briton_tunic11_pl|Britannische Tunika
itm_briton_tunic12|Britannische Tunika
itm_briton_tunic12_pl|Britannische Tunika
itm_briton_tunic13|Britannische Tunika
itm_briton_tunic13_pl|Britannische Tunika
itm_briton_tunic14|Britannische Tunika
itm_briton_tunic14_pl|Britannische Tunika
itm_briton_tunic15|Piktische Tunika
itm_briton_tunic15_pl|Piktische Tunika
itm_briton_tunic16|Piktische Tunika
itm_briton_tunic16_pl|Piktische Tunika
itm_briton_tunic17|Piktische Tunika
itm_briton_tunic17_pl|Piktische Tunika
itm_briton_tunic18|Piktische Tunika
itm_briton_tunic18_pl|Piktische Tunika
itm_briton_tunic19|Piktische leichte Rüstung
itm_briton_tunic19_pl|Piktische leichte Rüstung
itm_briton_tunic20|Goidelic Kapuzen Tunika
itm_briton_tunic20_pl|Goidelic Kapuzen Tunika
itm_briton_tunic21|Goidelic Kapuzen Tunika
itm_briton_tunic21_pl|Goidelic Kapuzen Tunika
itm_briton_tunic22|Goidelic Kapuzen Tunika
itm_briton_tunic22_pl|Goidelic Kapuzen Tunika
itm_briton_tunic23|Goidelic Kapuzen Tunika
itm_briton_tunic23_pl|Goidelic Kapuzen Tunika
itm_briton_tunic24|Goidelic  Tunika
itm_briton_tunic24_pl|Goidelic  Tunika
itm_briton_tunic25|Goidelic  Tunika
itm_briton_tunic25_pl|Goidelic  Tunika
itm_briton_tunic26|Goidelic  Tunika
itm_briton_tunic26_pl|Goidelic  Tunika
itm_briton_tunic27|Goidelic  Tunika
itm_briton_tunic27_pl|Goidelic  Tunika
itm_briton_tunic28|Goidelic  Tunika
itm_briton_tunic28_pl|Goidelic  Tunika
itm_celta_capa1|Goidelic  Tunika
itm_celta_capa1_pl|Goidelic  Tunika
itm_celta_capa2|Goidelic langer Umhang
itm_celta_capa2_pl|Goidelic langer Mantel
itm_celta_capa3|Goidelic Hosen
itm_celta_capa3_pl|Goidelic Hosen
itm_celta_capa4|Goidelic Hosen
itm_celta_capa4_pl|Goidelic Hosen
itm_brat1|Goidelic prächtiger Umhang
itm_brat1_pl|Goidelic prächtiger Umhang
itm_brat2|Goidelic prächtiger Umhang
itm_brat2_pl|Goidelic prächtiger Umhang
itm_brat3|Goidelic  leichte Rüstung
itm_brat3_pl|Goidelic  leichte Rüstung
itm_brat4|Goidelic  leichte Rüstung
itm_brat4_pl|Goidelic  leichte Rüstung
itm_gael_tunic_01|Piktische Tunika
itm_gael_tunic_01_pl|Piktische Tunika
itm_gael_tunic_02|Piktische Tunika
itm_gael_tunic_02_pl|Piktische Tunika
itm_gael_tunic_03|Angle  Tunika
itm_gael_tunic_03_pl|Angle  Tunika
itm_gael_tunic_04|Angle  Tunika
itm_gael_tunic_04_pl|Angle  Tunika
itm_gael_tunic_05|Goidelic getarnte Tunika
itm_gael_tunic_05_pl|Goidelic Getarnte Tunika
itm_gael_tunic_06|Goidelic Getarnte Tunika
itm_gael_tunic_06_pl|Goidelic Getarnte Tunika
itm_gael_tunic_07|Goidelic  Tunika
itm_gael_tunic_07_pl|Goidelic  Tunika
itm_gael_tunic_08|Kapuzen Goidelic Tunika
itm_gael_tunic_08_pl|Kapuzen Goidelic Tunika
itm_gael_hoodtunic_09|Kapuzen Goidelic Tunika
itm_gael_hoodtunic_09_pl|Kapuzen Goidelic Tunika
itm_gael_hoodtunic_10|Kapuzen Goidelic Tunika
itm_gael_hoodtunic_10_pl|Kapuzen Goidelic Tunika
itm_gael_hoodtunic_11|Kapuzen Goidelic Tunika
itm_gael_hoodtunic_11_pl|Kapuzen Goidelic Tunika
itm_gael_hoodtunic_12|Kapuzen leichte Rüstung Goidelic 
itm_gael_hoodtunic_12_pl|Kapuzen leichte Rüstung Goidelic 
itm_picts_tunic_09|Nordische Hosen
itm_picts_tunic_09_pl|Nordische Hosen
itm_picts_tunic_10|Nordische Hosen
itm_picts_tunic_10_pl|Nordische Hosen
itm_picts_tunic_11|Nordische Umhang
itm_picts_tunic_11_pl|Nordische Umhang
itm_picts_tunic_12|Leichte britannische Rüstung
itm_picts_tunic_12_pl|Leichte britannische Rüstung
itm_picts_tunic_13|Britannische Tunika
itm_picts_tunic_13_pl|Britannische Tunika
itm_picts_tunic_14|Hosen
itm_picts_tunic_14_pl|Hosen
itm_picts_tunic_15|Hosen
itm_picts_tunic_15_pl|Hosen
itm_picts_tunic_16|Friesische Hosen
itm_picts_tunic_16_pl|Friesische Hosen
itm_pictish_painted1|Piktischer Unbekleideter
itm_pictish_painted1_pl|Piktischer Unbekleideter
itm_pictish_painted2|Piktischer Unbekleideter
itm_pictish_painted2_pl|Piktischer Unbekleideter
itm_pictish_painted3|Piktischer Unbekleideter
itm_pictish_painted3_pl|Piktischer Unbekleideter
itm_pictish_painted4|Piktischer Unbekleideter
itm_pictish_painted4_pl|Piktischer Unbekleideter
itm_picts_hoodtunic_01|Piktischer Umhang
itm_picts_hoodtunic_01_pl|Piktischer Umhang
itm_picts_hoodtunic_02|Piktischer Umhang
itm_picts_hoodtunic_02_pl|Piktischer Umhang
itm_picts_hoodtunic_03|Piktische Kappe
itm_picts_hoodtunic_03_pl|Piktische Kappe
itm_picts_hoodtunic_04|Piktische Kappe
itm_picts_hoodtunic_04_pl|Piktische Kappe
itm_picts_hoodtunic_05|Piktische Kappe
itm_picts_hoodtunic_05_pl|Piktische Kappe
itm_picts_hoodtunic_06|Piktische Kappe
itm_picts_hoodtunic_06_pl|Piktische Kappe
itm_picts_hoodtunic_07|Piktische Kappe
itm_picts_hoodtunic_07_pl|Piktische Kappe
itm_picts_hoodtunic_11|Piktische getarnte Tunika
itm_picts_hoodtunic_11_pl|Piktische getarnte Tunika
itm_picts_hoodtunic_12|Piktische getarnte Tunika
itm_picts_hoodtunic_12_pl|Piktische getarnte Tunika
itm_picts_hoodtunic_13|Piktische getarnte Tunika
itm_picts_hoodtunic_13_pl|Piktische getarnte Tunika
itm_picts_hoodtunic_14|Kapuzen Piktische Tunika
itm_picts_hoodtunic_14_pl|Kapuzen Piktische Tunika
itm_picts_hoodtunic_15|Kapuzen Piktische Tunika
itm_picts_hoodtunic_15_pl|Kapuzen Piktische Tunika
itm_picts_hoodtunic_16|Kapuzen Piktische Tunika
itm_picts_hoodtunic_16_pl|Kapuzen Piktische Tunika
itm_picts_hoodtunic_17|Kapuzen Piktische Tunika
itm_picts_hoodtunic_17_pl|Kapuzen Piktische Tunika
itm_picts_hoodtunic_18|Piktische leichte Rüstung
itm_picts_hoodtunic_18_pl|Piktische leichte Rüstung
itm_linen_tunic|Piktische Tunika
itm_linen_tunic_pl|Piktische Tunika
itm_woman_saxon1|Sächsische Gewänder
itm_woman_saxon1_pl|Sächsische Gewänder
itm_woman_saxon2|Sächsische Gewänder
itm_woman_saxon2_pl|Sächsische Gewänder
itm_woman_saxon3|Sächsische Gewänder
itm_woman_saxon3_pl|Sächsische Gewänder
itm_woman_saxon4|Sächsische Gewänder
itm_woman_saxon4_pl|Sächsische Gewänder
itm_woman_saxon5|Sächsische Gewänder
itm_woman_saxon5_pl|Sächsische Gewänder
itm_woman_saxon6|Sächsische Gewänder
itm_woman_saxon6_pl|Sächsische Gewänder
itm_woman_saxon7|Sächsische Gewänder
itm_woman_saxon7_pl|Sächsische Gewänder
itm_woman_saxon8|Sächsische Gewänder
itm_woman_saxon8_pl|Sächsische Gewänder
itm_woman_saxon9|Sächsische Gewänder
itm_woman_saxon9_pl|Sächsische Gewänder
itm_woman_saxon10|Sächsische Gewänder
itm_woman_saxon10_pl|Sächsische Gewänder
itm_woman_saxon11|Sächsische Gewänder
itm_woman_saxon11_pl|Sächsische Gewänder
itm_richwoman_saxon1|Prächtige Sächsischer Rock
itm_richwoman_saxon1_pl|Sächsische Gewänder
itm_richwoman_saxon2|Sächsische Gewänder
itm_richwoman_saxon2_pl|Sächsische Gewänder
itm_richwoman_saxon3|Sächsische Gewänder
itm_richwoman_saxon3_pl|Sächsische Gewänder
itm_richwoman_saxon4|Sächsische Gewänder
itm_richwoman_saxon4_pl|Sächsische Gewänder
itm_richwoman_saxon5|Sächsische Gewänder
itm_richwoman_saxon5_pl|Sächsische Gewänder
itm_richwoman_saxon6|Sächsische Gewänder
itm_richwoman_saxon6_pl|Sächsische Gewänder
itm_richwoman_saxon7|Sächsische Gewänder
itm_richwoman_saxon7_pl|Sächsische Gewänder
itm_richwoman_saxon8|Sächsische Gewänder
itm_richwoman_saxon8_pl|Sächsische Gewänder
itm_richwoman_saxon9|Sächsische Gewänder
itm_richwoman_saxon9_pl|Sächsische Gewänder
itm_queenwoman_saxon|Königliche Sächsischer Rock
itm_queenwoman_saxon_pl|Königliche Sächsische Gewänder
itm_queenpict_long_tunic|Königlicher Rock
itm_queenpict_long_tunic_pl|Königliche Gewänder
itm_pict_richlong_tunic1|Königliche Gewänder
itm_pict_richlong_tunic1_pl|Königliche Gewänder
itm_pict_richlong_tunic2|Königliche Gewänder
itm_pict_richlong_tunic2_pl|Königliche Gewänder
itm_pict_richlong_tunic3|Königliche Gewänder
itm_pict_richlong_tunic3_pl|Königliche Gewänder
itm_pict_long_tunic1|Rock
itm_pict_long_tunic1_pl|Gewänder
itm_pict_long_tunic2|Gewänder
itm_pict_long_tunic2_pl|Gewänder
itm_pict_long_tunic3|Gewänder
itm_pict_long_tunic3_pl|Gewänder
itm_pict_long_tunic4|Gewänder
itm_pict_long_tunic4_pl|Gewänder
itm_pict_long_tunic5|Gewänder
itm_pict_long_tunic5_pl|Gewänder
itm_pict_long_tunic6|Gewänder
itm_pict_long_tunic6_pl|Gewänder
itm_woman_norse1|Nordischer Rock
itm_woman_norse1_pl|Nordische Gewänder
itm_woman_norse2|Nordische Gewänder
itm_woman_norse2_pl|Nordische Gewänder
itm_woman_norse3|Nordische Gewänder
itm_woman_norse3_pl|Nordische Gewänder
itm_woman_norse4|Nordische Gewänder
itm_woman_norse4_pl|Nordische Gewänder
itm_woman_norse5|Nordische Gewänder
itm_woman_norse5_pl|Nordische Gewänder
itm_woman_norse6|Nordische Gewänder
itm_woman_norse6_pl|Nordische Gewänder
itm_richwoman_norse1|Königlicher Nordischer Rock
itm_richwoman_norse1_pl|Königlicher Nordischer Rock
itm_richwoman_norse2|Königlicher Nordischer Rock
itm_richwoman_norse2_pl|Königlicher Nordischer Rock
itm_richwoman_norse3|Königlicher Nordischer Rock
itm_richwoman_norse3_pl|Königlicher Nordischer Rock
itm_richwoman_norse4|Königlicher Nordischer Rock
itm_richwoman_norse4_pl|Königlicher Nordischer Rock
itm_btunic_1woman|Tunika
itm_btunic_1woman_pl|Tunika
itm_btunic_2woman|Angle Leichte Rüstung 
itm_btunic_2woman_pl|Angle Leichte Rüstung 
itm_btunic_3woman|Friesische Tunika
itm_btunic_3woman_pl|Friesische Tunika
itm_btunic_4woman|Friesische Tunika
itm_btunic_4woman_pl|Friesische Tunika
itm_btunic_5woman|Friesische Tunika
itm_btunic_5woman_pl|Friesische Tunika
itm_btunic_6woman|Friesische Tunika
itm_btunic_6woman_pl|Friesische Tunika
itm_btunic_7woman|Angle  Tunika
itm_btunic_7woman_pl|Angle  Tunika
itm_btunic_8woman|Einfache Tunika
itm_btunic_8woman_pl|Einfache Tunika
itm_ptunic_1woman|Einfache Tunika
itm_ptunic_1woman_pl|Einfache Tunika
itm_ptunic_2woman|Einfache Tunika
itm_ptunic_2woman_pl|Einfache Tunika
itm_ptunic_3woman|Einfache Tunika
itm_ptunic_3woman_pl|Einfache Tunika
itm_ptunic_4woman|Einfache Tunika
itm_ptunic_4woman_pl|Einfache Tunika
itm_ptunic_5woman|Einfache Tunika
itm_ptunic_5woman_pl|Einfache Tunika
itm_ptunic_6woman|Einfache Tunika
itm_ptunic_6woman_pl|Einfache Tunika
itm_ptunic_7woman|Einfache Tunika
itm_ptunic_7woman_pl|Einfache Tunika
itm_gaeltunic_1woman|Friesische Tunika
itm_gaeltunic_1woman_pl|Friesische Tunika
itm_gaeltunic_2woman|Friesische Tunika
itm_gaeltunic_2woman_pl|Friesische Tunika
itm_gaeltunic_3woman|Friesische Tunika
itm_gaeltunic_3woman_pl|Friesische Tunika
itm_gaeltunic_4woman|Friesische leichte Rüstung
itm_gaeltunic_4woman_pl|Friesische leichte Rüstung
itm_gaeltunic_5woman|Friesische Tunika
itm_gaeltunic_5woman_pl|Friesische Tunika
itm_gaeltunic_6woman|Friesische Tunika
itm_gaeltunic_6woman_pl|Friesische Tunika
itm_gaeltunic_7woman|Friesische Tunika
itm_gaeltunic_7woman_pl|Friesische Tunika
itm_gaeltunic_8woman|Friesische Tunika
itm_gaeltunic_8woman_pl|Friesische Tunika
itm_britontunic_1woman|Bärenfell
itm_britontunic_1woman_pl|Bärenfell
itm_britontunic_2woman|Bärenfell
itm_britontunic_2woman_pl|Bärenfell
itm_britontunic_3woman|Bärenfell
itm_britontunic_3woman_pl|Bärenfell
itm_britontunic_4woman|Bärenfell
itm_britontunic_4woman_pl|Bärenfell
itm_britontunic_5woman|Wolfsfell
itm_britontunic_5woman_pl|Wolfsfell
itm_britontunic_6woman|Wolfsfell
itm_britontunic_6woman_pl|Wolfsfell
itm_britontunic_7woman|Wolfsfell
itm_britontunic_7woman_pl|Wolfsfell
itm_britontunic_8woman|Wolfsfell
itm_britontunic_8woman_pl|Wolfsfell
itm_veil_a|Schleier
itm_veil_a_pl|Schleier
itm_veil_b|Schleier
itm_veil_b_pl|Schleier
itm_veil_c|Schleier
itm_veil_c_pl|Schleier
itm_veil_d|Schleier
itm_veil_d_pl|Schleier
itm_veil_e|Schleier
itm_veil_e_pl|Schleier
itm_veil_f|Schleier
itm_veil_f_pl|Schleier
itm_elite_veil_1|Königlicher Schleier
itm_elite_veil_1_pl|Königlicher Schleier
itm_elite_veil_2|Königlicher Schleier
itm_elite_veil_2_pl|Königlicher Schleier
itm_elite_veil_3|Königlicher Schleier
itm_elite_veil_3_pl|Königlicher Schleier
itm_elite_veil_4|Königlicher Schleier
itm_elite_veil_4_pl|Königlicher Schleier
itm_common_veil_a|Schleier
itm_common_veil_a_pl|Schleier
itm_common_veil_b|Schleier
itm_common_veil_b_pl|Schleier
itm_common_veil_c|Schleier
itm_common_veil_c_pl|Schleier
itm_common_veil_d|Schleier
itm_common_veil_d_pl|Schleier
itm_common_veil_e|Schleier
itm_common_veil_e_pl|Schleier
itm_common_veil_f|Schleier
itm_common_veil_f_pl|Schleier
itm_elite_veil_5|Königlicher Schleier
itm_elite_veil_5_pl|Königlicher Schleier
itm_elite_veil_6|Königlicher Schleier
itm_elite_veil_6_pl|Königlicher Schleier
itm_elite_veil_7|Königlicher Schleier
itm_elite_veil_7_pl|Königlicher Schleier
itm_elite_veil_8|Königlicher Schleier
itm_elite_veil_8_pl|Königlicher Schleier
itm_gambeson1|Sächsischer Wams
itm_gambeson1_pl|Sächsischer Wams
itm_gambeson2|Sächsischer Wams
itm_gambeson2_pl|Sächsischer Wams
itm_gambeson3|Sächsischer Wams
itm_gambeson3_pl|Sächsischer Wams
itm_gambeson4|Nordischer Wams
itm_gambeson4_pl|Nordischer Wams
itm_gambeson5|Nordischer Wams
itm_gambeson5_pl|Nordischer Wams
itm_gambeson6|Sächsischer Wams
itm_gambeson6_pl|Sächsischer Wams
itm_gambeson7|Sächsischer Wams
itm_gambeson7_pl|Sächsischer Wams
itm_gambeson8|Nordischer Wams
itm_gambeson8_pl|Nordischer Wams
itm_gambeson9|Sächsischer Wams
itm_gambeson9_pl|Sächsischer Wams
itm_gambeson10|Angle Wams
itm_gambeson10_pl|Angle Wams
itm_gambeson11|Angle Wams
itm_gambeson11_pl|Angle Wams
itm_gambeson12|Britannischer Waffenrock
itm_gambeson12_pl|Britannischer Waffenrock
itm_gambeson13|Nordischer Wams
itm_gambeson13_pl|Nordischer Wams
itm_gambeson14|Nordischer Wams
itm_gambeson14_pl|Nordischer Wams
itm_gambeson15|Sächsischer langer Wams
itm_gambeson15_pl|Sächsischer langer Wams
itm_gambeson16|Britannischer Waffenrock
itm_gambeson16_pl|Britannischer Waffenrock
itm_gambeson17|Angle Wams
itm_gambeson17_pl|Angle Wams
itm_gambeson18|Sächsischer langer Wams
itm_gambeson18_pl|Sächsischer langer Wams
itm_gambeson19|Friesischer Wams
itm_gambeson19_pl|Friesischer Wams
itm_gambeson20|Friesischer Wams
itm_gambeson20_pl|Friesischer Wams
itm_gambeson21|Gewöhnlicher Wams
itm_gambeson21_pl|Gewöhnlicher Wams
itm_gambeson22|Gewöhnlicher Wams
itm_gambeson22_pl|Gewöhnlicher Wams
itm_gambeson23|Gewöhnlicher Wams
itm_gambeson23_pl|Gewöhnlicher Wams
itm_gambeson24|Gewöhnlicher Wams
itm_gambeson24_pl|Gewöhnlicher Wams
itm_gambeson1gael|Piktischer Wams
itm_gambeson1gael_pl|Piktischer Wams
itm_gambeson2gael|Piktischer Wams
itm_gambeson2gael_pl|Piktischer Wams
itm_gambeson3gael|Piktischer Wams
itm_gambeson3gael_pl|Piktischer Wams
itm_gambeson4gael|Piktischer Wams
itm_gambeson4gael_pl|Piktischer Wams
itm_gambeson5gael|Piktischer Wams
itm_gambeson5gael_pl|Piktischer Wams
itm_gambeson6gael|Piktischer Wams
itm_gambeson6gael_pl|Piktischer Wams
itm_gambeson7gael|Piktischer Wams
itm_gambeson7gael_pl|Piktischer Wams
itm_gambeson8gael|Piktischer Wams
itm_gambeson8gael_pl|Piktischer Wams
itm_gambeson9gael|Goidelic Wams
itm_gambeson9gael_pl|Goidelic Wams
itm_gambeson10gael|Goidelic Wams
itm_gambeson10gael_pl|Goidelic Wams
itm_gambeson11gael|Goidelic Wams
itm_gambeson11gael_pl|Goidelic Wams
itm_gambeson12gael|Goidelic Wams
itm_gambeson12gael_pl|Goidelic Wams
itm_gambeson13gael|Goidelic Wams
itm_gambeson13gael_pl|Goidelic Wams
itm_gambeson14gael|Goidelic Wams
itm_gambeson14gael_pl|Goidelic Wams
itm_gambeson15gael|Goidelic Wams
itm_gambeson15gael_pl|Goidelic Wams
itm_gambeson16gael|Goidelic Wams
itm_gambeson16gael_pl|Goidelic Wams
itm_gambeson1cloak|Piktischer Wams
itm_gambeson1cloak_pl|Piktischer Wams
itm_gambeson2cloak|Piktischer Wams
itm_gambeson2cloak_pl|Piktischer Wams
itm_gambeson5cloak|Goidelic Wams
itm_gambeson5cloak_pl|Goidelic Wams
itm_gambeson6cloak|Goidelic Wams
itm_gambeson6cloak_pl|Goidelic Wams
itm_gambeson3cloak|Friesischer Wams
itm_gambeson3cloak_pl|Friesischer Wams
itm_gambeson4cloak|Friesischer Wams
itm_gambeson4cloak_pl|Friesischer Wams
itm_gambeson25|Nordischer langer Wams
itm_gambeson25_pl|Nordischer langer Wams
itm_gambeson26|Langer Wams Angle
itm_gambeson26_pl|Langer Wams Angle
itm_gambeson27|Nordischer langer Wams
itm_gambeson27_pl|Nordischer langer Wams
itm_gambeson28|Angle Wams
itm_gambeson28_pl|Angle Wams
itm_gambeson29|Nordischer langer Wams
itm_gambeson29_pl|Nordischer langer Wams
itm_gambeson30|Gewöhnlicher langrn Wams
itm_gambeson30_pl|Gewöhnlicher langrn Wams
itm_gambeson31|Gewöhnlicher langrn Wams
itm_gambeson31_pl|Gewöhnlicher langrn Wams
itm_gambeson32|Sächsischer langer Wams
itm_gambeson32_pl|Sächsischer langer Wams
itm_gambeson33|Friesischer langer Wams
itm_gambeson33_pl|Friesischer langer Wams
itm_gambeson34|Langer Wams Angle
itm_gambeson34_pl|Langer Wams Angle
itm_gambeson35|Nordischer Wams
itm_gambeson35_pl|Nordischer Wams
itm_gambeson36|langer Britannischer Waffenrock
itm_gambeson36_pl|langer Britannischer Waffenrock
itm_gambeson37|Britannischer Waffenrock
itm_gambeson37_pl|Britannischer Waffenrock
itm_gambeson38|langer Britannischer Waffenrock
itm_gambeson38_pl|langer Britannischer Waffenrock
itm_gambeson39|Langer Wams Angle
itm_gambeson39_pl|Langer Wams Angle
itm_gambeson40|langer Britannischer Waffenrock
itm_gambeson40_pl|langer Britannischer Waffenrock
itm_gambeson41|langer Britannischer Waffenrock
itm_gambeson41_pl|langer Britannischer Waffenrock
itm_gambeson42|Britannischer Waffenrock
itm_gambeson42_pl|Britannischer Waffenrock
itm_gambeson43|Nordischer langer Wams
itm_gambeson43_pl|Nordischer langer Wams
itm_gambeson44|Friesischer langer Wams
itm_gambeson44_pl|Friesischer langer Wams
itm_gambeson45|Angle Wams
itm_gambeson45_pl|Angle Wams
itm_gambeson46|Friesischer langer Wams
itm_gambeson46_pl|Friesischer langer Wams
itm_gambeson47|Gewöhnlicher langer Wams
itm_gambeson47_pl|Gewöhnlicher langer Wams
itm_gambeson48|Gewöhnlicher langer Wams
itm_gambeson48_pl|Gewöhnlicher langer Wams
itm_mail_shirt|Friesische Byrnie
itm_mail_shirt_pl|Friesische Byrnie
itm_mail_shirt_1|Gewöhnliche Byrnie
itm_mail_shirt_1_pl|Gewöhnlicher Byrnie
itm_mail_shirt_2|Piktischer Brustharnisch
itm_mail_shirt_2_pl|Piktischer Brustharnisch
itm_mail_shirt_3|Gewöhnlicher Byrnie
itm_mail_shirt_3_pl|Gewöhnlicher Byrnie
itm_mail_shirt_6|Piktischer Brustharnisch
itm_mail_shirt_6_pl|Piktischer Brustharnisch
itm_mail_shirt_7|Piktischer Brustharnisch
itm_mail_shirt_7_pl|Piktischer Brustharnisch
itm_mail_shirt_8|Getarnter Piktischer Brustharnisch
itm_mail_shirt_8_pl|Getarnter Piktischer Brustharnisch
itm_mail_shirt_9|Getarnter Piktischer Brustharnisch
itm_mail_shirt_9_pl|Getarnter Piktischer Brustharnisch
itm_mail_shirt_10|Erlesene britannische Brünne
itm_mail_shirt_10_pl|Erlesene britannische Brünne
itm_mail_shirt_11|Erlesene britannische Brünne
itm_mail_shirt_11_pl|Erlesene britannische Brünne
itm_mail_shirt_11_2|Friesische Byrnie
itm_mail_shirt_11_2_pl|Friesische Byrnie
itm_mail_shirt_11_3|Piktischer Brustharnisch
itm_mail_shirt_11_3_pl|Piktischer Brustharnisch
itm_mail_shirt_12|Gewöhnlicher Byrnie
itm_mail_shirt_12_pl|Gewöhnlicher Byrnie
itm_mail_shirt_13|Gewöhnlicher Byrnie
itm_mail_shirt_13_pl|Gewöhnlicher Byrnie
itm_mail_shirt_4|Friesische Byrnie
itm_mail_shirt_4_pl|Friesische Byrnie
itm_mail_shirt_5|Piktischer Brustharnisch
itm_mail_shirt_5_pl|Piktischer Brustharnisch
itm_mail_shirt_5_1|Erlesene britannische Brünne
itm_mail_shirt_5_1_pl|Erlesene britannische Brünne
itm_mail_shirt_5_2|Elite Sächsischer Halsberg
itm_mail_shirt_5_2_pl|Elite Sächsischer Halsberg
itm_mail_shirt_12_1|Gewöhnlicher Halsberg
itm_mail_shirt_12_1_pl|Gewöhnlicher Halsberg
itm_mail_shirt_12_2|Gewöhnlicher Halsberg
itm_mail_shirt_12_2_pl|Gewöhnlicher Halsberg
itm_mail_shirt_12_3|Gewöhnlicher Halsberg
itm_mail_shirt_12_3_pl|Gewöhnlicher Halsberg
itm_mail_shirt_12_4|Gewöhnlicher Halsberg
itm_mail_shirt_12_4_pl|Gewöhnlicher Halsberg
itm_mail_shirt_13_1|Elite Sächsischer Halsberg
itm_mail_shirt_13_1_pl|Elite Sächsischer Halsberg
itm_mail_shirt_13_2|Sächsischer Halsberg
itm_mail_shirt_13_2_pl|Sächsischer Halsberg
itm_mail_shirt_13_3|Sächsischer Halsberg
itm_mail_shirt_13_3_pl|Sächsischer Halsberg
itm_mail_shirt_13_4|Elite Sächsischer Brustharnisch
itm_mail_shirt_13_4_pl|Elite Sächsischer Brustharnisch
itm_byrnie|Gewöhnlicher Halsberg
itm_byrnie_pl|Gewöhnlicher Halsberg
itm_byrnie2|Friesischer Brustharnisch
itm_byrnie2_pl|Friesischer Brustharnisch
itm_byrnie3|Gewöhnlicher Halsberg
itm_byrnie3_pl|Gewöhnlicher Halsberg
itm_byrnie4|Britannische Brünne
itm_byrnie4_pl|Britannische Brünne
itm_byrnie5|Sächsischer Halsberg
itm_byrnie5_pl|Sächsischer Halsberg
itm_byrnie6|Britannische Brünne
itm_byrnie6_pl|Britannische Brünne
itm_byrnie7|Elite Frisischer Brustharnisch
itm_byrnie7_pl|Elite Frisischer Brustharnisch
itm_byrnie8|Elite Frisischer Halsberg
itm_byrnie8_pl|Elite Frisischer Halsberg
itm_byrnie9|Goidelic Brustharnisch
itm_byrnie9_pl|Goidelic Brustharnisch
itm_byrnie10|Goidelic Brustharnisch
itm_byrnie10_pl|Goidelic Brustharnisch
itm_byrnie11|Getarnter Goidelic Brustharnisch
itm_byrnie11_pl|Getarnter Goidelic Brustharnisch
itm_byrnie12|Getarnter Goidelic Brustharnisch
itm_byrnie12_pl|Getarnter Goidelic Brustharnisch
itm_byrnie13|Britannische Brünne
itm_byrnie13_pl|Britannische Brünne
itm_byrnie14|Britannische Brünne
itm_byrnie14_pl|Britannische Brünne
itm_byrnie15|bemäntelte britannische Brünne
itm_byrnie15_pl|bemäntelt britannische Brünne
itm_byrnie16|Nordische Hringserks
itm_byrnie16_pl|Nordische Hringserks
itm_byrnie17|Nordische Hringserks
itm_byrnie17_pl|Nordische Hringserks
itm_byrnie18|Nordische Hringserks
itm_byrnie18_pl|Nordische Hringserks
itm_byrnie19|Nordische Hringserks
itm_byrnie19_pl|Nordische Hringserks
itm_byrnie20|Friesischer Halsberg
itm_byrnie20_pl|Friesischer Halsberg
itm_byrnie21|Sächsischer Brustharnisch
itm_byrnie21_pl|Sächsischer Brustharnisch
itm_byrnie22|Sächsischer Halsberg
itm_byrnie22_pl|Sächsischer Halsberg
itm_byrnie23|Angle Halsberg
itm_byrnie23_pl|Angle Halsberg
itm_byrnie24|Angle Halsberg
itm_byrnie24_pl|Angle Halsberg
itm_byrnie25|Angle Halsberg
itm_byrnie25_pl|Angle Halsberg
itm_byrnie26|Angle Halsberg
itm_byrnie26_pl|Angle Halsberg
itm_byrnie27|Getarnter Angle Halsberg
itm_byrnie27_pl|Getarnter Angle Halsberg
itm_byrnie28|Angle Halsberg mit Fell
itm_byrnie28_pl|Angle Halsberg mit Fell
itm_byrnie29|Getarnter Angle Halsberg
itm_byrnie29_pl|Getarnter Angle Halsberg
itm_byrnie30|Angle Halsberg mit Fell
itm_byrnie30_pl|Angle Halsberg mit Fell
itm_byrnie31|getarnte Nordische Hringserks
itm_byrnie31_pl|getarnte Nordische Hringserks
itm_byrnie32|Nordische Hringserks
itm_byrnie32_pl|Nordische Hringserks
itm_byrnie33|Nordische Hringserks mit Fell
itm_byrnie33_pl|Nordische Hringserks mit Fell
itm_byrnie34|Nordische Hringserks mit Fell
itm_byrnie34_pl|Nordische Hringserks mit Fell
itm_byrnie35|Friesischer Halsberg
itm_byrnie35_pl|Friesischer Halsberg
itm_byrnie36|Goidelic Brustharnisch
itm_byrnie36_pl|Goidelic Brustharnisch
itm_byrnie37|Goidelic Brustharnisch
itm_byrnie37_pl|Goidelic Brustharnisch
itm_byrnie38|Goidelic Brustharnisch
itm_byrnie38_pl|Goidelic Brustharnisch
itm_orm_byrnie|Orms Brustpanzer
itm_orm_byrnie_pl|Orms Brustpanzer
itm_lamellar_armor|Scale Brustpanzer
itm_lamellar_armor_pl|Scale Brustpanzer
itm_burlap_tunic|Burlap Tunika
itm_burlap_tunic_pl|Burlap Tunika
itm_hood_01|Kapuze
itm_hood_01_pl|Kapuze
itm_hood_02|Kapuze
itm_hood_02_pl|Kapuze
itm_phrygian1|Phrygische
itm_phrygian1_pl|Phrygische
itm_phrygian2|Phrygische
itm_phrygian2_pl|Phrygische
itm_phrygian3|Phrygische
itm_phrygian3_pl|Phrygische
itm_phrygian4|Phrygische
itm_phrygian4_pl|Phrygische
itm_phrygian5|Phrygische
itm_phrygian5_pl|Phrygische
itm_phrygian6|Phrygische
itm_phrygian6_pl|Phrygische
itm_phrygian7|Qualität Phrygisch
itm_phrygian7_pl|Qualität Phrygisch
itm_phrygian8|Qualität Phrygisch
itm_phrygian8_pl|Qualität Phrygisch
itm_phrygian9|Qualität Phrygisch
itm_phrygian9_pl|Qualität Phrygisch
itm_phrygian10|Qualität Phrygisch
itm_phrygian10_pl|Qualität Phrygisch
itm_phrygian11|Qualität Phrygisch
itm_phrygian11_pl|Qualität Phrygisch
itm_phrygian12|Qualität Phrygisch
itm_phrygian12_pl|Qualität Phrygisch
itm_phrygian13|Qualität Phrygisch
itm_phrygian13_pl|Qualität Phrygisch
itm_phrygian14|Verziertes Phrygisch
itm_phrygian14_pl|Verziertes Phrygisch
itm_phrygian15|Verziertes Phrygisch
itm_phrygian15_pl|Verziertes Phrygisch
itm_phrygian16|Verziertes Phrygisch
itm_phrygian16_pl|Verziertes Phrygisch
itm_phrygian17|Verziertes Phrygisch
itm_phrygian17_pl|Verziertes Phrygisch
itm_briton_helm|Leichter Helm
itm_briton_helm_pl|Einfacher Helm
itm_briton_helm2|Einfacher Helm
itm_briton_helm2_pl|Einfacher Helm
itm_briton_helm3|Alter Leichter Helm
itm_briton_helm3_pl|Alter Einfacher Helm
itm_briton_helm4|Alter Einfacher Helm
itm_briton_helm4_pl|Alter Einfacher Helm
itm_briton_helm5|Leichter Helm mit Leder
itm_briton_helm5_pl|Einfacher Helm mit Leder
itm_briton_helm6|Einfacher Helm mit Leder
itm_briton_helm6_pl|Einfacher Helm mit Leder
itm_briton_helm7|Alter Leichter Helm mit Leder
itm_briton_helm7_pl|Alter Leichter Helm mit Leder
itm_briton_helm8|Alter Leichter Helm mit Leder
itm_briton_helm8_pl|Alter Leichter Helm mit Leder
itm_briton_helm9|Kompletter Helm
itm_briton_helm9_pl|Kompletter Helm
itm_briton_helm10|Kompletter Helm
itm_briton_helm10_pl|Kompletter Helm
itm_briton_helm11|Alter kompletter Helm
itm_briton_helm11_pl|Alter kompletter Helm
itm_briton_helm12|Alter kompletter Helm
itm_briton_helm12_pl|Alter kompletter Helm
itm_briton_helm13|Kompletter Helm
itm_briton_helm13_pl|Kompletter Helm
itm_briton_helm14|Kompletter Helm
itm_briton_helm14_pl|Kompletter Helm
itm_briton_helm15|Kompletter Helm
itm_briton_helm15_pl|Kompletter Helm
itm_briton_helm16|Alter kompletter Helm
itm_briton_helm16_pl|Alter kompletter Helm
itm_briton_helm17|Alter kompletter Helm
itm_briton_helm17_pl|Alter kompletter Helm
itm_briton_helm18|Alter kompletter Helm
itm_briton_helm18_pl|Alter kompletter Helm
itm_briton_helm19|Helm mit Nasenschutz
itm_briton_helm19_pl|Helm mit Nasenschutz
itm_briton_helm20|Helm mit Nasenschutz
itm_briton_helm20_pl|Helm mit Nasenschutz
itm_briton_helm21|Helm mit Nasenschutz
itm_briton_helm21_pl|Helm mit Nasenschutz
itm_briton_helm22|Altes Helm mit Nasenschutz
itm_briton_helm22_pl|Altes Helm mit Nasenschutz
itm_briton_helm23|Altes Helm mit Nasenschutz
itm_briton_helm23_pl|Altes Helm mit Nasenschutz
itm_briton_helm24|Altes Helm mit Nasenschutz
itm_briton_helm24_pl|Altes Helm mit Nasenschutz
itm_briton_helm25|Helm mit Leder
itm_briton_helm25_pl|Helm mit Leder
itm_briton_helm26|Helm mit Leder
itm_briton_helm26_pl|Helm mit Leder
itm_briton_helm27|Helm mit Leder
itm_briton_helm27_pl|Helm mit Leder
itm_briton_helm28|Alter Helm mit Leder
itm_briton_helm28_pl|Alter Helm mit Leder
itm_briton_helm29|Alter Helm mit Leder
itm_briton_helm29_pl|Alter Helm mit Leder
itm_briton_helm30|Alter Helm mit Leder
itm_briton_helm30_pl|Alter Helm mit Leder
itm_briton_helm31|Helm mit Kettenpanzer
itm_briton_helm31_pl|Helm mit Kettenpanzer
itm_briton_helm32|Helm mit Kettenpanzer
itm_briton_helm32_pl|Helm mit Kettenpanzer
itm_briton_helm33|Helm mit Kettenpanzer
itm_briton_helm33_pl|Helm mit Kettenpanzer
itm_briton_helm34|Helm mit Kettenpanzer
itm_briton_helm34_pl|Helm mit Kettenpanzer
itm_briton_helm35|Kompletter Helm
itm_briton_helm35_pl|Kompletter Helm
itm_briton_helm36|Kompletter Helm
itm_briton_helm36_pl|Kompletter Helm
itm_briton_helm37|Kompletter Helm
itm_briton_helm37_pl|Kompletter Helm
itm_briton_helm38|Alter kompletter Helm
itm_briton_helm38_pl|Alter kompletter Helm
itm_briton_helm39|Alter kompletter Helm
itm_briton_helm39_pl|Alter kompletter Helm
itm_briton_helm40|Alter kompletter Helm
itm_briton_helm40_pl|Alter kompletter Helm
itm_spangenhelm_1|Leichter Helm
itm_spangenhelm_1_pl|Leichter Helm
itm_spangenhelm_2|Leichter Helm
itm_spangenhelm_2_pl|Leichter  Helm
itm_spangenhelm_3|Alter Leichter Helm
itm_spangenhelm_3_pl|Alter Leichter Helm
itm_spangenhelm_4|Alter Leichter Helm
itm_spangenhelm_4_pl|Alter Leichter Helm
itm_spangenhelm_5|Leichter  Helm mit Kettenpanzer
itm_spangenhelm_5_pl|Leichter  Helm mit Kettenpanzer
itm_spangenhelm_6|Leichter  Helm mit Kettenpanzer
itm_spangenhelm_6_pl|Leichter  Helm mit Kettenpanzer
itm_spangenhelm_7|Alter Leichter Helm mit Leder
itm_spangenhelm_7_pl|Alter Leichter Helm mit Leder
itm_spangenhelm_8|Alter Anglo Sächsischer Helm
itm_spangenhelm_8_pl|Alter Anglo Sächsischer Helm
itm_spangenhelm_9|Kompletter Helm
itm_spangenhelm_9_pl|Kompletter Helm
itm_spangenhelm_10|Kompletter Helm
itm_spangenhelm_10_pl|Kompletter Helm
itm_spangenhelm_11|Alter Anglo Sächsischer Helm
itm_spangenhelm_11_pl|Alter Anglo Sächsischer Helm
itm_spangenhelm_12|Alter Anglo Sächsischer Helm
itm_spangenhelm_12_pl|Alter Anglo Sächsischer Helm
itm_spangenhelm_13|Kompletter Helm
itm_spangenhelm_13_pl|Kompletter Helm
itm_spangenhelm_14|Kompletter Helm
itm_spangenhelm_14_pl|Kompletter Helm
itm_spangenhelm_15|Kompletter Helm
itm_spangenhelm_15_pl|Kompletter Helm
itm_spangenhelm_16|Elite Anglo Sächsischer Helm
itm_spangenhelm_16_pl|Elite Anglo Sächsischer Helm
itm_spangenhelm_17|Elite Anglo Sächsischer Helm
itm_spangenhelm_17_pl|Elite Anglo Sächsischer Helm
itm_spangenhelm_18|Sächsischer Helm
itm_spangenhelm_18_pl|Sächsischer Helm
itm_spangenhelm_19|Helm mit Nasenschutz
itm_spangenhelm_19_pl|Helm mit Nasenschutz
itm_spangenhelm_20|Helm mit Nasenschutz
itm_spangenhelm_20_pl|Helm mit Nasenschutz
itm_spangenhelm_21|Helm mit Nasenschutz
itm_spangenhelm_21_pl|Helm mit Nasenschutz
itm_spangenhelm_22|Helm mit Nasenschutz
itm_spangenhelm_22_pl|Helm mit Nasenschutz
itm_spangenhelm_23|Alter Helm
itm_spangenhelm_23_pl|Alter Helm
itm_spangenhelm_24|Altes Helm mit Nasenschutz
itm_spangenhelm_24_pl|Altes Helm mit Nasenschutz
itm_spangenhelm_25|Helm mit Leder
itm_spangenhelm_25_pl|Helm mit Leder
itm_spangenhelm_26|Helm mit Leder
itm_spangenhelm_26_pl|Helm mit Leder
itm_spangenhelm_27|Helm mit Leder
itm_spangenhelm_27_pl|Helm mit Leder
itm_spangenhelm_28|Alter Helm mit Leder
itm_spangenhelm_28_pl|Alter Helm mit Leder
itm_spangenhelm_29|Alter Helm mit Leder
itm_spangenhelm_29_pl|Alter Helm mit Leder
itm_spangenhelm_30|Sächsischer Helm mit Leder
itm_spangenhelm_30_pl|Sächsischer Helm mit Leder
itm_spangenhelm_31|Helm mit Kettenpanzer
itm_spangenhelm_31_pl|Helm mit Kettenpanzer
itm_spangenhelm_32|Helm mit Kettenpanzer
itm_spangenhelm_32_pl|Helm mit Kettenpanzer
itm_spangenhelm_33|Alter Helm mit Kettenpanzer
itm_spangenhelm_33_pl|Alter Helm mit Kettenpanzer
itm_spangenhelm_34|Alter Helm mit Kettenpanzer
itm_spangenhelm_34_pl|Alter Helm mit Kettenpanzer
itm_spangenhelm_35|Kompletter Helm
itm_spangenhelm_35_pl|Kompletter Helm
itm_spangenhelm_36|Kompletter Helm
itm_spangenhelm_36_pl|Kompletter Helm
itm_spangenhelm_37|Kompletter Helm
itm_spangenhelm_37_pl|Kompletter Helm
itm_spangenhelm_38|Alter kompletter Helm
itm_spangenhelm_38_pl|Alter kompletter Helm
itm_spangenhelm_39|Adliger Anglo Sächsischer Helm
itm_spangenhelm_39_pl|Adliger Anglo Sächsischer Helm
itm_spangenhelm_40|Adliger Anglo Sächsischer Helm
itm_spangenhelm_40_pl|Adliger Anglo Sächsischer Helm
itm_vikingold_helm|Altnordischer Helm
itm_vikingold_helm_pl|Altnordischer Helm
itm_vikingold_helm2|Altnordischer Helm
itm_vikingold_helm2_pl|Altnordischer Helm
itm_vikingold_helm3|Altnordischer Nasalhelm
itm_vikingold_helm3_pl|Altnordischer Nasalhelm
itm_vikingold_helm4|Altnordischer Nasalhelm
itm_vikingold_helm4_pl|Altnordischer Nasalhelm
itm_vikingold_helm5|Altnordischer Nasalhelm
itm_vikingold_helm5_pl|Altnordischer Nasalhelm
itm_vikingold_helm6|Altnordischer Nasalhelm
itm_vikingold_helm6_pl|Altnordischer Nasalhelm
itm_vikingold_helm7|Alter Helm
itm_vikingold_helm7_pl|Alter Helm
itm_vikingold_helm8|Alter Helm
itm_vikingold_helm8_pl|Alter Helm
itm_vikingold_helm9|Altnordischer Nasalhelm
itm_vikingold_helm9_pl|Altnordischer Nasalhelm
itm_vikingold_helm10|Altnordischer Nasalhelm
itm_vikingold_helm10_pl|Altnordischer Nasalhelm
itm_vikingold_helm11|Altnordischer Nasalhelm
itm_vikingold_helm11_pl|Altnordischer Nasalhelm
itm_vikingold_helm12|Altnordischer Nasalhelm
itm_vikingold_helm12_pl|Altnordischer Nasalhelm
itm_vikingold_helm13|Altnordischer Helm mit Kettenpanzer
itm_vikingold_helm13_pl|Altnordischer Helm mit Kettenpanzer
itm_vikingold_helm14|Altnordischer Helm mit Kettenpanzer
itm_vikingold_helm14_pl|Altnordischer Helm mit Kettenpanzer
itm_vikingold_helm15|Altnordischer Helm mit Kettenpanzer
itm_vikingold_helm15_pl|Altnordischer Helm mit Kettenpanzer
itm_vikingold_helm16|Altnordischer Helm mit Kettenpanzer
itm_vikingold_helm16_pl|Altnordischer Helm mit Kettenpanzer
itm_vikingold_helm17|Altnordischer Helm mit Kettenpanzer
itm_vikingold_helm17_pl|Altnordischer Helm mit Kettenpanzer
itm_vikingold_helm18|Altnordischer Helm mit Kettenpanzer
itm_vikingold_helm18_pl|Altnordischer Helm mit Kettenpanzer
itm_vikingold_helm19|Alter kompletter Nordischer Helm
itm_vikingold_helm19_pl|Alter kompletter Nordischer Helm
itm_vikingold_helm20|Alter kompletter Nordischer Helm
itm_vikingold_helm20_pl|Alter kompletter Nordischer Helm
itm_vikingold_helm21|Alter kompletter Nordischer Helm
itm_vikingold_helm21_pl|Alter kompletter Nordischer Helm
itm_vikingold_helm22|Alter kompletter Nordischer Helm
itm_vikingold_helm22_pl|Alter kompletter Nordischer Helm
itm_vikingold_helm23|Alter kompletter Nordischer Helm
itm_vikingold_helm23_pl|Alter kompletter Nordischer Helm
itm_vikingold_helm24|Alter kompletter Nordischer Helm
itm_vikingold_helm24_pl|Alter kompletter Nordischer Helm
itm_viking_helm|Leichter Nordischer Helm
itm_viking_helm_pl|Leichter Nordischer Helm
itm_viking_helm2|Leichter Nordischer Helm
itm_viking_helm2_pl|Leichter Nordischer Helm
itm_viking_helm3|Nordischen Nasalhelm
itm_viking_helm3_pl|Nordischen Nasalhelm
itm_viking_helm4|Nordischen Nasalhelm
itm_viking_helm4_pl|Nordischen Nasalhelm
itm_viking_helm5|Nordischen Nasalhelm
itm_viking_helm5_pl|Nordischen Nasalhelm
itm_viking_helm6|Nordischen Nasalhelm
itm_viking_helm6_pl|Nordischen Nasalhelm
itm_viking_helm7|Nordischer Helm
itm_viking_helm7_pl|Nordischer Helm
itm_viking_helm8|Nordischer Helm
itm_viking_helm8_pl|Nordischer Helm
itm_viking_helm9|Nordischer Nasalhelm
itm_viking_helm9_pl|Nordischer Nasalhelm
itm_viking_helm10|Nordischer Nasalhelm
itm_viking_helm10_pl|Nordischer Nasalhelm
itm_viking_helm11|Nordischer Nasalhelm
itm_viking_helm11_pl|Nordischer Nasalhelm
itm_viking_helm12|Nordischer Nasalhelm
itm_viking_helm12_pl|Nordischer Nasalhelm
itm_viking_helm13|Nordischer Helm mit Kettenpanzer
itm_viking_helm13_pl|Nordischer Helm mit Kettenpanzer
itm_viking_helm14|Nordischer Helm mit Kettenpanzer
itm_viking_helm14_pl|Nordischer Helm mit Kettenpanzer
itm_viking_helm15|Nordischer Nasalhelm
itm_viking_helm15_pl|Nordischer Nasalhelm
itm_viking_helm16|Nordischer Nasalhelm
itm_viking_helm16_pl|Nordischer Nasalhelm
itm_viking_helm17|Nordischer Nasalhelm
itm_viking_helm17_pl|Nordischer Nasalhelm
itm_viking_helm18|Nordischer Nasalhelm
itm_viking_helm18_pl|Nordischer Nasalhelm
itm_viking_helm19|Kompletter Nordischer Helm
itm_viking_helm19_pl|Kompletter Nordischer Helm
itm_viking_helm20|Kompletter Nordischer Helm
itm_viking_helm20_pl|Kompletter Nordischer Helm
itm_viking_helm21|Kompletter Nordischer Helm
itm_viking_helm21_pl|Kompletter Nordischer Helm
itm_viking_helm22|Kompletter Nordischer Helm
itm_viking_helm22_pl|Kompletter Nordischer Helm
itm_viking_helm23|Kompletter Nordischer Helm
itm_viking_helm23_pl|Kompletter Nordischer Helm
itm_viking_helm24|Kompletter Nordischer Helm
itm_viking_helm24_pl|Kompletter Nordischer Helm
itm_vikingold_elitehelm1|Altnordischer Helm
itm_vikingold_elitehelm1_pl|Altnordischer Helm
itm_vikingold_elitehelm2|Altnordischer Helm
itm_vikingold_elitehelm2_pl|Altnordischer Helm
itm_vikingold_elitehelm3|Altnordischer Helm
itm_vikingold_elitehelm3_pl|Altnordischer Helm
itm_vikingold_elitehelm4|Altnordischer Helm mit Leder
itm_vikingold_elitehelm4_pl|Altnordischer Helm mit Leder
itm_vikingold_elitehelm5|Altnordischer Helm mit Leder
itm_vikingold_elitehelm5_pl|Altnordischer Helm mit Leder
itm_vikingold_elitehelm6|Altnordischer Helm mit Kettenpanzer
itm_vikingold_elitehelm6_pl|Altnordischer Helm mit Kettenpanzer
itm_vikingold_elitehelm7|Altnordischer Helm mit Kettenpanzer
itm_vikingold_elitehelm7_pl|Altnordischer Helm mit Kettenpanzer
itm_vikingold_elitehelm8|Prächtig Nordischer Helm
itm_vikingold_elitehelm8_pl|Prächtiger Nordischer Helm
itm_vikingold_elitehelm9|Prächtiger Nordischer Helm
itm_vikingold_elitehelm9_pl|Prächtiger Nordischer Helm
itm_viking_elitehelm1|Nordischer Helm
itm_viking_elitehelm1_pl|Nordischer Helm
itm_viking_elitehelm2|Nordischer Helm
itm_viking_elitehelm2_pl|Nordischer Helm
itm_viking_elitehelm3|Nordischer Helm mit Leder
itm_viking_elitehelm3_pl|Nordischer Helm mit Leder
itm_viking_elitehelm4|Nordischer Helm
itm_viking_elitehelm4_pl|Nordischer Helm
itm_viking_elitehelm5|Nordischer Helm mit Leder
itm_viking_elitehelm5_pl|Nordischer Helm mit Leder
itm_viking_elitehelm6|Nordischer Helm mit Leder
itm_viking_elitehelm6_pl|Nordischer Helm mit Leder
itm_viking_elitehelm7|Nordischer Helm mit Kettenpanzer
itm_viking_elitehelm7_pl|Nordischer Helm mit Kettenpanzer
itm_viking_elitehelm8|Nordischer Helm mit Kettenpanzer
itm_viking_elitehelm8_pl|Nordischer Helm mit Kettenpanzer
itm_viking_elitehelm9|Nordischer Helm mit Kettenpanzer
itm_viking_elitehelm9_pl|Nordischer Helm mit Kettenpanzer
itm_viking_noblehelm1|Elite Nordischer Helm
itm_viking_noblehelm1_pl|Elite Nordischer Helm
itm_viking_noblehelm2|Elite Nordischer Helm mit Leder
itm_viking_noblehelm2_pl|Elite Nordischer Helm mit Leder
itm_viking_noblehelm3|Elite Nordischer Helm mit Kettenpanzer
itm_viking_noblehelm3_pl|Elite Nordischer Helm mit Kettenpanzer
itm_angle_helmet1|Adeliger Helm
itm_angle_helmet1_pl|Adeliger Helm
itm_angle_helmet2|Helm mit Leder
itm_angle_helmet2_pl|Helm mit Leder
itm_angle_helmet3|Helm mit Kettenpanzer
itm_angle_helmet3_pl|Helm mit Kettenpanzer
itm_angle_helmet4|Helm mit Kettenpanzer
itm_angle_helmet4_pl|Helm mit Kettenpanzer
itm_angle_helmet5|Alter kompletter Helm
itm_angle_helmet5_pl|Alter kompletter Helm
itm_angle_helmet6|Kompletter Helm
itm_angle_helmet6_pl|Kompletter Helm
itm_elf_helmet|Elf´s Helm
itm_elf_helmet_pl|Elf´s Helm
itm_noble_helm_smith|Adeliger Helm
itm_noble_helm_smith_pl|Adeliger Helm
itm_hersir_helm|Hersir Helm
itm_hersir_helm_pl|Hersir Helm
itm_crown1|Krone
itm_crown1_pl|Krone
itm_sarranid_horseman_helmet|Kein Kopf
itm_sarranid_horseman_helmet_pl|Kein Kopf
itm_saco_enlacabeza|Sack
itm_saco_enlacabeza_pl|Sack
itm_wooden_stick|Holzstab
itm_wooden_stick_pl|Holzstab
itm_club_hard|Keule
itm_club_hard_pl|Keule
itm_club_troll|Troll´s Axt
itm_club_troll_pl|Troll´s Axt
itm_knife|Jagdmesser
itm_knife_pl|Jagdmesser
itm_knife2|Jagdmesser
itm_knife2_pl|Jagdmesser
itm_knife3|Jagdmesser
itm_knife3_pl|Jagdmesser
itm_knife4|Jagdmesser
itm_knife4_pl|Jagdmesser
itm_knife5|Jagdmesser
itm_knife5_pl|Jagdmesser
itm_longseax1|Großer Sax
itm_longseax1_pl|Großer Sax
itm_longseax2|Großer Sax
itm_longseax2_pl|Großer Sax
itm_longseax3|Großer Sax
itm_longseax3_pl|Großer Sax
itm_longseax4|Großer Sax
itm_longseax4_pl|Großer Sax
itm_longseax5|Großer Sax
itm_longseax5_pl|Großer Sax
itm_longseax6|Langer Sax
itm_longseax6_pl|Langer Sax
itm_longseax7|Langer Sax
itm_longseax7_pl|Langer Sax
itm_longseax8|Langer Sax
itm_longseax8_pl|Langer Sax
itm_longseax9|Langer Sax
itm_longseax9_pl|Langer Sax
itm_longseax10|Langer Sax
itm_longseax10_pl|Langer Sax
itm_seax_1|Sax
itm_seax_1_pl|Sax
itm_seax_2|Sax
itm_seax_2_pl|Sax
itm_seax_3|Sax
itm_seax_3_pl|Sax
itm_seax_4|Sax
itm_seax_4_pl|Sax
itm_seax_5|Sax
itm_seax_5_pl|Sax
itm_ragnar_seax|Ragnar's Sax
itm_ragnar_seax_pl|Ragnar's Sax
itm_elf_seax|Elf's Sax
itm_elf_seax_pl|Elf's Sax
itm_spatha|Schwert
itm_spatha_pl|Schwert
itm_spatha_2|Schwert
itm_spatha_2_pl|Schwert
itm_spatha_3|Schwert
itm_spatha_3_pl|Schwert
itm_spatha_4|Schwert
itm_spatha_4_pl|Schwert
itm_spatha_5|Schwert
itm_spatha_5_pl|Schwert
itm_spatha_6|Schwert
itm_spatha_6_pl|Schwert
itm_spatha_7|Schwert
itm_spatha_7_pl|Schwert
itm_spatha_8|Schwert
itm_spatha_8_pl|Schwert
itm_sword|Schwert
itm_sword_pl|Schwert
itm_sword_2|Schwert
itm_sword_2_pl|Schwert
itm_sword_3|Schwert
itm_sword_3_pl|Schwert
itm_sword_4|Schwert
itm_sword_4_pl|Schwert
itm_sword_5|Nordisches Schwert
itm_sword_5_pl|Nordisches Schwert
itm_sword_6|Nordisches Schwert
itm_sword_6_pl|Nordisches Schwert
itm_sword_7|Nordisches Schwert
itm_sword_7_pl|Nordisches Schwert
itm_sword_8|Nordisches Schwert
itm_sword_8_pl|Nordisches Schwert
itm_new_sword1|Nordisches Schwert
itm_new_sword1_pl|Nordisches Schwert
itm_new_sword2|Nordisches Schwert
itm_new_sword2_pl|Nordisches Schwert
itm_new_sword3|Nordisches Schwert
itm_new_sword3_pl|Nordisches Schwert
itm_new_sword4|Nordisches Schwert
itm_new_sword4_pl|Nordisches Schwert
itm_new_sword5|Nordisches Schwert
itm_new_sword5_pl|Nordisches Schwert
itm_new_sword6|Nordisches Schwert
itm_new_sword6_pl|Nordisches Schwert
itm_noble_sword|Prächiges Schwert
itm_noble_sword_pl|Prächiges Schwert
itm_noble_sword_2|Ulfberth Schwert
itm_noble_sword_2_pl|Ulfberth-Schwert
itm_noble_sword_3|Falsches Ulfberth Schwert
itm_noble_sword_3_pl|Falsches Ulfberth Schwert
itm_noble_sword_4|Prächiges Schwert
itm_noble_sword_4_pl|Prächiges Schwert
itm_noble_sword_5|Ulfberth-Schwert
itm_noble_sword_5_pl|Ulfberth-Schwert
itm_noble_sword_6|Falsches Ulfberth Schwert
itm_noble_sword_6_pl|Falsches Ulfberth Schwert
itm_old_swordv|Britannisches Schwert
itm_old_swordv_pl|Britannisches Schwert
itm_old_swordv2|Britannisches Schwert
itm_old_swordv2_pl|Britannisches Schwert
itm_old_swordv3|Britannisches Schwert
itm_old_swordv3_pl|Britannisches Schwert
itm_old_swordv4|Britannisches Schwert
itm_old_swordv4_pl|Britannisches Schwert
itm_old_swordv5|Britannisches Schwert
itm_old_swordv5_pl|Britannisches Schwert
itm_old_swordv6|Britannisches Schwert
itm_old_swordv6_pl|Britannisches Schwert
itm_old_swordv7|Britannisches Schwert
itm_old_swordv7_pl|Britannisches Schwert
itm_noble_sword_7|Prächtiges britannisches Schwert
itm_noble_sword_7_pl|Prächtiges britannisches Schwert
itm_noble_sword_8|Prächtiges britannisches Schwert
itm_noble_sword_8_pl|Prächtiges britannisches Schwert
itm_noble_sword_9|Prächtiges britannisches Schwert
itm_noble_sword_9_pl|Prächtiges britannisches Schwert
itm_noble_sword_10|Prächtiges britannisches Schwert
itm_noble_sword_10_pl|Prächtiges britannisches Schwert
itm_noble_sword_11|Prächtiges britannisches Schwert
itm_noble_sword_11_pl|Prächtiges britannisches Schwert
itm_noble_sword_12|Prächtiges britannisches Schwert
itm_noble_sword_12_pl|Prächtiges britannisches Schwert
itm_noble_sword_13|Prächtiges britannisches Schwert
itm_noble_sword_13_pl|Prächtiges britannisches Schwert
itm_noble_swordv|Falsches Ulfberth Schwert
itm_noble_swordv_pl|Falsches Ulfberth Schwert
itm_noble_swordv3|Falsches Ulfberth Schwert
itm_noble_swordv3_pl|Falsches Ulfberth Schwert
itm_noble_swordv4|Ulfberth-Schwert
itm_noble_swordv4_pl|Ulfberth-Schwert
itm_noble_swordv5|Schwert
itm_noble_swordv5_pl|Schwert
itm_noble_swordv6|Schwert
itm_noble_swordv6_pl|Schwert
itm_noble_swordv7|Prächiges Schwert
itm_noble_swordv7_pl|Prächiges Schwert
itm_irish_long_sword1|Gälisches adeliges Langschwert
itm_irish_long_sword1_pl|Gälisches adeliges Langschwert
itm_irish_long_sword2|Gälisches adeliges Langschwert
itm_irish_long_sword2_pl|Gälisches adeliges Langschwert
itm_irish_long_sword3|Goidelic Langschwert
itm_irish_long_sword3_pl|Goidelic Langschwert
itm_irish_long_sword4|Goidelic Langschwert
itm_irish_long_sword4_pl|Goidelic Langschwert
itm_irish_long_sword5|Goidelic Langschwert
itm_irish_long_sword5_pl|Goidelic Langschwert
itm_irish_long_sword6|Goidelic Langschwert
itm_irish_long_sword6_pl|Goidelic Langschwert
itm_irish_long_sword7|Goidelic Langschwert
itm_irish_long_sword7_pl|Goidelic Langschwert
itm_irish_long_sword8|Goidelic Langschwert
itm_irish_long_sword8_pl|Goidelic Langschwert
itm_irish_short_sword1|Goidelic Kurzschwert
itm_irish_short_sword1_pl|Goidelic Kurzschwert
itm_irish_short_sword2|Goidelic Kurzschwert
itm_irish_short_sword2_pl|Goidelic Kurzschwert
itm_irish_short_sword3|Goidelic Kurzschwert
itm_irish_short_sword3_pl|Goidelic Kurzschwert
itm_championsword1|Goidelic Meisterschwert
itm_championsword1_pl|Goidelic Meisterschwert
itm_championsword2|Goidelic Meisterschwert
itm_championsword2_pl|Goidelic Meisterschwert
itm_widow_maker|Witwenmacher
itm_widow_maker_pl|Witwenmacher
itm_suttonhoosword2|Bandit Königsschwert
itm_suttonhoosword2_pl|Bandit Königsschwert
itm_siren_song|Laufi
itm_siren_song_pl|Laufi
itm_sword_of_war|Olvir´s Schwert
itm_sword_of_war_pl|Olvir´s Schwert
itm_sword_premium1|Nad
itm_sword_premium1_pl|Nad
itm_sword_premium2|Draguandil
itm_sword_premium2_pl|Draguandil
itm_sword_premium3|Blynjubitr
itm_sword_premium3_pl|Blynjubitr
itm_hatchet|Axt
itm_hatchet_pl|Axt
itm_axe|Axt
itm_axe_pl|Axt
itm_axe_2|Kurze Axt
itm_axe_2_pl|Kurze Axt
itm_hand_axe|Kurze Axt
itm_hand_axe_pl|Kurze Axt
itm_axe_3|Lange Axt
itm_axe_3_pl|Lange Axt
itm_axe_4|Lange Axt
itm_axe_4_pl|Lange Axt
itm_one_handed_war_axe_a|Kurze Streitaxt
itm_one_handed_war_axe_a_pl|Kurze Streitaxt
itm_one_handed_war_axe_b|Kurze Streitaxt
itm_one_handed_war_axe_b_pl|Kurze Streitaxt
itm_one_handed_war_axe_c|Kurze Streitaxt
itm_one_handed_war_axe_c_pl|Kurze Streitaxt
itm_one_handed_war_axe_d|Kurze Streitaxt
itm_one_handed_war_axe_d_pl|Kurze Streitaxt
itm_one_handed_war_axe_e|Lange Streitaxt
itm_one_handed_war_axe_e_pl|Lange Streitaxt
itm_one_handed_war_axe_f|Lange Streitaxt
itm_one_handed_war_axe_f_pl|Lange Streitaxt
itm_axe_5|Lange Handaxt
itm_axe_5_pl|Lange Handaxt
itm_axe_6|Handaxt
itm_axe_6_pl|Handaxt
itm_axe_7|Kurzer Handaxt
itm_axe_7_pl|Kurzer Handaxt
itm_axe_8|Kurzer Handaxt
itm_axe_8_pl|Kurzer Handaxt
itm_axe_9|Handaxt
itm_axe_9_pl|Handaxt
itm_axe_10|Große Handaxt
itm_axe_10_pl|Große Handaxt
itm_pictish_hatchet|Goidelic Axt
itm_pictish_hatchet_pl|Goidelic Axt
itm_pictish_hatchet2|Goidelic Axt
itm_pictish_hatchet2_pl|Goidelic Axt
itm_pictish_hatchet3|Goidelic  Langaxt
itm_pictish_hatchet3_pl|Goidelic  Langaxt
itm_pictish_hatchet4|Goidelic  Langaxt
itm_pictish_hatchet4_pl|Goidelic  Langaxt
itm_pictish_hatchet5|Piktische Axt
itm_pictish_hatchet5_pl|Piktische Axt
itm_pictish_hatchet6|Piktische Axt
itm_pictish_hatchet6_pl|Piktische Axt
itm_pictish_hatchet7|Piktische Axt
itm_pictish_hatchet7_pl|Piktische Axt
itm_pictish_hatchet8|Kurze Piktische Axt
itm_pictish_hatchet8_pl|Kurze Piktische Axt
itm_pictish_hatchet9|Große Piktische Axt
itm_pictish_hatchet9_pl|Große Piktische Axt
itm_pictish_hatchet10|Große Piktische Axt
itm_pictish_hatchet10_pl|Große Piktische Axt
itm_pictish_hatchet11|Goidelic Beil
itm_pictish_hatchet11_pl|Goidelic Beil
itm_pictish_hatchet12|Goidelic Beil
itm_pictish_hatchet12_pl|Goidelic Beil
itm_pictish_hatchet13|Kurzer Goidelic Beil
itm_pictish_hatchet13_pl|Kurzer Goidelic Beil
itm_pictish_hatchet14|Kurzer Goidelic Beil
itm_pictish_hatchet14_pl|Kurzer Goidelic Beil
itm_pictish_hatchet15|Goidelic langes Beil
itm_pictish_hatchet15_pl|Goidelic langes Beil
itm_pictish_hatchet16|Goidelic langes Beil
itm_pictish_hatchet16_pl|Goidelic langes Beil
itm_pictish_hatchet17|Edle Goidelic Axt
itm_pictish_hatchet17_pl|Edle Goidelic Axt
itm_pictish_hatchet18|Edle Goidelic Axt
itm_pictish_hatchet18_pl|Edle Goidelic Axt
itm_long_axe_b|Holzfäller
itm_long_axe_b_pl|Holzfäller
itm_frankish_axe|Fränkische Streitaxt
itm_frankish_axe_pl|Fränkische Streitaxt
itm_staff|Stab
itm_staff_pl|Stab
itm_quarter_staff|Knüppel
itm_quarter_staff_pl|Knüppel
itm_pitch_fork|Heugabel
itm_pitch_fork_pl|Heugabel
itm_battle_fork|Shepherds Stab
itm_battle_fork_pl|Shepherds Stab
itm_light_spear1|Leichter Speer
itm_light_spear1_pl|Leichter Speer
itm_light_spear2|Leichter Speer
itm_light_spear2_pl|Leichter Speer
itm_light_spear3|Leichter Speer
itm_light_spear3_pl|Leichter Speer
itm_light_spear4|Leichter Speer
itm_light_spear4_pl|Leichter Speer
itm_war_spear1|Kriegs Speer
itm_war_spear1_pl|Kriegs Speer
itm_war_spear2|Kriegs Speer
itm_war_spear2_pl|Kriegs Speer
itm_war_spear3|Kriegs Speer
itm_war_spear3_pl|Kriegs Speer
itm_heavy_spear1|Lanze
itm_heavy_spear1_pl|Lanze
itm_heavy_spear2|Lanze
itm_heavy_spear2_pl|Lanze
itm_heavy_spear3|Lanze
itm_heavy_spear3_pl|Lanze
itm_long_light_spear1|Leichter langspeer
itm_long_light_spear1_pl|Leichter langspeer
itm_long_light_spear2|Leichter langspeer
itm_long_light_spear2_pl|Leichter langspeer
itm_long_war_spear1|Langer Kriegsspeer
itm_long_war_spear1_pl|Langer Kriegsspeer
itm_long_war_spear2|Langer Kriegsspeer
itm_long_war_spear2_pl|Langer Kriegsspeer
itm_long_heavy_spear1|Schwere Lanze
itm_long_heavy_spear1_pl|Schwere Lanze
itm_long_heavy_spear2|Schwere Lanze
itm_long_heavy_spear2_pl|Schwere Lanze
itm_new_mace|Ray
itm_new_mace_pl|Ray
itm_premium_spear1|Gungnir
itm_premium_spear1_pl|Gungnir
itm_standard|Militärbanner
itm_standard_pl|Militärbanner
itm_standard_dragon|Drachenbanner
itm_standard_dragon_pl|Drachenbanner
itm_horn|Horn
itm_horn_pl|Horn
itm_horn_multi|Horn
itm_horn_multi_pl|Horn
itm_wooden_shield|Rundschild
itm_wooden_shield_pl|Rundschild
itm_viking_shield_round_06|Rundschild
itm_viking_shield_round_06_pl|Rundschild
itm_viking_shield_round_07|Rundschild
itm_viking_shield_round_07_pl|Rundschild
itm_viking_shield_round_10|Rundschild
itm_viking_shield_round_10_pl|Rundschild
itm_viking_shield_round_11|Rundschild
itm_viking_shield_round_11_pl|Rundschild
itm_viking_shield_round_08|Rundschild
itm_viking_shield_round_08_pl|Rundschild
itm_viking_shield_round_09|Rundschild
itm_viking_shield_round_09_pl|Rundschild
itm_viking_shield_round_12|Rundschild
itm_viking_shield_round_12_pl|Rundschild
itm_viking_shield_round_13|Rundschild
itm_viking_shield_round_13_pl|Rundschild
itm_viking_shield_round_01|Rohleder Schiuld
itm_viking_shield_round_01_pl|Rohleder Schild
itm_viking_shield_round_02|Rohleder Schild
itm_viking_shield_round_02_pl|Rohleder Schild
itm_viking_shield_round_03|Rohleder Schild
itm_viking_shield_round_03_pl|Rohleder Schild
itm_viking_shield_round_14|Rohleder Schild
itm_viking_shield_round_14_pl|Rohleder Schild
itm_viking_shield_round_15|Rohleder Schild
itm_viking_shield_round_15_pl|Rohleder Schild
itm_viking_shield_round_04|Rohleder Rundschild
itm_viking_shield_round_04_pl|Rohleder Rundschild
itm_viking_shield_round_05|Rohleder Rundschild
itm_viking_shield_round_05_pl|Rohleder Rundschild
itm_viking_shield_round_16|Rohleder Rundschild
itm_viking_shield_round_16_pl|Rohleder Rundschild
itm_viking_shield_round_17|Rohleder Rundschild
itm_viking_shield_round_17_pl|Rohleder Rundschild
itm_viking_shield_round_18|Rohleder Rundschild
itm_viking_shield_round_18_pl|Rohleder Rundschild
itm_viking_shield_round_19|Rohleder Rundschild
itm_viking_shield_round_19_pl|Rohleder Rundschild
itm_viking_shield_round_20|Rohleder Rundschild
itm_viking_shield_round_20_pl|Rohleder Rundschild
itm_viking_shield_round_21|Rohleder Rundschild
itm_viking_shield_round_21_pl|Rohleder Rundschild
itm_shield_1|Gekrümmtes Schild
itm_shield_1_pl|Gekrümmtes Schild
itm_shield_2|Gekrümmtes Schild
itm_shield_2_pl|Gekrümmtes Schild
itm_shield_3|Gekrümmtes Schild
itm_shield_3_pl|Gekrümmtes Schild
itm_shield_4|Gekrümmtes Schild
itm_shield_4_pl|Gekrümmtes Schild
itm_shield_5|Gekrümmtes Schild
itm_shield_5_pl|Gekrümmtes Schild
itm_shield_6|Gekrümmtes Schild
itm_shield_6_pl|Gekrümmtes Schild
itm_shield_6_2|Gekrümmtes Schild
itm_shield_6_2_pl|Gekrümmtes Schild
itm_shield_7|Berserker Schild
itm_shield_7_pl|Berserker Schild
itm_shield_8|Berserker Schild
itm_shield_8_pl|Berserker Schild
itm_shield_9|Berserker Schild
itm_shield_9_pl|Berserker Schild
itm_shield_10|Rundschild
itm_shield_10_pl|Rundschild
itm_shield_11|Rohleder Schild
itm_shield_11_pl|Rohleder Schild
itm_shield_12|Svear Schild
itm_shield_12_pl|Svear Schild
itm_shield_13|Rundschild
itm_shield_13_pl|Rundschild
itm_shield_14|Rundschild
itm_shield_14_pl|Rundschild
itm_shield_15|Rohleder Schild
itm_shield_15_pl|Rohleder Schild
itm_shield_16|Rohleder Schild
itm_shield_16_pl|Rohleder Schild
itm_shield_17|Rundschild
itm_shield_17_pl|Rundschild
itm_shield_18|Rundschild
itm_shield_18_pl|Rundschild
itm_shield_19|Dänisches Schild
itm_shield_19_pl|Dänisches Schild
itm_shield_20|Nordmännisches Schild
itm_shield_20_pl|Nordmännisches Schild
itm_shield_21|Rundschild
itm_shield_21_pl|Rundschild
itm_gael_bigroundshield_01|Gael Rundschild
itm_gael_bigroundshield_01_pl|Gael Rundschild
itm_gael_bigroundshield_02|Gael Rundschild
itm_gael_bigroundshield_02_pl|Gael Rundschild
itm_gael_bigroundshield_03|Gael Rundschild
itm_gael_bigroundshield_03_pl|Gael Rundschild
itm_gael_bigroundshield_04|Gael Rundschild
itm_gael_bigroundshield_04_pl|Gael Rundschild
itm_gael_bigroundshield_05|Gael Rundschild
itm_gael_bigroundshield_05_pl|Gael Rundschild
itm_gael_bigroundshield_06|Gael Rundschild
itm_gael_bigroundshield_06_pl|Gael Rundschild
itm_gael_bigroundshield_07|Gael Rundschild
itm_gael_bigroundshield_07_pl|Gael Rundschild
itm_elf_shield|Elf´s Schild
itm_elf_shield_pl|Elf´s Schild
itm_tab_shield_round_c|Bemaltes Convexschild
itm_tab_shield_round_c_pl|Bemaltes Convexschild
itm_tab_shield_round_01_device|Bemaltes Rundschild
itm_tab_shield_round_01_device_pl|Bemaltes Rundschild
itm_tab_shield_round_01_nodevice|Bemaltes Rundschild
itm_tab_shield_round_01_nodevice_pl|Bemaltes Rundschild
itm_tab_shield_round_02_device|Bemaltes Rundschild
itm_tab_shield_round_02_device_pl|Bemaltes Rundschild
itm_tab_shield_round_02_nodevice|Bemaltes Rundschild
itm_tab_shield_round_02_nodevice_pl|Bemaltes Rundschild
itm_tab_shield_round_03_device|Bemaltes Rundschild
itm_tab_shield_round_03_device_pl|Bemaltes Rundschild
itm_tab_shield_round_03_nodevice|Bemaltes Rundschild
itm_tab_shield_round_03_nodevice_pl|Bemaltes Rundschild
itm_tab_shield_round_04_device|Bemaltes Rundschild
itm_tab_shield_round_04_device_pl|Bemaltes Rundschild
itm_tab_shield_round_04_nodevice|Bemaltes Rundschild
itm_tab_shield_round_04_nodevice_pl|Bemaltes Rundschild
itm_tab_shield_round_05_device|Bemaltes Convexschild
itm_tab_shield_round_05_device_pl|Bemaltes Convexschild
itm_tab_shield_round_05_nodevice|Bemaltes Convexschild
itm_tab_shield_round_05_nodevice_pl|Bemaltes Convexschild
itm_tab_shield_round_06_device|Bemaltes Convexschild
itm_tab_shield_round_06_device_pl|Bemaltes Convexschild
itm_tab_shield_round_06_nodevice|Bemaltes Convexschild
itm_tab_shield_round_06_nodevice_pl|Bemaltes Convexschild
itm_tab_shield_round_07_device|Bemaltes Rundschild
itm_tab_shield_round_07_device_pl|Bemaltes Rundschild
itm_tab_shield_round_07_nodevice|Bemaltes Rundschild
itm_tab_shield_round_07_nodevice_pl|Bemaltes Rundschild
itm_tab_shield_round_08_device|Bemaltes Convexschild
itm_tab_shield_round_08_device_pl|Bemaltes Convexschild
itm_tab_shield_round_08_nodevice|Bemaltes Convexschild
itm_tab_shield_round_08_nodevice_pl|Bemaltes Convexschild
itm_tab_shield_round_09_device|Bemaltes Rundschild
itm_tab_shield_round_09_device_pl|Bemaltes Rundschild
itm_tab_shield_round_09_nodevice|Bemaltes Rundschild
itm_tab_shield_round_09_nodevice_pl|Bemaltes Rundschild
itm_tab_shield_round_10_device|Bemaltes Convexschild
itm_tab_shield_round_10_device_pl|Bemaltes Convexschild
itm_tab_shield_round_10_nodevice|Bemaltes Convexschild
itm_tab_shield_round_10_nodevice_pl|Bemaltes Convexschild
itm_tab_shield_round_11_device|Bemaltes Convexschild
itm_tab_shield_round_11_device_pl|Bemaltes Convexschild
itm_tab_shield_round_11_nodevice|Bemaltes Convexschild
itm_tab_shield_round_11_nodevice_pl|Bemaltes Convexschild
itm_tab_shield_round_12_device|Bemaltes Rundschild
itm_tab_shield_round_12_device_pl|Bemaltes Rundschild
itm_tab_shield_round_12_nodevice|Bemaltes Rundschild
itm_tab_shield_round_12_nodevice_pl|Bemaltes Rundschild
itm_tab_shield_small_round_c|Kleines Rundschild
itm_tab_shield_small_round_c_pl|Kleines Rundschild
itm_small_roundsh1|Kleines Rundschild
itm_small_roundsh1_pl|Kleines Rundschild
itm_small_roundsh2|Kleines Rundschild
itm_small_roundsh2_pl|Kleines Rundschild
itm_small_roundsh3|Kleines Rundschild
itm_small_roundsh3_pl|Kleines Rundschild
itm_small_roundsh4|Kleines Rundschild
itm_small_roundsh4_pl|Kleines Rundschild
itm_small_roundsh5|Kleines Rundschild
itm_small_roundsh5_pl|Kleines Rundschild
itm_small_roundsh6|Kleines Rundschild
itm_small_roundsh6_pl|Kleines Rundschild
itm_h_shield1|H Schild
itm_h_shield1_pl|H Schild
itm_h_shield2|H Schild
itm_h_shield2_pl|H Schild
itm_h_shield3|H Schild
itm_h_shield3_pl|H Schild
itm_h_shield4|H Schild
itm_h_shield4_pl|H Schild
itm_h_shield5|H Schild
itm_h_shield5_pl|H Schild
itm_h_shield6|H Schild
itm_h_shield6_pl|H Schild
itm_squaresh_1|Viereckiges Schild
itm_squaresh_1_pl|Viereckiges Schild
itm_squaresh_2|Viereckiges Schild
itm_squaresh_2_pl|Viereckiges Schild
itm_squaresh_3|Viereckiges Schild
itm_squaresh_3_pl|Viereckiges Schild
itm_squaresh_4|Viereckiges Schild
itm_squaresh_4_pl|Viereckiges Schild
itm_squaresh_5|Viereckiges Schild
itm_squaresh_5_pl|Viereckiges Schild
itm_squaresh_6|Viereckiges Schild
itm_squaresh_6_pl|Viereckiges Schild
itm_darts|Leichter Wurfspeer
itm_darts_pl|Leichter Wurfspeer
itm_darts_melee|Leichter Wurfspeer
itm_darts_melee_pl|Leichter Wurfspeer
itm_javelin|Wurfspeer
itm_javelin_pl|Wurfspeer
itm_javelin_melee|Wurfspeer
itm_javelin_melee_pl|Wurfspeer
itm_javelin_skirmishes|Scharmützel Wurfspeere
itm_javelin_skirmishes_pl|Scharmützel Wurfspeere
itm_javelin_skirmishes_melee|Scharmützel Wurfspeer
itm_javelin_skirmishes_melee_pl|Scharmützel Wurfspeer
itm_javelin_skirmishesel|Schwere Wurfspeere
itm_javelin_skirmishesel_pl|Schwere Wurfspeere
itm_javelin_skirmishesel_melee|Schwerer Wurfspeer
itm_javelin_skirmishesel_melee_pl|Schwerer Wurfspeer
itm_javelin_jinetes|Reiter Wurfspeere
itm_javelin_jinetes_pl|Reiter Wurfspeere
itm_javelin_jinetes_melee|Reiter Wurfspeer
itm_javelin_jinetes_melee_pl|Reiter Wurfspeer
itm_throwing_spears|Wurfspeere
itm_throwing_spears_pl|Wurfspeere
itm_throwing_spear_melee|Wurfspeer
itm_throwing_spear_melee_pl|Wurfspeer
itm_throwing_spears2|Wurfspeere
itm_throwing_spears2_pl|Wurfspeere
itm_throwing_spear2_melee|Wurfspeer
itm_throwing_spear2_melee_pl|Wurfspeer
itm_stones|Steine
itm_stones_pl|Steine
itm_long_bow|Langbogen
itm_long_bow_pl|Langbogen
itm_long_bow2|Elite Langbogen
itm_long_bow2_pl|Elite Langbogen
itm_long_bow3|Hervorragender Langbogen
itm_long_bow3_pl|Hervorragender Langbogen
itm_hunting_crossbow|Piktische Armbrust
itm_hunting_crossbow_pl|Piktische Armbrust
itm_strong_bow|Dunkler Jäger
itm_strong_bow_pl|Dunkler Jäger
itm_war_bow|Augentöter
itm_war_bow_pl|Augentöter
itm_sling_rock1|Schleudersteine
itm_sling_rock1_pl|Schleudersteine
itm_sling_lead|Blei Schleuder
itm_sling_lead_pl|Blei Schleuder
itm_sling|Schleuder
itm_sling_pl|Schleuder
itm_sling2|Schleuder
itm_sling2_pl|Schleuder
itm_sling3|Schleuder
itm_sling3_pl|Schleuder
itm_sling_militar|Militär Schleuder
itm_sling_militar_pl|Militär Schleuder
itm_fustibalus1|Fustibalus
itm_fustibalus1_pl|Fustibalus
itm_fustibalus2|Fustibalus
itm_fustibalus2_pl|Fustibalus
itm_fustibalus_military|Militär Fustibalus
itm_fustibalus_military_pl|Militär Fustibalus
itm_torch|Fackeln
itm_torch_pl|Fackeln
itm_lyre|Leiter
itm_lyre_pl|Leiter
itm_lute|Lute
itm_lute_pl|Lute
itm_instruments_end|Instrumente Ende
itm_instruments_end_pl|Instrumente Ende
itm_court_dress|Hof Kleid
itm_court_dress_pl|Hof Kleid
itm_stones_siege|Belagerungs Steine
itm_stones_siege_pl|Belagerungs Steine
itm_trophy_a|Kampftrophäe
itm_trophy_a_pl|Kampftrophäe
itm_trophy_b|Kriegstrophäe
itm_trophy_b_pl|Kriegstrophäe
itm_trophy_c|Epischetrophäe
itm_trophy_c_pl|Epischetrophäe
itm_iniauhorn|Iniau Horn
itm_iniauhorn_pl|Iniau Horn
itm_tunic_with_green_cape|Tunika
itm_tunic_with_green_cape_pl|Tunika
itm_keys|Schlüsselbund
itm_keys_pl|Schlüsselbund
itm_bride_dress|Brautkleid
itm_bride_dress_pl|Brautkleid
itm_bride_crown|Blumengebinde
itm_bride_crown_pl|Blumengebinde
itm_bride_shoes|Brautschuhe
itm_bride_shoes_pl|Brautschuhe
itm_practice_bow_2|Langbogen
itm_practice_bow_2_pl|Langbogen
itm_practice_arrows_2|Pfeile
itm_practice_arrows_2_pl|Pfeile
itm_steel_bolts|Belagerungs Steine
itm_steel_bolts_pl|Belagerungs Steine
itm_heraldic_mail_with_tunic_b|Heraldische Tunika
itm_heraldic_mail_with_tunic_b_pl|Heraldische Tunika
itm_heraldic_mail_with_tabard|Heraldische Tunika mit Waffenrock
itm_heraldic_mail_with_tabard_pl|Heraldische Tunika mit Waffenrock
itm_thors_helmet|Thor's Helm
itm_thors_helmet_pl|Thor's Helm
itm_thors_armor|Thor's Harnisch
itm_thors_armor_pl|Thor's Harnisch
itm_thors_boots|Thor's Stiefel
itm_thors_boots_pl|Thor's Stiefel
itm_thors_hammer|Thor's Hammer
itm_thors_hammer_pl|Thor's Hammer
itm_deadly_bow|Tödlicher Bogen
itm_deadly_bow_pl|Tödlicher Bogen
itm_deadly_arrows|Tödliche Pfeile
itm_deadly_arrows_pl|Tödliche Pfeile
itm_honey|Honig
itm_honey_pl|Honig
itm_raw_leather|Häute
itm_raw_leather_pl|Häute
itm_furs|Pelze
itm_furs_pl|Pelze
itm_wool_cloth|Wollstoff
itm_wool_cloth_pl|Wollstoff
itm_oil|Öl
itm_oil_pl|Öl
itm_velvet|Samt
itm_velvet_pl|Samt
itm_work_axe|Axt
itm_work_axe_pl|Axt
itm_work_pickaxe|Spitzhacke
itm_work_pickaxe_pl|Spitzhacke
itm_work_pitchfork|Heugabel
itm_work_pitchfork_pl|Heugabel
itm_work_basket|Korb
itm_work_basket_pl|Korb
itm_torch2|Fackel
itm_torch2_pl|Fackel
itm_animal_boar|Wildschwein
itm_animal_boar_pl|Wildschwein
itm_animal_pig|Schwein
itm_animal_pig_pl|Schwein
itm_animal_piglet|Ferkel
itm_animal_piglet_pl|Ferkel
itm_animal_sheep|Schaf
itm_animal_sheep_pl|Schaf
itm_animal_sheep_b|Schaf
itm_animal_sheep_b_pl|Schaf
itm_animal_dog|Hund
itm_animal_dog_pl|Hund
itm_dog_companion_horse|Hund
itm_dog_companion_horse_pl|Hund
itm_magic_broom|Seltsamer Besen
itm_magic_broom_pl|Seltsamer Besen
itm_stones_mp|Steine
itm_stones_mp_pl|Steine
itm_invisible_armor|Kejserens nye Klaeder
itm_invisible_armor_pl|Kejserens nye Klaeder
itm_dog_bite|Biss
itm_dog_bite_pl|Biss
itm_addon_mail4|Bären Byrnie
itm_addon_mail4_pl|Bären Byrnie
itm_addon_mail5|Wolf Byrnie
itm_addon_mail5_pl|Wolf Byrnie
itm_addon_mail6|Bären Brustpanzer
itm_addon_mail6_pl|Bären Brustpanzer
itm_addon_mail7|Wolf Brustpanzer
itm_addon_mail7_pl|Wolf Brustpanzer
itm_lamellar_armor2|Schuppen Brustpanzer
itm_lamellar_armor2_pl|Schuppen Brustpanzer
itm_trophy_norse|Nordische Königstrophäe
itm_trophy_norse_pl|Nordische Königstrophäe
itm_trophy_cymry|Vrenhin Lloegr Trophäe
itm_trophy_cymry_pl|Vrenhin Lloegr Trophäe
itm_trophy_irish|Ard Ruire Trophäe
itm_trophy_irish_pl|Ard Ruire Trophäe
itm_trophy_saxon|Brytenwalda Trophäe
itm_trophy_saxon_pl|Brytenwalda Trophäe
itm_bonus_tunic_1|Abgesandtentunika
itm_bonus_tunic_1_pl|Abgesandtentunika
itm_bonus_tunic_2|Aldermanntunika
itm_bonus_tunic_2_pl|Aldermanntunika
itm_bonus_tunic_3|Händlertunika
itm_bonus_tunic_3_pl|Händlertunika
itm_bonus_dress_1|Edler Piktischer Rock
itm_bonus_dress_1_pl|Edler Piktischer Rock
itm_bonus_dress_2|Königliche Sächsische Gewänder
itm_bonus_dress_2_pl|Königliche Sächsische Gewänder
itm_bonus_dress_3|Edler Nordischer Rock
itm_bonus_dress_3_pl|Edler Nordischer Rock
itm_thors_javelins|Thor's Wurfspeere
itm_thors_javelins_pl|Thor's Wurfspeere
itm_decap_head|Kein Kopf
itm_decap_head_pl|Kein Kopf
itm_work_axe_mp|Axt
itm_work_axe_mp_pl|Axt
itm_pickaxe_mp|Spitzhacke
itm_pickaxe_mp_pl|Spitzhacke
itm_seax_1_mp|Alter Sax
itm_seax_1_mp_pl|Alter Sax
itm_spear_1_mp|Alter Speer
itm_spear_1_mp_pl|Alter Speer
itm_crossbow_mp|Piktische Armbrust
itm_crossbow_mp_pl|Piktische Armbrust
itm_bolts_mp|Bolzen
itm_bolts_mp_pl|Bolzen
itm_items_end|Items Ende
itm_items_end_pl|Items Ende
itm_noswing_club_troll|Troll´s Axt
itm_noswing_club_troll_pl|Troll´s Axt
itm_noswing_knife|Jagdmesser
itm_noswing_knife_pl|Jagdmesser
itm_noswing_knife2|Jagdmesser
itm_noswing_knife2_pl|Jagdmesser
itm_noswing_knife3|Jagdmesser
itm_noswing_knife3_pl|Jagdmesser
itm_noswing_knife4|Jagdmesser
itm_noswing_knife4_pl|Jagdmesser
itm_noswing_knife5|Jagdmesser
itm_noswing_knife5_pl|Jagdmesser
itm_noswing_longseax1|Breiter Sax
itm_noswing_longseax1_pl|Breiter Sax
itm_noswing_longseax2|Breiter Sax
itm_noswing_longseax2_pl|Breiter Sax
itm_noswing_longseax3|Breiter Sax
itm_noswing_longseax3_pl|Breiter Sax
itm_noswing_longseax4|Breiter Sax
itm_noswing_longseax4_pl|Breiter Sax
itm_noswing_longseax5|Breiter Sax
itm_noswing_longseax5_pl|Breiter Sax
itm_noswing_longseax6|Langer Sax
itm_noswing_longseax6_pl|Langer Sax
itm_noswing_longseax7|Langer Sax
itm_noswing_longseax7_pl|Langer Sax
itm_noswing_longseax8|Langer Sax
itm_noswing_longseax8_pl|Langer Sax
itm_noswing_longseax9|Langer Sax
itm_noswing_longseax9_pl|Langer Sax
itm_noswing_longseax10|Langer Sax
itm_noswing_longseax10_pl|Langer Sax
itm_noswing_seax_1|Sax
itm_noswing_seax_1_pl|Sax
itm_noswing_seax_2|Sax
itm_noswing_seax_2_pl|Sax
itm_noswing_seax_3|Sax
itm_noswing_seax_3_pl|Sax
itm_noswing_seax_4|Sax
itm_noswing_seax_4_pl|Sax
itm_noswing_seax_5|Sax
itm_noswing_seax_5_pl|Sax
itm_noswing_ragnar_seax|Ragnar's Sax
itm_noswing_ragnar_seax_pl|Ragnar's Sax
itm_noswing_elf_seax|Elf's Sax
itm_noswing_elf_seax_pl|Elf's Sax
itm_noswing_spatha|Schwert
itm_noswing_spatha_pl|Schwert
itm_noswing_spatha_2|Schwert
itm_noswing_spatha_2_pl|Schwert
itm_noswing_spatha_3|Schwert
itm_noswing_spatha_3_pl|Schwert
itm_noswing_spatha_4|Schwert
itm_noswing_spatha_4_pl|Schwert
itm_noswing_spatha_5|Schwert
itm_noswing_spatha_5_pl|Schwert
itm_noswing_spatha_6|Schwert
itm_noswing_spatha_6_pl|Schwert
itm_noswing_spatha_7|Schwert
itm_noswing_spatha_7_pl|Schwert
itm_noswing_spatha_8|Schwert
itm_noswing_spatha_8_pl|Schwert
itm_noswing_sword|Schwert
itm_noswing_sword_pl|Schwert
itm_noswing_sword_2|Schwert
itm_noswing_sword_2_pl|Schwert
itm_noswing_sword_3|Schwert
itm_noswing_sword_3_pl|Schwert
itm_noswing_sword_4|Schwert
itm_noswing_sword_4_pl|Schwert
itm_noswing_sword_5|Nordisches Schwert
itm_noswing_sword_5_pl|Nordisches Schwert
itm_noswing_sword_6|Nordisches Schwert
itm_noswing_sword_6_pl|Nordisches Schwert
itm_noswing_sword_7|Nordisches Schwert
itm_noswing_sword_7_pl|Nordisches Schwert
itm_noswing_sword_8|Nordisches Schwert
itm_noswing_sword_8_pl|Nordisches Schwert
itm_noswing_new_sword1|Nordisches Schwert
itm_noswing_new_sword1_pl|Nordisches Schwert
itm_noswing_new_sword2|Nordisches Schwert
itm_noswing_new_sword2_pl|Nordisches Schwert
itm_noswing_new_sword3|Nordisches Schwert
itm_noswing_new_sword3_pl|Nordisches Schwert
itm_noswing_new_sword4|Nordisches Schwert
itm_noswing_new_sword4_pl|Nordisches Schwert
itm_noswing_new_sword5|Nordisches Schwert
itm_noswing_new_sword5_pl|Nordisches Schwert
itm_noswing_new_sword6|Nordisches Schwert
itm_noswing_new_sword6_pl|Nordisches Schwert
itm_noswing_noble_sword|Prächiges Schwert
itm_noswing_noble_sword_pl|Prächiges Schwert
itm_noswing_noble_sword_2|Ulfberth-Schwert
itm_noswing_noble_sword_2_pl|Ulfberth-Schwert
itm_noswing_noble_sword_3|Falsches Ulfberth Schwert
itm_noswing_noble_sword_3_pl|Falsches Ulfberth Schwert
itm_noswing_noble_sword_4|Prächiges Schwert
itm_noswing_noble_sword_4_pl|Prächiges Schwert
itm_noswing_noble_sword_5|Ulfberth-Schwert
itm_noswing_noble_sword_5_pl|Ulfberth-Schwert
itm_noswing_noble_sword_6|Falsches Ulfberth Schwert
itm_noswing_noble_sword_6_pl|Falsches Ulfberth Schwert
itm_noswing_old_swordv|Britannisches Schwert
itm_noswing_old_swordv_pl|Britannisches Schwert
itm_noswing_old_swordv2|Britannisches Schwert
itm_noswing_old_swordv2_pl|Britannisches Schwert
itm_noswing_old_swordv3|Britannisches Schwert
itm_noswing_old_swordv3_pl|Britannisches Schwert
itm_noswing_old_swordv4|Britannisches Schwert
itm_noswing_old_swordv4_pl|Britannisches Schwert
itm_noswing_old_swordv5|Britannisches Schwert
itm_noswing_old_swordv5_pl|Britannisches Schwert
itm_noswing_old_swordv6|Britannisches Schwert
itm_noswing_old_swordv6_pl|Britannisches Schwert
itm_noswing_old_swordv7|Britannisches Schwert
itm_noswing_old_swordv7_pl|Britannisches Schwert
itm_noswing_noble_sword_7|Prächtiges britannisches Schwert
itm_noswing_noble_sword_7_pl|Prächtiges britannisches Schwert
itm_noswing_noble_sword_8|Prächtiges britannisches Schwert
itm_noswing_noble_sword_8_pl|Prächtiges britannisches Schwert
itm_noswing_noble_sword_9|Prächtiges britannisches Schwert
itm_noswing_noble_sword_9_pl|Prächtiges britannisches Schwert
itm_noswing_noble_sword_10|Prächtiges britannisches Schwert
itm_noswing_noble_sword_10_pl|Prächtiges britannisches Schwert
itm_noswing_noble_sword_11|Prächtiges britannisches Schwert
itm_noswing_noble_sword_11_pl|Prächtiges britannisches Schwert
itm_noswing_noble_sword_12|Prächtiges britannisches Schwert
itm_noswing_noble_sword_12_pl|Prächtiges britannisches Schwert
itm_noswing_noble_sword_13|Prächtiges britannisches Schwert
itm_noswing_noble_sword_13_pl|Prächtiges britannisches Schwert
itm_noswing_noble_swordv|Falsches Ulfberth Schwert
itm_noswing_noble_swordv_pl|Falsches Ulfberth Schwert
itm_noswing_noble_swordv3|Falsches Ulfberth Schwert
itm_noswing_noble_swordv3_pl|Falsches Ulfberth Schwert
itm_noswing_noble_swordv4|Ulfberth-Schwert
itm_noswing_noble_swordv4_pl|Ulfberth-Schwert
itm_noswing_noble_swordv5|Schwert
itm_noswing_noble_swordv5_pl|Schwert
itm_noswing_noble_swordv6|Schwert
itm_noswing_noble_swordv6_pl|Schwert
itm_noswing_noble_swordv7|Prächiges Schwert
itm_noswing_noble_swordv7_pl|Prächiges Schwert
itm_noswing_irish_long_sword1|Gälisches adeliges Langschwert
itm_noswing_irish_long_sword1_pl|Gälisches adeliges Langschwert
itm_noswing_irish_long_sword2|Gälisches adeliges Langschwert
itm_noswing_irish_long_sword2_pl|Gälisches adeliges Langschwert
itm_noswing_irish_long_sword3|Goidelic Langschwert
itm_noswing_irish_long_sword3_pl|Goidelic Langschwert
itm_noswing_irish_long_sword4|Goidelic Langschwert
itm_noswing_irish_long_sword4_pl|Goidelic Langschwert
itm_noswing_irish_long_sword5|Goidelic Langschwert
itm_noswing_irish_long_sword5_pl|Goidelic Langschwert
itm_noswing_irish_long_sword6|Goidelic Langschwert
itm_noswing_irish_long_sword6_pl|Goidelic Langschwert
itm_noswing_irish_long_sword7|Goidelic Langschwert
itm_noswing_irish_long_sword7_pl|Goidelic Langschwert
itm_noswing_irish_long_sword8|Goidelic Langschwert
itm_noswing_irish_long_sword8_pl|Goidelic Langschwert
itm_noswing_irish_short_sword1|Goidelic Kurzschwert
itm_noswing_irish_short_sword1_pl|Goidelic Kurzschwert
itm_noswing_irish_short_sword2|Goidelic Kurzschwert
itm_noswing_irish_short_sword2_pl|Goidelic Kurzschwert
itm_noswing_irish_short_sword3|Goidelic Kurzschwert
itm_noswing_irish_short_sword3_pl|Goidelic Kurzschwert
itm_noswing_championsword1|Goidelic Meisterschwert
itm_noswing_championsword1_pl|Goidelic Meisterschwert
itm_noswing_championsword2|Goidelic Meisterschwert
itm_noswing_championsword2_pl|Goidelic Meisterschwert
itm_noswing_widow_maker|Witwenmacher
itm_noswing_widow_maker_pl|Witwenmacher
itm_noswing_suttonhoosword2|Bandit Königsschwert
itm_noswing_suttonhoosword2_pl|Bandit Königsschwert
itm_noswing_siren_song|Laufi
itm_noswing_siren_song_pl|Laufi
itm_noswing_sword_of_war|Olvir´s Schwert
itm_noswing_sword_of_war_pl|Olvir´s Schwert
itm_noswing_sword_premium1|Nad
itm_noswing_sword_premium1_pl|Nad
itm_noswing_sword_premium2|Draguandil
itm_noswing_sword_premium2_pl|Draguandil
itm_noswing_sword_premium3|Blynjubitr
itm_noswing_sword_premium3_pl|Blynjubitr
itm_noswing_one_handed_war_axe_a|Kurze Streitaxt
itm_noswing_one_handed_war_axe_a_pl|Kurze Streitaxt
itm_noswing_one_handed_war_axe_b|Kurze Streitaxt
itm_noswing_one_handed_war_axe_b_pl|Kurze Streitaxt
itm_noswing_one_handed_war_axe_c|Kurze Streitaxt
itm_noswing_one_handed_war_axe_c_pl|Kurze Streitaxt
itm_noswing_one_handed_war_axe_d|Kurze Streitaxt
itm_noswing_one_handed_war_axe_d_pl|Kurze Streitaxt
itm_noswing_one_handed_war_axe_e|Lange Streitaxt
itm_noswing_one_handed_war_axe_e_pl|Lange Streitaxt
itm_noswing_one_handed_war_axe_f|Lange Streitaxt
itm_noswing_one_handed_war_axe_f_pl|Lange Streitaxt
itm_noswing_frankish_axe|Fränkische Streitaxt
itm_noswing_frankish_axe_pl|Fränkische Streitaxt
itm_noswing_staff|Stab
itm_noswing_staff_pl|Stab
itm_noswing_quarter_staff|Knüppel
itm_noswing_quarter_staff_pl|Knüppel
itm_noswing_pitch_fork|Heugabel
itm_noswing_pitch_fork_pl|Heugabel
itm_noswing_battle_fork|Shepherds Stab
itm_noswing_battle_fork_pl|Shepherds Stab
itm_noswing_light_spear1|Leichter Speer
itm_noswing_light_spear1_pl|Leichter Speer
itm_noswing_light_spear2|Leichter Speer
itm_noswing_light_spear2_pl|Leichter Speer
itm_noswing_light_spear3|Leichter Speer
itm_noswing_light_spear3_pl|Leichter Speer
itm_noswing_light_spear4|Leichter Speer
itm_noswing_light_spear4_pl|Leichter Speer
itm_noswing_war_spear1|Kriegs Speer
itm_noswing_war_spear1_pl|Kriegs Speer
itm_noswing_war_spear2|Kriegs Speer
itm_noswing_war_spear2_pl|Kriegs Speer
itm_noswing_war_spear3|Kriegs Speer
itm_noswing_war_spear3_pl|Kriegs Speer
itm_noswing_heavy_spear1|Lanze
itm_noswing_heavy_spear1_pl|Lanze
itm_noswing_heavy_spear2|Lanze
itm_noswing_heavy_spear2_pl|Lanze
itm_noswing_heavy_spear3|Lanze
itm_noswing_heavy_spear3_pl|Lanze
itm_noswing_long_light_spear1|Leichter langspeer
itm_noswing_long_light_spear1_pl|Leichter langspeer
itm_noswing_long_light_spear2|Leichter langspeer
itm_noswing_long_light_spear2_pl|Leichter langspeer
itm_noswing_long_war_spear1|Langer Kriegsspeer
itm_noswing_long_war_spear1_pl|Langer Kriegsspeer
itm_noswing_long_war_spear2|Langer Kriegsspeer
itm_noswing_long_war_spear2_pl|Langer Kriegsspeer
itm_noswing_long_heavy_spear1|Schwere Lanze
itm_noswing_long_heavy_spear1_pl|Schwere Lanze
itm_noswing_long_heavy_spear2|Schwere Lanze
itm_noswing_long_heavy_spear2_pl|Schwere Lanze
itm_noswing_new_mace|Ray
itm_noswing_new_mace_pl|Ray
itm_noswing_premium_spear1|Gungnir
itm_noswing_premium_spear1_pl|Gungnir
itm_noswing_standard|Militärbanner
itm_noswing_standard_pl|Militärbanner
itm_noswing_standard_dragon|Drachenbanner
itm_noswing_standard_dragon_pl|Drachenbanner
itm_noswing_darts_melee|Leichter Speere
itm_noswing_darts_melee_pl|Leichter Speere
itm_noswing_javelin_melee|Wurfspeer
itm_noswing_javelin_melee_pl|Wurfspeer
itm_noswing_javelin_skirmishes_melee|Scharmützel Wurfspeer
itm_noswing_javelin_skirmishes_melee_pl|Scharmützel Wurfspeer
itm_noswing_javelin_skirmishesel_melee|Schwerer Wurfspeer
itm_noswing_javelin_skirmishesel_melee_pl|Schwerer Wurfspeer
itm_noswing_javelin_jinetes_melee|Reiter Wurfspeer
itm_noswing_javelin_jinetes_melee_pl|Reiter Wurfspeer
itm_noswing_throwing_spear_melee|Wurfspeer
itm_noswing_throwing_spear_melee_pl|Wurfspeer
itm_noswing_throwing_spear2_melee|Wurfspeer
itm_noswing_throwing_spear2_melee_pl|Wurfspeer
itm_noswing_torch|Fackeln
itm_noswing_torch_pl|Fackeln
itm_noswing_work_pitchfork|Heugabel
itm_noswing_work_pitchfork_pl|Heugabel
itm_noswing_dog_bite|Biss
itm_noswing_dog_bite_pl|Biss
itm_noswing_seax_1_mp|Alter Sax
itm_noswing_seax_1_mp_pl|Alter Sax
itm_noswing_spear_1_mp|Alter Speer
itm_noswing_spear_1_mp_pl|Alter Speer
