itm_no_item|OGGETTO INVALIDO
itm_no_item_pl|OGGETTO INVALIDO
itm_tutorial_spear|Lancia
itm_tutorial_spear_pl|Lancia
itm_tutorial_club|Mazza
itm_tutorial_club_pl|Mazza
itm_tutorial_battle_axe|Ascia Lunga da Battaglia
itm_tutorial_battle_axe_pl|Ascia Lunga da Battaglia
itm_tutorial_arrows|Frecce
itm_tutorial_arrows_pl|Frecce
itm_tutorial_bolts|Quadrelli
itm_tutorial_bolts_pl|Quadrelli
itm_tutorial_short_bow|Arco Lungo
itm_tutorial_short_bow_pl|Arco Lungo
itm_tutorial_crossbow|Balestra
itm_tutorial_crossbow_pl|Balestra
itm_tutorial_throwing_daggers|Giavellotti
itm_tutorial_throwing_daggers_pl|Giavellotti
itm_tutorial_saddle_horse|Pony da Sella
itm_tutorial_saddle_horse_pl|Pony da Sella
itm_tutorial_shield|Scudo Rotondo
itm_tutorial_shield_pl|Scudo Rotondo
itm_tutorial_staff_no_attack|Bastone
itm_tutorial_staff_no_attack_pl|Bastone
itm_tutorial_staff|Bastone
itm_tutorial_staff_pl|Bastone
itm_tutorial_sword|Spada Comune
itm_tutorial_sword_pl|Spada Comune
itm_tutorial_axe|Ascia
itm_tutorial_axe_pl|Ascia
itm_tutorial_dagger|Scramasax
itm_tutorial_dagger_pl|Scramasax
itm_horse_meat|Carne di cavallo
itm_horse_meat_pl|Carne di cavallo
itm_practice_sword|Spada Comune
itm_practice_sword_pl|Spada Comune
itm_heavy_practice_sword|Spada del Campione Gaelico
itm_heavy_practice_sword_pl|Spada del Campione Gaelico
itm_practice_dagger|Scramasax
itm_practice_dagger_pl|Scramasax
itm_practice_axe|Ascia
itm_practice_axe_pl|Ascia
itm_arena_axe|Ascia Piccola
itm_arena_axe_pl|Ascia Piccola
itm_arena_sword|Spada Comune
itm_arena_sword_pl|Spada Comune
itm_arena_sword_two_handed|Spada del Campione Gaelico
itm_arena_sword_two_handed_pl|Spada del Campione Gaelico
itm_arena_lance|Lancia
itm_arena_lance_pl|Lancia
itm_practice_staff|Bastone
itm_practice_staff_pl|Bastone
itm_practice_lance|Lancia
itm_practice_lance_pl|Lancia
itm_practice_shield|Scudo da addestramento
itm_practice_shield_pl|Scudo da addestramento
itm_practice_bow|Arco Lungo
itm_practice_bow_pl|Arco Lungo
itm_practice_crossbow|Fionda
itm_practice_crossbow_pl|Fionda
itm_practice_javelin|Giavellotti
itm_practice_javelin_pl|Giavellotti
itm_practice_javelin_melee|Giavellotto da Mischia
itm_practice_javelin_melee_pl|Giavellotto da Mischia
itm_practice_throwing_daggers|Giavellotti
itm_practice_throwing_daggers_pl|Giavellotti
itm_practice_throwing_daggers_100_amount|Giavellotti
itm_practice_throwing_daggers_100_amount_pl|Giavellotti
itm_practice_horse|Pony da Sella
itm_practice_horse_pl|Pony da Sella
itm_practice_arrows|Frecce
itm_practice_arrows_pl|Frecce
itm_practice_bolts|Pietre per Fionda
itm_practice_bolts_pl|Pietre per Fionda
itm_practice_arrows_10_amount|Frecce
itm_practice_arrows_10_amount_pl|Frecce
itm_practice_arrows_100_amount|Frecce
itm_practice_arrows_100_amount_pl|Frecce
itm_practice_bolts_9_amount|Quadrelli da addestramento
itm_practice_bolts_9_amount_pl|Quadrelli da addestramento
itm_practice_boots|Stivali
itm_practice_boots_pl|Stivali
itm_red_tourney_armor|Tunica Rossa
itm_red_tourney_armor_pl|Tunica Rossa
itm_blue_tourney_armor|Tunica Blu
itm_blue_tourney_armor_pl|Tunica Blu
itm_green_tourney_armor|Tunica Verde
itm_green_tourney_armor_pl|Tunica Verde
itm_gold_tourney_armor|Tunica Bianca
itm_gold_tourney_armor_pl|Tunica Bianca
itm_red_tourney_helmet|Berretto
itm_red_tourney_helmet_pl|Berretto
itm_blue_tourney_helmet|Berretto
itm_blue_tourney_helmet_pl|Berretto
itm_green_tourney_helmet|Berretto
itm_green_tourney_helmet_pl|Berretto
itm_gold_tourney_helmet|Berretto
itm_gold_tourney_helmet_pl|Berretto
itm_arena_shield_red|Scudo Leggero Rotondo
itm_arena_shield_red_pl|Scudo Leggero Rotondo
itm_arena_shield_blue|Scudo Leggero Rotondo
itm_arena_shield_blue_pl|Scudo Leggero Rotondo
itm_arena_shield_green|Scudo Leggero Rotondo
itm_arena_shield_green_pl|Scudo Leggero Rotondo
itm_arena_shield_yellow|Scudo Leggero Rotondo
itm_arena_shield_yellow_pl|Scudo Leggero Rotondo
itm_arena_armor_white|Tunica Bianca
itm_arena_armor_white_pl|Tunica Bianca
itm_arena_armor_red|Tunica Rossa
itm_arena_armor_red_pl|Tunica Rossa
itm_arena_armor_blue|Tunica Blu
itm_arena_armor_blue_pl|Tunica Blu
itm_arena_armor_green|Tunica Verde
itm_arena_armor_green_pl|Tunica Verde
itm_arena_armor_yellow|Tunica Gialla
itm_arena_armor_yellow_pl|Tunica Gialla
itm_arena_tunic_white|Tunica Bianca
itm_arena_tunic_white_pl|Tunica Bianca
itm_arena_tunic_red|Tunica Rossa
itm_arena_tunic_red_pl|Tunica Rossa
itm_arena_tunic_blue|Tunica Blu
itm_arena_tunic_blue_pl|Tunica Blu
itm_arena_tunic_green|Tunica Verde
itm_arena_tunic_green_pl|Tunica Verde
itm_arena_tunic_yellow|Tunica Gialla
itm_arena_tunic_yellow_pl|Tunica Gialla
itm_arena_helmet_red|Elmo con Nasale
itm_arena_helmet_red_pl|Elmo con Nasale
itm_arena_helmet_blue|Elmo con Nasale
itm_arena_helmet_blue_pl|Elmo con Nasale
itm_arena_helmet_green|Elmo con Nasale
itm_arena_helmet_green_pl|Elmo con Nasale
itm_arena_helmet_yellow|Elmo con Nasale
itm_arena_helmet_yellow_pl|Elmo con Nasale
itm_steppe_helmet_white|Elmo con Nasale
itm_steppe_helmet_white_pl|Elmo con Nasale
itm_steppe_helmet_red|Elmo con Nasale
itm_steppe_helmet_red_pl|Elmo con Nasale
itm_steppe_helmet_blue|Elmo con Nasale
itm_steppe_helmet_blue_pl|Elmo con Nasale
itm_steppe_helmet_green|Elmo con Nasale
itm_steppe_helmet_green_pl|Elmo con Nasale
itm_steppe_helmet_yellow|Elmo con Nasale
itm_steppe_helmet_yellow_pl|Elmo con Nasale
itm_tourney_helm_white|Elmo con Nasale
itm_tourney_helm_white_pl|Elmo con Nasale
itm_tourney_helm_red|Elmo con Nasale
itm_tourney_helm_red_pl|Elmo con Nasale
itm_tourney_helm_blue|Elmo con Nasale
itm_tourney_helm_blue_pl|Elmo con Nasale
itm_tourney_helm_green|Elmo con Nasale
itm_tourney_helm_green_pl|Elmo con Nasale
itm_tourney_helm_yellow|Elmo con Nasale
itm_tourney_helm_yellow_pl|Elmo con Nasale
itm_arena_turban_red|Berretto
itm_arena_turban_red_pl|Berretto
itm_arena_turban_blue|Berretto
itm_arena_turban_blue_pl|Berretto
itm_arena_turban_green|Berretto
itm_arena_turban_green_pl|Berretto
itm_arena_turban_yellow|Berretto
itm_arena_turban_yellow_pl|Berretto
itm_book_tactics|Storia della Guerra del Peloponneso, di Tucidide
itm_book_tactics_pl|Storia della Guerra del Peloponneso, di Tucidide
itm_book_persuasion|Rhetorica ad Herennium
itm_book_persuasion_pl|Rhetorica ad Herennium
itm_book_leadership|La Vita di Alessandro il Grande
itm_book_leadership_pl|La Vita di Alessandro il Grande
itm_book_intelligence|Paedeia
itm_book_intelligence_pl|Paedeia
itm_book_trade|Oeconomica, di Aristotele
itm_book_trade_pl|Oeconomica, di Aristotele
itm_book_weapon_mastery|Costituzione di Sparta, di Senofonte
itm_book_weapon_mastery_pl|Costituzione di Sparta, di Senofonte
itm_book_engineering|De architectura, di Vitrivius
itm_book_engineering_pl|De architectura, di Vitrivius
itm_book_wound_treatment_reference|De Materia Medica, di Dioscoride
itm_book_wound_treatment_reference_pl|De Materia Medica, di Dioscoride
itm_book_training_reference|L'arte della Guerra
itm_book_training_reference_pl|L'arte della Guerra
itm_book_surgery_reference|Sinossi di Aelius Galenus
itm_book_surgery_reference_pl|Sinossi di Aelius Galenus
itm_relic|Essere un Vichingo: 'La Cathach di Colum Cille'
itm_relic_pl|Essere un Vichingo: 'La Cathach di Colum Cille'
itm_mead|Idromele
itm_mead_pl|Idromele
itm_salt|Sale
itm_salt_pl|Sale
itm_tar|Catrame
itm_tar_pl|Catrame
itm_jewelry|Gioielli
itm_jewelry_pl|Gioielli
itm_raw_flax|Fagotto di lino
itm_raw_flax_pl|Fagotto di lino
itm_linen|Lino
itm_linen_pl|Lino
itm_wool|Lana
itm_wool_pl|Lana
itm_vc_wool_cloth|Tessuto in lana
itm_vc_wool_cloth_pl|Tessuto in lana
itm_amber|Ambra
itm_amber_pl|Ambra
itm_ivory|Avorio di Tricheco
itm_ivory_pl|Avorio di Tricheco
itm_silver|Argento
itm_silver_pl|Argento
itm_iron|Ferro
itm_iron_pl|Ferro
itm_stone|Pietra
itm_stone_pl|Pietra
itm_tools|Utensili
itm_tools_pl|Utensili
itm_vc_raw_leather|Pelli
itm_vc_raw_leather_pl|Pelli
itm_timber|Legname
itm_timber_pl|Legname
itm_soapstone|Pietra Ollare
itm_soapstone_pl|Pietra Ollare
itm_vc_furs|Pellicce
itm_vc_furs_pl|Pellicce
itm_wine|Vino
itm_wine_pl|Vino
itm_ale|Birra chiara
itm_ale_pl|Birra chiara
itm_smoked_fish|Pesce affumicato
itm_smoked_fish_pl|Pesce affumicato
itm_cheese|Formaggio
itm_cheese_pl|Formaggio
itm_vc_honey|Miele
itm_vc_honey_pl|Miele
itm_sausages|Salsicce
itm_sausages_pl|Salsicce
itm_cabbages|Verdure
itm_cabbages_pl|Verdure
itm_dried_meat|Carne essiccata
itm_dried_meat_pl|Carne essiccata
itm_apples|Frutta
itm_apples_pl|Frutta
itm_barley|Orzo
itm_barley_pl|Orzo
itm_venison|Carne di Cinghiale
itm_venison_pl|Carne di Cinghiale
itm_grain|Grano
itm_grain_pl|Grano
itm_cattle_meat|Carne di manzo
itm_cattle_meat_pl|Carne di manzo
itm_bread|Pane
itm_bread_pl|Pane
itm_chicken|Pollo
itm_chicken_pl|Pollo
itm_pork|Carne di maiale salata
itm_pork_pl|Carne di maiale salata
itm_butter|Burro
itm_butter_pl|Burro
itm_siege_supply|Rifornimenti
itm_siege_supply_pl|Rifornimenti
itm_quest_wine|Vino
itm_quest_wine_pl|Vino
itm_quest_ale|Birra chiara
itm_quest_ale_pl|Birra chiara
itm_common_horse|Cavallo
itm_common_horse_pl|Cavallo
itm_common_horse2|Cavallo
itm_common_horse2_pl|Cavallo
itm_common_pony|Pony
itm_common_pony_pl|Pony
itm_common_pony2|Pony
itm_common_pony2_pl|Pony
itm_wild_horse|Cavallo
itm_wild_horse_pl|Cavallo
itm_wild_horse2|Cavallo
itm_wild_horse2_pl|Cavallo
itm_wild_pony|Pony
itm_wild_pony_pl|Pony
itm_wild_pony2|Pony
itm_wild_pony2_pl|Pony
itm_cow1|Mucca
itm_cow1_pl|Mucca
itm_cow2|Mucca
itm_cow2_pl|Mucca
itm_arrows|Frecce
itm_arrows_pl|Frecce
itm_khergit_arrows|Frecce Penetranti
itm_khergit_arrows_pl|Frecce Penetranti
itm_barbed_arrows|Frecce seghettate
itm_barbed_arrows_pl|Frecce seghettate
itm_bodkin_arrows|Frecce affilate
itm_bodkin_arrows_pl|Frecce affilate
itm_bolts|Quadrelli
itm_bolts_pl|Quadrelli
itm_bolts2|Quadrelli Penetranti
itm_bolts2_pl|Quadrelli Penetranti
itm_bolts3|Quadrelli Dentati
itm_bolts3_pl|Quadrelli Dentati
itm_bolts4|Quadrelli Puntellati
itm_bolts4_pl|Quadrelli Puntellati
itm_pilgrim_disguise|Travestimento da pellegrino
itm_pilgrim_disguise_pl|Travestimento da pellegrino
itm_pilgrim_hood|Cappuccio da pellegrino
itm_pilgrim_hood_pl|Cappuccio da pellegrino
itm_leather_gloves|Guanti in Cuoio
itm_leather_gloves_pl|Guanti in Cuoio
itm_carbatinae_1|Scarpe di Cuoio
itm_carbatinae_1_pl|Scarpe di Cuoio
itm_carbatinae_2|Stivali Fasciati
itm_carbatinae_2_pl|Stivali Fasciati
itm_carbatinae_3|Scarpe di Cuoio
itm_carbatinae_3_pl|Scarpe di Cuoio
itm_carbatinae_4|Scarpe di Cuoio
itm_carbatinae_4_pl|Scarpe di Cuoio
itm_carbatinae_5|Stivali Fasciati
itm_carbatinae_5_pl|Stivali Fasciati
itm_carbatinae_6|Scarpe di Cuoio
itm_carbatinae_6_pl|Scarpe di Cuoio
itm_carbatinae_7|Stivali Fasciati
itm_carbatinae_7_pl|Stivali Fasciati
itm_carbatinae_8|Scarpe di Cuoio
itm_carbatinae_8_pl|Scarpe di Cuoio
itm_carbatinae_9|Stivali Fasciati
itm_carbatinae_9_pl|Stivali Fasciati
itm_carbatinae_10|Scarpe di Cuoio
itm_carbatinae_10_pl|Scarpe di Cuoio
itm_carbatinae_vc1|Stivaletti
itm_carbatinae_vc1_pl|Stivaletti
itm_carbatinae_vc2|Stivaletti
itm_carbatinae_vc2_pl|Stivaletti
itm_carbatinae_vc3|Stivaletti
itm_carbatinae_vc3_pl|Stivaletti
itm_carbatinae_vc4|Stival Fasciati di Qualità
itm_carbatinae_vc4_pl|Stival Fasciati di Qualità
itm_carbatinae_vc5|Stivaletti
itm_carbatinae_vc5_pl|Stivaletti
itm_carbatinae_vc6|Stivaletti
itm_carbatinae_vc6_pl|Stivaletti
itm_carbatinae_1s|Scarpe di Cuoio
itm_carbatinae_1s_pl|Scarpe di Cuoio
itm_carbatinae_2s|Stivali Fasciati
itm_carbatinae_2s_pl|Stivali Fasciati
itm_carbatinae_3s|Stivali Fasciati
itm_carbatinae_3s_pl|Stivali Fasciati
itm_carbatinae_4s|Scarpe Grezzi
itm_carbatinae_4s_pl|Scarpe Grezzi
itm_carbatinae_5s|Scarpe Grezzi
itm_carbatinae_5s_pl|Scarpe Grezzi
itm_carbatinae_6s|Stivaletti
itm_carbatinae_6s_pl|Stivaletti
itm_carbatinae_vc1s|Stival Fasciati di Qualità
itm_carbatinae_vc1s_pl|Stival Fasciati di Qualità
itm_carbatinae_vc2s|Stivaletti
itm_carbatinae_vc2s_pl|Stivaletti
itm_carbatinae_vc3s|Stival Fasciati di Qualità
itm_carbatinae_vc3s_pl|Stival Fasciati di Qualità
itm_carbatinae_vc4s|Stivali Fasciati
itm_carbatinae_vc4s_pl|Stivali Fasciati
itm_carbatinae_1v|Stivaletti
itm_carbatinae_1v_pl|Stivaletti
itm_carbatinae_2v|Stivali Fasciati
itm_carbatinae_2v_pl|Stivali Fasciati
itm_carbatinae_3v|Stivali Fasciati
itm_carbatinae_3v_pl|Stivali Fasciati
itm_carbatinae_4v|Stival Fasciati di Qualità
itm_carbatinae_4v_pl|Stival Fasciati di Qualità
itm_carbatinae_5v|Scarpe Grezzi
itm_carbatinae_5v_pl|Scarpe Grezzi
itm_carbatinae_6v|Stivali Fasciati
itm_carbatinae_6v_pl|Stivali Fasciati
itm_carbatinae_vc1v|Stivaletti
itm_carbatinae_vc1v_pl|Stivaletti
itm_carbatinae_vc2v|Stival Fasciati di Qualità
itm_carbatinae_vc2v_pl|Stival Fasciati di Qualità
itm_carbatinae_11q|Scarpe di Cuoio
itm_carbatinae_11q_pl|Scarpe di Cuoio
itm_carbatinae_12q|Scarpe di Cuoio
itm_carbatinae_12q_pl|Scarpe di Cuoio
itm_carbatinae_11qs|Stival Fasciati di Qualità
itm_carbatinae_11qs_pl|Stival Fasciati di Qualità
itm_carbatinae_12qs|Stival Fasciati di Qualità
itm_carbatinae_12qs_pl|Stival Fasciati di Qualità
itm_carbatinae_13qs|Stival Fasciati di Qualità
itm_carbatinae_13qs_pl|Stival Fasciati di Qualità
itm_carbatinae_14qs|Stival Fasciati di Qualità
itm_carbatinae_14qs_pl|Stival Fasciati di Qualità
itm_carbatinae_14qv|Stival Fasciati di Qualità
itm_carbatinae_14qv_pl|Stival Fasciati di Qualità
itm_bare_foot_man|Scarpe Economiche
itm_bare_foot_man_pl|Scarpe Economiche
itm_just_man_boots_medium|Scarpe Grezzi
itm_just_man_boots_medium_pl|Scarpe Grezzi
itm_just_man_boots_light|Stivaletti Leggeri
itm_just_man_boots_light_pl|Stivaletti Leggeri
itm_just_man_shoes|Scarpe di Cuoio
itm_just_man_shoes_pl|Scarpe di Cuoio
itm_just_man_boots_dark|Stivaletti Leggeri
itm_just_man_boots_dark_pl|Stivaletti Leggeri
itm_gaelshoes_1|Scarpe Gaeliche
itm_gaelshoes_1_pl|Scarpe Gaeliche
itm_gaelshoes_2|Scarpe Gaeliche
itm_gaelshoes_2_pl|Scarpe Gaeliche
itm_gaelshoes_3|Stivali Gaelici
itm_gaelshoes_3_pl|Stivali Gaelici
itm_womenshoes_1|Scarpe Semplici
itm_womenshoes_1_pl|Scarpe Semplici
itm_womenshoes_2|Stivaletti Semplici
itm_womenshoes_2_pl|Stivaletti Semplici
itm_womenshoes_3|Scarpe Semplici
itm_womenshoes_3_pl|Scarpe Semplici
itm_womenshoes_4|Stivaletti Semplici
itm_womenshoes_4_pl|Stivaletti Semplici
itm_womenshoes_5|Stivali Semplici
itm_womenshoes_5_pl|Stivali Semplici
itm_womenshoes_6|Stivaletti Semplici
itm_womenshoes_6_pl|Stivaletti Semplici
itm_womenshoes_7|Scarpe Semplici
itm_womenshoes_7_pl|Scarpe Semplici
itm_womenshoes_8|Scarpe Semplici
itm_womenshoes_8_pl|Scarpe Semplici
itm_long_tunic1|Armatura Leggera Frisiana
itm_long_tunic1_pl|Armatura Leggera Frisiana
itm_nobleman_outfit|Armatura Leggera Sassone
itm_nobleman_outfit_pl|Armatura Leggera Sassone
itm_troll_tunic|Tunica di Troll
itm_troll_tunic_pl|Tunica di Troll
itm_priest1|Tonaca da Sacerdote
itm_priest1_pl|Tonaca da Sacerdote
itm_priest2|Tonaca da Sacerdote
itm_priest2_pl|Tonaca da Sacerdote
itm_robe|Tonaca da Monaco
itm_robe_pl|Tonaca da Monaco
itm_robe2|Tonaca da Monaco
itm_robe2_pl|Tonaca da Monaco
itm_robe3|Tonaca da Monaco
itm_robe3_pl|Tonaca da Monaco
itm_robe4|Tonaca da Monaco
itm_robe4_pl|Tonaca da Monaco
itm_robe5|Tonaca da Monaco
itm_robe5_pl|Tonaca da Monaco
itm_robe6|Tonaca da Monaco
itm_robe6_pl|Tonaca da Monaco
itm_robe7|Tonaca da Monaco
itm_robe7_pl|Tonaca da Monaco
itm_robe8|Tonaca da Monaco
itm_robe8_pl|Tonaca da Monaco
itm_robe9|Tonaca da Monaco
itm_robe9_pl|Tonaca da Monaco
itm_robe10|Tonaca da Monaco
itm_robe10_pl|Tonaca da Monaco
itm_ptunic_1|Tunica Anglo Semplice
itm_ptunic_1_pl|Tunica Anglo Semplice
itm_ptunic_2|Armatura Leggera Anglo
itm_ptunic_2_pl|Armatura Leggera Anglo
itm_ptunic_3|Tunica Anglo
itm_ptunic_3_pl|Tunica Anglo
itm_ptunic_4|Tunica Anglo
itm_ptunic_4_pl|Tunica Anglo
itm_ptunic_5|Tunica Anglo Semplice
itm_ptunic_5_pl|Tunica Anglo Semplice
itm_ptunic_6|Tunica Anglo
itm_ptunic_6_pl|Tunica Anglo
itm_ptunic_7|Tunica Imbottita Anglo
itm_ptunic_7_pl|Tunica Imbottita Anglo
itm_ptunic_8|Tunica Imbottita Anglo
itm_ptunic_8_pl|Tunica Imbottita Anglo
itm_ptunic_9|Armatura Leggera Anglo
itm_ptunic_9_pl|Armatura Leggera Anglo
itm_ptunic_10|Tunica Anglo
itm_ptunic_10_pl|Tunica Anglo
itm_ptunic_11|Tunica Anglo
itm_ptunic_11_pl|Tunica Anglo
itm_ptunic_12|Armatura Leggera Anglo
itm_ptunic_12_pl|Armatura Leggera Anglo
itm_btunic_1|Mantello
itm_btunic_1_pl|Mantello
itm_btunic_2|Pantaloni
itm_btunic_2_pl|Pantaloni
itm_btunic_3|Tunica Norrena
itm_btunic_3_pl|Tunica Norrena
itm_btunic_4|Tunica Norrena
itm_btunic_4_pl|Tunica Norrena
itm_btunic_5|Tunica Norrena
itm_btunic_5_pl|Tunica Norrena
itm_btunic_6|Tunica Norrena
itm_btunic_6_pl|Tunica Norrena
itm_btunic_7|Tunica Norrena
itm_btunic_7_pl|Tunica Norrena
itm_btunic_8|Tunica Sempice Norrena
itm_btunic_8_pl|Tunica Sempice Norrena
itm_btunic_9|Tunica Sempice Norrena
itm_btunic_9_pl|Tunica Sempice Norrena
itm_btunic_10|Tunica Sempice Norrena
itm_btunic_10_pl|Tunica Sempice Norrena
itm_btunic_11|Tunica Norrena
itm_btunic_11_pl|Tunica Norrena
itm_btunic_12|Armatura Leggera Norrena
itm_btunic_12_pl|Armatura Leggera Norrena
itm_btunic_13|Tunica Norrena
itm_btunic_13_pl|Tunica Norrena
itm_btunic_14|Tunica Norrena
itm_btunic_14_pl|Tunica Norrena
itm_btunic_15|Armatura Leggera Norrena
itm_btunic_15_pl|Armatura Leggera Norrena
itm_btunic_16|Armatura Leggera Norrena
itm_btunic_16_pl|Armatura Leggera Norrena
itm_hoodtunic_01|Tunica
itm_hoodtunic_01_pl|Tunica
itm_hoodtunic_02|Tunica
itm_hoodtunic_02_pl|Tunica
itm_hoodtunic_03|Tunica
itm_hoodtunic_03_pl|Tunica
itm_hoodtunic_04|Tunica
itm_hoodtunic_04_pl|Tunica
itm_hoodtunic_05|Tunica
itm_hoodtunic_05_pl|Tunica
itm_hoodtunic_06|Tunica
itm_hoodtunic_06_pl|Tunica
itm_hoodtunic_07|Tunica
itm_hoodtunic_07_pl|Tunica
itm_hoodtunic_08|Mantello
itm_hoodtunic_08_pl|Mantello
itm_bl_tunic01|Pantaloni
itm_bl_tunic01_pl|Pantaloni
itm_bl_tunic02|Armatura Leggera Sassone
itm_bl_tunic02_pl|Armatura Leggera Sassone
itm_bl_tunic03|Armatura Leggera Sassone
itm_bl_tunic03_pl|Armatura Leggera Sassone
itm_bl_tunic04|Tunica Semplice Sassone
itm_bl_tunic04_pl|Tunica Semplice Sassone
itm_bl_tunic05|Tunica Semplice Sassone
itm_bl_tunic05_pl|Tunica Semplice Sassone
itm_bl_tunic06|Tunica Sassone
itm_bl_tunic06_pl|Tunica Sassone
itm_bl_tunic07|Tunica Sassone
itm_bl_tunic07_pl|Tunica Sassone
itm_bl_tunic08|Tunica Imbottita Sassone
itm_bl_tunic08_pl|Tunica Imbottita Sassone
itm_bl_tunic09|Armatura Leggera Sassone
itm_bl_tunic09_pl|Armatura Leggera Sassone
itm_bl_tunic10|Tunica Sassone
itm_bl_tunic10_pl|Tunica Sassone
itm_bl_tunic11|Tunica Sassone
itm_bl_tunic11_pl|Tunica Sassone
itm_bl_tunic12|Tunica Sassone
itm_bl_tunic12_pl|Tunica Sassone
itm_red_cloak|Tunica Sassone
itm_red_cloak_pl|Tunica Sassone
itm_yellow_cloak|Tunica Frisiana Elite
itm_yellow_cloak_pl|Tunica Frisiana Elite
itm_green_cloak|Armatura Leggera Pitta
itm_green_cloak_pl|Armatura Leggera Pitta
itm_blue_cloak|Tunica
itm_blue_cloak_pl|Tunica
itm_leather_cloak|Tunica
itm_leather_cloak_pl|Tunica
itm_yellow2_cloak|Tunica Anglo Semplice
itm_yellow2_cloak_pl|Tunica Anglo Semplice
itm_briton_tunic1|Mantello
itm_briton_tunic1_pl|Mantello
itm_briton_tunic2|Pantaloni
itm_briton_tunic2_pl|Pantaloni
itm_briton_tunic3|Tunica Britanna
itm_briton_tunic3_pl|Tunica Britanna
itm_briton_tunic4|Tunica Britanna Semplice
itm_briton_tunic4_pl|Tunica Britanna Semplice
itm_briton_tunic5|Tunica Britanna Semplice
itm_briton_tunic5_pl|Tunica Britanna Semplice
itm_briton_tunic6|Tunica Britanna Semplice
itm_briton_tunic6_pl|Tunica Britanna Semplice
itm_briton_tunic7|Tunica Britanna
itm_briton_tunic7_pl|Tunica Britanna
itm_briton_tunic8|Armatura Leggera Britanna
itm_briton_tunic8_pl|Armatura Leggera Britanna
itm_briton_tunic9|Tunica Britanna
itm_briton_tunic9_pl|Tunica Britanna
itm_briton_tunic10|Tunica Britanna
itm_briton_tunic10_pl|Tunica Britanna
itm_briton_tunic11|Tunica Britanna
itm_briton_tunic11_pl|Tunica Britanna
itm_briton_tunic12|Tunica Britanna
itm_briton_tunic12_pl|Tunica Britanna
itm_briton_tunic13|Tunica Britanna
itm_briton_tunic13_pl|Tunica Britanna
itm_briton_tunic14|Tunica Britanna
itm_briton_tunic14_pl|Tunica Britanna
itm_briton_tunic15|Tunica Pitta
itm_briton_tunic15_pl|Tunica Pitta
itm_briton_tunic16|Tunica Pitta
itm_briton_tunic16_pl|Tunica Pitta
itm_briton_tunic17|Tunica Pitta
itm_briton_tunic17_pl|Tunica Pitta
itm_briton_tunic18|Tunica Pitta
itm_briton_tunic18_pl|Tunica Pitta
itm_briton_tunic19|Armatura Leggera Pitta
itm_briton_tunic19_pl|Armatura Leggera Pitta
itm_briton_tunic20|Tunica con Cappuccio Gaelica
itm_briton_tunic20_pl|Tunica con Cappuccio Gaelica
itm_briton_tunic21|Tunica con Cappuccio Gaelica
itm_briton_tunic21_pl|Tunica con Cappuccio Gaelica
itm_briton_tunic22|Tunica con Cappuccio Gaelica
itm_briton_tunic22_pl|Tunica con Cappuccio Gaelica
itm_briton_tunic23|Tunica con Cappuccio Gaelica
itm_briton_tunic23_pl|Tunica con Cappuccio Gaelica
itm_briton_tunic24|Tunica Gaelica
itm_briton_tunic24_pl|Tunica Gaelica
itm_briton_tunic25|Tunica Gaelica
itm_briton_tunic25_pl|Tunica Gaelica
itm_briton_tunic26|Tunica Gaelica
itm_briton_tunic26_pl|Tunica Gaelica
itm_briton_tunic27|Tunica Gaelica
itm_briton_tunic27_pl|Tunica Gaelica
itm_briton_tunic28|Tunica Gaelica
itm_briton_tunic28_pl|Tunica Gaelica
itm_celta_capa1|Tunica Gaelica
itm_celta_capa1_pl|Tunica Gaelica
itm_celta_capa2|Mantello Lungo Gaelico
itm_celta_capa2_pl|Mantello Lungo Gaelico
itm_celta_capa3|Pantaloni Gaelici
itm_celta_capa3_pl|Pantaloni Gaelici
itm_celta_capa4|Pantaloni Gaelici
itm_celta_capa4_pl|Pantaloni Gaelici
itm_brat1|Mantello Raffinato Gaelico
itm_brat1_pl|Mantello Raffinato Gaelico
itm_brat2|Mantello Raffinato Gaelico
itm_brat2_pl|Mantello Raffinato Gaelico
itm_brat3|Armatura Leggera Gaelica
itm_brat3_pl|Armatura Leggera Gaelica
itm_brat4|Armatura Leggera Gaelica
itm_brat4_pl|Armatura Leggera Gaelica
itm_gael_tunic_01|Tunica Pitta
itm_gael_tunic_01_pl|Tunica Pitta
itm_gael_tunic_02|Tunica Pitta
itm_gael_tunic_02_pl|Tunica Pitta
itm_gael_tunic_03|Tunica Anglo
itm_gael_tunic_03_pl|Tunica Anglo
itm_gael_tunic_04|Tunica Anglo
itm_gael_tunic_04_pl|Tunica Anglo
itm_gael_tunic_05|Tunica Ammantata Gaelica
itm_gael_tunic_05_pl|Tunica Ammantata Gaelica
itm_gael_tunic_06|Tunica Ammantata Gaelica
itm_gael_tunic_06_pl|Tunica Ammantata Gaelica
itm_gael_tunic_07|Tunica Gaelica
itm_gael_tunic_07_pl|Tunica Gaelica
itm_gael_tunic_08|Tunica con Cappuccio Gaelica
itm_gael_tunic_08_pl|Tunica con Cappuccio Gaelica
itm_gael_hoodtunic_09|Tunica con Cappuccio Gaelica
itm_gael_hoodtunic_09_pl|Tunica con Cappuccio Gaelica
itm_gael_hoodtunic_10|Tunica con Cappuccio Gaelica
itm_gael_hoodtunic_10_pl|Tunica con Cappuccio Gaelica
itm_gael_hoodtunic_11|Tunica con Cappuccio Gaelica
itm_gael_hoodtunic_11_pl|Tunica con Cappuccio Gaelica
itm_gael_hoodtunic_12|Armatura Leggera Gaelica
itm_gael_hoodtunic_12_pl|Armatura Leggera Gaelica
itm_picts_tunic_09|Pantaloni Norreni
itm_picts_tunic_09_pl|Pantaloni Norreni
itm_picts_tunic_10|Pantaloni Norreni
itm_picts_tunic_10_pl|Pantaloni Norreni
itm_picts_tunic_11|Mantello Norreno
itm_picts_tunic_11_pl|Mantello Norreno
itm_picts_tunic_12|Armatura Leggera Britanna
itm_picts_tunic_12_pl|Armatura Leggera Britanna
itm_picts_tunic_13|Tunica Britanna
itm_picts_tunic_13_pl|Tunica Britanna
itm_picts_tunic_14|Pantaloni
itm_picts_tunic_14_pl|Pantaloni
itm_picts_tunic_15|Pantaloni
itm_picts_tunic_15_pl|Pantaloni
itm_picts_tunic_16|Pantaloni Frisiani
itm_picts_tunic_16_pl|Pantaloni Frisiani
itm_pictish_painted1|Pitto Nudo
itm_pictish_painted1_pl|Pitto Nudo
itm_pictish_painted2|Pitto Nudo
itm_pictish_painted2_pl|Pitto Nudo
itm_pictish_painted3|Pitto Nudo
itm_pictish_painted3_pl|Pitto Nudo
itm_pictish_painted4|Pitto Nudo
itm_pictish_painted4_pl|Pitto Nudo
itm_picts_hoodtunic_01|Mantello Pitto
itm_picts_hoodtunic_01_pl|Mantello Pitto
itm_picts_hoodtunic_02|Mantello Pitto
itm_picts_hoodtunic_02_pl|Mantello Pitto
itm_picts_hoodtunic_03|Cappuccio Pitto
itm_picts_hoodtunic_03_pl|Cappuccio Pitto
itm_picts_hoodtunic_04|Cappuccio Pitto
itm_picts_hoodtunic_04_pl|Cappuccio Pitto
itm_picts_hoodtunic_05|Cappuccio Pitto
itm_picts_hoodtunic_05_pl|Cappuccio Pitto
itm_picts_hoodtunic_06|Cappuccio Pitto
itm_picts_hoodtunic_06_pl|Cappuccio Pitto
itm_picts_hoodtunic_07|Cappuccio Pitto
itm_picts_hoodtunic_07_pl|Cappuccio Pitto
itm_picts_hoodtunic_11|Tunica Ammantata Pitta
itm_picts_hoodtunic_11_pl|Tunica Ammantata Pitta
itm_picts_hoodtunic_12|Tunica Ammantata Pitta
itm_picts_hoodtunic_12_pl|Tunica Ammantata Pitta
itm_picts_hoodtunic_13|Tunica Ammantata Pitta
itm_picts_hoodtunic_13_pl|Tunica Ammantata Pitta
itm_picts_hoodtunic_14|Tunica con Cappuccio Pitta
itm_picts_hoodtunic_14_pl|Tunica con Cappuccio Pitta
itm_picts_hoodtunic_15|Tunica con Cappuccio Pitta
itm_picts_hoodtunic_15_pl|Tunica con Cappuccio Pitta
itm_picts_hoodtunic_16|Tunica con Cappuccio Pitta
itm_picts_hoodtunic_16_pl|Tunica con Cappuccio Pitta
itm_picts_hoodtunic_17|Tunica con Cappuccio Pitta
itm_picts_hoodtunic_17_pl|Tunica con Cappuccio Pitta
itm_picts_hoodtunic_18|Armatura Leggera Pitta
itm_picts_hoodtunic_18_pl|Armatura Leggera Pitta
itm_linen_tunic|Tunica Pitta
itm_linen_tunic_pl|Tunica Pitta
itm_woman_saxon1|Vestito Sassone
itm_woman_saxon1_pl|Vestito Sassone
itm_woman_saxon2|Vestito Sassone
itm_woman_saxon2_pl|Vestito Sassone
itm_woman_saxon3|Vestito Sassone
itm_woman_saxon3_pl|Vestito Sassone
itm_woman_saxon4|Vestito Sassone
itm_woman_saxon4_pl|Vestito Sassone
itm_woman_saxon5|Vestito Sassone
itm_woman_saxon5_pl|Vestito Sassone
itm_woman_saxon6|Vestito Sassone
itm_woman_saxon6_pl|Vestito Sassone
itm_woman_saxon7|Vestito Sassone
itm_woman_saxon7_pl|Vestito Sassone
itm_woman_saxon8|Vestito Sassone
itm_woman_saxon8_pl|Vestito Sassone
itm_woman_saxon9|Vestito Sassone
itm_woman_saxon9_pl|Vestito Sassone
itm_woman_saxon10|Vestito Sassone
itm_woman_saxon10_pl|Vestito Sassone
itm_woman_saxon11|Vestito Sassone
itm_woman_saxon11_pl|Vestito Sassone
itm_richwoman_saxon1|Vestito Sassone Raffinato
itm_richwoman_saxon1_pl|Vestito Sassone Raffinato
itm_richwoman_saxon2|Vestito Sassone Raffinato
itm_richwoman_saxon2_pl|Vestito Sassone Raffinato
itm_richwoman_saxon3|Vestito Sassone Raffinato
itm_richwoman_saxon3_pl|Vestito Sassone Raffinato
itm_richwoman_saxon4|Vestito Sassone Raffinato
itm_richwoman_saxon4_pl|Vestito Sassone Raffinato
itm_richwoman_saxon5|Vestito Sassone Raffinato
itm_richwoman_saxon5_pl|Vestito Sassone Raffinato
itm_richwoman_saxon6|Vestito Sassone Raffinato
itm_richwoman_saxon6_pl|Vestito Sassone Raffinato
itm_richwoman_saxon7|Vestito Sassone Raffinato
itm_richwoman_saxon7_pl|Vestito Sassone Raffinato
itm_richwoman_saxon8|Vestito Sassone Raffinato
itm_richwoman_saxon8_pl|Vestito Sassone Raffinato
itm_richwoman_saxon9|Vestito Sassone Raffinato
itm_richwoman_saxon9_pl|Vestito Sassone Raffinato
itm_queenwoman_saxon|Vestito Reale Sassone
itm_queenwoman_saxon_pl|Vestito Reale Sassone
itm_queenpict_long_tunic|Vestito Raffinato
itm_queenpict_long_tunic_pl|Vestito Raffinato
itm_pict_richlong_tunic1|Vestito Raffinato
itm_pict_richlong_tunic1_pl|Vestito Raffinato
itm_pict_richlong_tunic2|Vestito Raffinato
itm_pict_richlong_tunic2_pl|Vestito Raffinato
itm_pict_richlong_tunic3|Vestito Raffinato
itm_pict_richlong_tunic3_pl|Vestito Raffinato
itm_pict_long_tunic1|Vestito
itm_pict_long_tunic1_pl|Vestito
itm_pict_long_tunic2|Vestito
itm_pict_long_tunic2_pl|Vestito
itm_pict_long_tunic3|Vestito
itm_pict_long_tunic3_pl|Vestito
itm_pict_long_tunic4|Vestito
itm_pict_long_tunic4_pl|Vestito
itm_pict_long_tunic5|Vestito
itm_pict_long_tunic5_pl|Vestito
itm_pict_long_tunic6|Vestito
itm_pict_long_tunic6_pl|Vestito
itm_woman_norse1|Vestito Norreno
itm_woman_norse1_pl|Vestito Norreno
itm_woman_norse2|Vestito Norreno
itm_woman_norse2_pl|Vestito Norreno
itm_woman_norse3|Vestito Norreno
itm_woman_norse3_pl|Vestito Norreno
itm_woman_norse4|Vestito Norreno
itm_woman_norse4_pl|Vestito Norreno
itm_woman_norse5|Vestito Norreno
itm_woman_norse5_pl|Vestito Norreno
itm_woman_norse6|Vestito Norreno
itm_woman_norse6_pl|Vestito Norreno
itm_richwoman_norse1|Vestito Norreno Raffinato
itm_richwoman_norse1_pl|Vestito Norreno Raffinato
itm_richwoman_norse2|Vestito Norreno Raffinato
itm_richwoman_norse2_pl|Vestito Norreno Raffinato
itm_richwoman_norse3|Vestito Norreno Raffinato
itm_richwoman_norse3_pl|Vestito Norreno Raffinato
itm_richwoman_norse4|Vestito Norreno Raffinato
itm_richwoman_norse4_pl|Vestito Norreno Raffinato
itm_btunic_1woman|Tunica
itm_btunic_1woman_pl|Tunica
itm_btunic_2woman|Armatura Leggera Anglo
itm_btunic_2woman_pl|Armatura Leggera Anglo
itm_btunic_3woman|Tunica Frisiana
itm_btunic_3woman_pl|Tunica Frisiana
itm_btunic_4woman|Tunica Frisiana
itm_btunic_4woman_pl|Tunica Frisiana
itm_btunic_5woman|Tunica Frisiana
itm_btunic_5woman_pl|Tunica Frisiana
itm_btunic_6woman|Tunica Frisiana
itm_btunic_6woman_pl|Tunica Frisiana
itm_btunic_7woman|Tunica Anglo
itm_btunic_7woman_pl|Tunica Anglo
itm_btunic_8woman|Tunica Semplice
itm_btunic_8woman_pl|Tunica Semplice
itm_ptunic_1woman|Tunica Semplice
itm_ptunic_1woman_pl|Tunica Semplice
itm_ptunic_2woman|Tunica Semplice
itm_ptunic_2woman_pl|Tunica Semplice
itm_ptunic_3woman|Tunica Semplice
itm_ptunic_3woman_pl|Tunica Semplice
itm_ptunic_4woman|Tunica Semplice
itm_ptunic_4woman_pl|Tunica Semplice
itm_ptunic_5woman|Tunica Semplice
itm_ptunic_5woman_pl|Tunica Semplice
itm_ptunic_6woman|Tunica Semplice
itm_ptunic_6woman_pl|Tunica Semplice
itm_ptunic_7woman|Tunica Semplice
itm_ptunic_7woman_pl|Tunica Semplice
itm_gaeltunic_1woman|Tunica Frisiana
itm_gaeltunic_1woman_pl|Tunica Frisiana
itm_gaeltunic_2woman|Tunica Frisiana
itm_gaeltunic_2woman_pl|Tunica Frisiana
itm_gaeltunic_3woman|Tunica Frisiana
itm_gaeltunic_3woman_pl|Tunica Frisiana
itm_gaeltunic_4woman|Armatura Leggera Frisiana
itm_gaeltunic_4woman_pl|Armatura Leggera Frisiana
itm_gaeltunic_5woman|Tunica Frisiana
itm_gaeltunic_5woman_pl|Tunica Frisiana
itm_gaeltunic_6woman|Tunica Frisiana
itm_gaeltunic_6woman_pl|Tunica Frisiana
itm_gaeltunic_7woman|Tunica Frisiana
itm_gaeltunic_7woman_pl|Tunica Frisiana
itm_gaeltunic_8woman|Tunica Frisiana
itm_gaeltunic_8woman_pl|Tunica Frisiana
itm_britontunic_1woman|Pelle d'Orso
itm_britontunic_1woman_pl|Pelle d'Orso
itm_britontunic_2woman|Pelle d'Orso
itm_britontunic_2woman_pl|Pelle d'Orso
itm_britontunic_3woman|Pelle d'Orso
itm_britontunic_3woman_pl|Pelle d'Orso
itm_britontunic_4woman|Pelle d'Orso
itm_britontunic_4woman_pl|Pelle d'Orso
itm_britontunic_5woman|Pelle di Lupo
itm_britontunic_5woman_pl|Pelle di Lupo
itm_britontunic_6woman|Pelle di Lupo
itm_britontunic_6woman_pl|Pelle di Lupo
itm_britontunic_7woman|Pelle di Lupo
itm_britontunic_7woman_pl|Pelle di Lupo
itm_britontunic_8woman|Pelle di Lupo
itm_britontunic_8woman_pl|Pelle di Lupo
itm_veil_a|Velo
itm_veil_a_pl|Velo
itm_veil_b|Velo
itm_veil_b_pl|Velo
itm_veil_c|Velo
itm_veil_c_pl|Velo
itm_veil_d|Velo
itm_veil_d_pl|Velo
itm_veil_e|Velo
itm_veil_e_pl|Velo
itm_veil_f|Velo
itm_veil_f_pl|Velo
itm_elite_veil_1|Velo Raffinato
itm_elite_veil_1_pl|Velo Raffinato
itm_elite_veil_2|Velo Raffinato
itm_elite_veil_2_pl|Velo Raffinato
itm_elite_veil_3|Velo Raffinato
itm_elite_veil_3_pl|Velo Raffinato
itm_elite_veil_4|Velo Raffinato
itm_elite_veil_4_pl|Velo Raffinato
itm_common_veil_a|Velo
itm_common_veil_a_pl|Velo
itm_common_veil_b|Velo
itm_common_veil_b_pl|Velo
itm_common_veil_c|Velo
itm_common_veil_c_pl|Velo
itm_common_veil_d|Velo
itm_common_veil_d_pl|Velo
itm_common_veil_e|Velo
itm_common_veil_e_pl|Velo
itm_common_veil_f|Velo
itm_common_veil_f_pl|Velo
itm_elite_veil_5|Velo Raffinato
itm_elite_veil_5_pl|Velo Raffinato
itm_elite_veil_6|Velo Raffinato
itm_elite_veil_6_pl|Velo Raffinato
itm_elite_veil_7|Velo Raffinato
itm_elite_veil_7_pl|Velo Raffinato
itm_elite_veil_8|Velo Raffinato
itm_elite_veil_8_pl|Velo Raffinato
itm_gambeson1|Gambesone Sassone
itm_gambeson1_pl|Gambesone Sassone
itm_gambeson2|Gambesone Sassone
itm_gambeson2_pl|Gambesone Sassone
itm_gambeson3|Gambesone Sassone
itm_gambeson3_pl|Gambesone Sassone
itm_gambeson4|Gambesone Norreno
itm_gambeson4_pl|Gambesone Norreno
itm_gambeson5|Gambesone Norreno
itm_gambeson5_pl|Gambesone Norreno
itm_gambeson6|Gambesone Sassone
itm_gambeson6_pl|Gambesone Sassone
itm_gambeson7|Gambesone Sassone
itm_gambeson7_pl|Gambesone Sassone
itm_gambeson8|Gambesone Norreno
itm_gambeson8_pl|Gambesone Norreno
itm_gambeson9|Gambesone Sassone
itm_gambeson9_pl|Gambesone Sassone
itm_gambeson10|Gambesone Anglo
itm_gambeson10_pl|Gambesone Anglo
itm_gambeson11|Gambesone Anglo
itm_gambeson11_pl|Gambesone Anglo
itm_gambeson12|Gambesone Britanno
itm_gambeson12_pl|Gambesone Britanno
itm_gambeson13|Gambesone Norreno
itm_gambeson13_pl|Gambesone Norreno
itm_gambeson14|Gambesone Norreno
itm_gambeson14_pl|Gambesone Norreno
itm_gambeson15|Gambesone Lungo Sassone
itm_gambeson15_pl|Gambesone Lungo Sassone
itm_gambeson16|Gambesone Britanno
itm_gambeson16_pl|Gambesone Britanno
itm_gambeson17|Gambesone Anglo
itm_gambeson17_pl|Gambesone Anglo
itm_gambeson18|Gambesone Lungo Sassone
itm_gambeson18_pl|Gambesone Lungo Sassone
itm_gambeson19|Gambesone Frisiano
itm_gambeson19_pl|Gambesone Frisiano
itm_gambeson20|Gambesone Frisiano
itm_gambeson20_pl|Gambesone Frisiano
itm_gambeson21|Gambesone Comune
itm_gambeson21_pl|Gambesone Comune
itm_gambeson22|Gambesone Comune
itm_gambeson22_pl|Gambesone Comune
itm_gambeson23|Gambesone Comune
itm_gambeson23_pl|Gambesone Comune
itm_gambeson24|Gambesone Comune
itm_gambeson24_pl|Gambesone Comune
itm_gambeson1gael|Gambesone Pitto
itm_gambeson1gael_pl|Gambesone Pitto
itm_gambeson2gael|Gambesone Pitto
itm_gambeson2gael_pl|Gambesone Pitto
itm_gambeson3gael|Gambesone Pitto
itm_gambeson3gael_pl|Gambesone Pitto
itm_gambeson4gael|Gambesone Pitto
itm_gambeson4gael_pl|Gambesone Pitto
itm_gambeson5gael|Gambesone Pitto
itm_gambeson5gael_pl|Gambesone Pitto
itm_gambeson6gael|Gambesone Pitto
itm_gambeson6gael_pl|Gambesone Pitto
itm_gambeson7gael|Gambesone Pitto
itm_gambeson7gael_pl|Gambesone Pitto
itm_gambeson8gael|Gambesone Pitto
itm_gambeson8gael_pl|Gambesone Pitto
itm_gambeson9gael|Gambesone Gaelico
itm_gambeson9gael_pl|Gambesone Gaelico
itm_gambeson10gael|Gambesone Gaelico
itm_gambeson10gael_pl|Gambesone Gaelico
itm_gambeson11gael|Gambesone Gaelico
itm_gambeson11gael_pl|Gambesone Gaelico
itm_gambeson12gael|Gambesone Gaelico
itm_gambeson12gael_pl|Gambesone Gaelico
itm_gambeson13gael|Gambesone Gaelico
itm_gambeson13gael_pl|Gambesone Gaelico
itm_gambeson14gael|Gambesone Gaelico
itm_gambeson14gael_pl|Gambesone Gaelico
itm_gambeson15gael|Gambesone Gaelico
itm_gambeson15gael_pl|Gambesone Gaelico
itm_gambeson16gael|Gambesone Gaelico
itm_gambeson16gael_pl|Gambesone Gaelico
itm_gambeson1cloak|Gambesone Pitto
itm_gambeson1cloak_pl|Gambesone Pitto
itm_gambeson2cloak|Gambesone Pitto
itm_gambeson2cloak_pl|Gambesone Pitto
itm_gambeson5cloak|Gambesone Gaelico
itm_gambeson5cloak_pl|Gambesone Gaelico
itm_gambeson6cloak|Gambesone Gaelico
itm_gambeson6cloak_pl|Gambesone Gaelico
itm_gambeson3cloak|Gambesone Frisiano
itm_gambeson3cloak_pl|Gambesone Frisiano
itm_gambeson4cloak|Gambesone Frisiano
itm_gambeson4cloak_pl|Gambesone Frisiano
itm_gambeson25|Gambesone Lungo Norreno
itm_gambeson25_pl|Gambesone Lungo Norreno
itm_gambeson26|Gambesone Lungo Anglo
itm_gambeson26_pl|Gambesone Lungo Anglo
itm_gambeson27|Gambesone Lungo Norreno
itm_gambeson27_pl|Gambesone Lungo Norreno
itm_gambeson28|Gambesone Anglo
itm_gambeson28_pl|Gambesone Anglo
itm_gambeson29|Gambesone Lungo Norreno
itm_gambeson29_pl|Gambesone Lungo Norreno
itm_gambeson30|Gambesone Lungo Comune
itm_gambeson30_pl|Gambesone Lungo Comune
itm_gambeson31|Gambesone Lungo Comune
itm_gambeson31_pl|Gambesone Lungo Comune
itm_gambeson32|Gambesone Lungo Sassone
itm_gambeson32_pl|Gambesone Lungo Sassone
itm_gambeson33|Gambesone Lungo Frisiano
itm_gambeson33_pl|Gambesone Lungo Frisiano
itm_gambeson34|Gambesone Lungo Anglo
itm_gambeson34_pl|Gambesone Lungo Anglo
itm_gambeson35|Gambesone Norreno
itm_gambeson35_pl|Gambesone Norreno
itm_gambeson36|Gambesone Lungo Britanno
itm_gambeson36_pl|Gambesone Lungo Britanno
itm_gambeson37|Gambesone Britanno
itm_gambeson37_pl|Gambesone Britanno
itm_gambeson38|Gambesone Lungo Britanno
itm_gambeson38_pl|Gambesone Lungo Britanno
itm_gambeson39|Gambesone Lungo Anglo
itm_gambeson39_pl|Gambesone Lungo Anglo
itm_gambeson40|Gambesone Lungo Britanno
itm_gambeson40_pl|Gambesone Lungo Britanno
itm_gambeson41|Gambesone Lungo Britanno
itm_gambeson41_pl|Gambesone Lungo Britanno
itm_gambeson42|Gambesone Britanno
itm_gambeson42_pl|Gambesone Britanno
itm_gambeson43|Gambesone Lungo Norreno
itm_gambeson43_pl|Gambesone Lungo Norreno
itm_gambeson44|Gambesone Lungo Frisiano
itm_gambeson44_pl|Gambesone Lungo Frisiano
itm_gambeson45|Gambesone Anglo
itm_gambeson45_pl|Gambesone Anglo
itm_gambeson46|Gambesone Lungo Frisiano
itm_gambeson46_pl|Gambesone Lungo Frisiano
itm_gambeson47|Gambesone Lungo Comune
itm_gambeson47_pl|Gambesone Lungo Comune
itm_gambeson48|Gambesone Lungo Comune
itm_gambeson48_pl|Gambesone Lungo Comune
itm_mail_shirt|Byrnie Frisiano
itm_mail_shirt_pl|Byrnie Frisiano
itm_mail_shirt_1|Byrnie Comune
itm_mail_shirt_1_pl|Byrnie Comune
itm_mail_shirt_2|Lorica Pitta
itm_mail_shirt_2_pl|Lorica Pitta
itm_mail_shirt_3|Byrnie Comune
itm_mail_shirt_3_pl|Byrnie Comune
itm_mail_shirt_6|Lorica Pitta
itm_mail_shirt_6_pl|Lorica Pitta
itm_mail_shirt_7|Lorica Pitta
itm_mail_shirt_7_pl|Lorica Pitta
itm_mail_shirt_8|Lorica Pitta con Cappuccio
itm_mail_shirt_8_pl|Lorica Pitta con Cappuccio
itm_mail_shirt_9|Lorica Pitta con Cappuccio
itm_mail_shirt_9_pl|Lorica Pitta con Cappuccio
itm_mail_shirt_10|Byrnie Britanna Elite
itm_mail_shirt_10_pl|Byrnie Britanna Elite
itm_mail_shirt_11|Byrnie Britanna Elite
itm_mail_shirt_11_pl|Byrnie Britanna Elite
itm_mail_shirt_11_2|Byrnie Frisiano
itm_mail_shirt_11_2_pl|Byrnie Frisiano
itm_mail_shirt_11_3|Lorica Pitta
itm_mail_shirt_11_3_pl|Lorica Pitta
itm_mail_shirt_12|Byrnie Comune
itm_mail_shirt_12_pl|Byrnie Comune
itm_mail_shirt_13|Byrnie Comune
itm_mail_shirt_13_pl|Byrnie Comune
itm_mail_shirt_4|Byrnie Frisiano
itm_mail_shirt_4_pl|Byrnie Frisiano
itm_mail_shirt_5|Lorica Pitta
itm_mail_shirt_5_pl|Lorica Pitta
itm_mail_shirt_5_1|Byrnie Britanna Elite
itm_mail_shirt_5_1_pl|Byrnie Britanna Elite
itm_mail_shirt_5_2|Usbergo sassone d'elite
itm_mail_shirt_5_2_pl|Usbergo sassone d'elite
itm_mail_shirt_12_1|Usbergo comune
itm_mail_shirt_12_1_pl|Usbergo comune
itm_mail_shirt_12_2|Usbergo comune
itm_mail_shirt_12_2_pl|Usbergo comune
itm_mail_shirt_12_3|Usbergo comune
itm_mail_shirt_12_3_pl|Usbergo comune
itm_mail_shirt_12_4|Usbergo comune
itm_mail_shirt_12_4_pl|Usbergo comune
itm_mail_shirt_13_1|Usbergo sassone d'elite
itm_mail_shirt_13_1_pl|Usbergo sassone d'elite
itm_mail_shirt_13_2|Usbergo sassone
itm_mail_shirt_13_2_pl|Usbergo sassone
itm_mail_shirt_13_3|Usbergo sassone
itm_mail_shirt_13_3_pl|Usbergo sassone
itm_mail_shirt_13_4|Lorica sassone d'Elite
itm_mail_shirt_13_4_pl|Lorica sassone d'Elite
itm_byrnie|Usbergo comune
itm_byrnie_pl|Usbergo comune
itm_byrnie2|Lorica Frisa
itm_byrnie2_pl|Lorica Frisa
itm_byrnie3|Usbergo comune
itm_byrnie3_pl|Usbergo comune
itm_byrnie4|Byrnie Bretone
itm_byrnie4_pl|Byrnie Bretone
itm_byrnie5|Usbergo sassone
itm_byrnie5_pl|Usbergo sassone
itm_byrnie6|Byrnie Bretone
itm_byrnie6_pl|Byrnie Bretone
itm_byrnie7|Lorica Frisa d'Elite
itm_byrnie7_pl|Lorica Frisa d'Elite
itm_byrnie8|Usbergo Friso d'elite
itm_byrnie8_pl|Usbergo Friso d'elite
itm_byrnie9|Lorica Goidelica
itm_byrnie9_pl|Lorica Goidelica
itm_byrnie10|Lorica Goidelica
itm_byrnie10_pl|Lorica Goidelica
itm_byrnie11|Lorica Godelica con Cappuccio
itm_byrnie11_pl|Lorica Godelica con Cappuccio
itm_byrnie12|Lorica Godelica con Cappuccio
itm_byrnie12_pl|Lorica Godelica con Cappuccio
itm_byrnie13|Byrnie Bretone
itm_byrnie13_pl|Byrnie Bretone
itm_byrnie14|Byrnie Bretone
itm_byrnie14_pl|Byrnie Bretone
itm_byrnie15|Byrnie Bretone con Cappuccio
itm_byrnie15_pl|Byrnie Bretone con Cappuccio
itm_byrnie16|Hringserks Norrena
itm_byrnie16_pl|Hringserks Norrena
itm_byrnie17|Hringserks Norrena
itm_byrnie17_pl|Hringserks Norrena
itm_byrnie18|Hringserks Norrena
itm_byrnie18_pl|Hringserks Norrena
itm_byrnie19|Hringserks Norrena
itm_byrnie19_pl|Hringserks Norrena
itm_byrnie20|Usbergo Friso
itm_byrnie20_pl|Usbergo Friso
itm_byrnie21|Lorica Sassone
itm_byrnie21_pl|Lorica Sassone
itm_byrnie22|Usbergo sassone
itm_byrnie22_pl|Usbergo sassone
itm_byrnie23|Usbergo Anglo
itm_byrnie23_pl|Usbergo Anglo
itm_byrnie24|Usbergo Anglo
itm_byrnie24_pl|Usbergo Anglo
itm_byrnie25|Usbergo Anglo
itm_byrnie25_pl|Usbergo Anglo
itm_byrnie26|Usbergo Anglo
itm_byrnie26_pl|Usbergo Anglo
itm_byrnie27|Usbergo Anglo con Cappuccio
itm_byrnie27_pl|Usbergo Anglo con Cappuccio
itm_byrnie28|Usbergo Anglo con pelliccia
itm_byrnie28_pl|Usbergo Anglo con pelliccia
itm_byrnie29|Usbergo angolo con Cappuccio
itm_byrnie29_pl|Usbergo angolo con Cappuccio
itm_byrnie30|Usbergo Anglo con pelliccia
itm_byrnie30_pl|Usbergo Anglo con pelliccia
itm_byrnie31|Hringserks Norrena con Cappuccio
itm_byrnie31_pl|Hringserks Norrena con Cappuccio
itm_byrnie32|Hringserks Norrena
itm_byrnie32_pl|Hringserks Norrena
itm_byrnie33|Hringserks Norrena con Pelliccia
itm_byrnie33_pl|Hringserks Norrena con Pelliccia
itm_byrnie34|Hringserks Norrena con Pelliccia
itm_byrnie34_pl|Hringserks Norrena con Pelliccia
itm_byrnie35|Usbergo Friso
itm_byrnie35_pl|Usbergo Friso
itm_byrnie36|Lorica Godelica
itm_byrnie36_pl|Lorica Goidelica
itm_byrnie37|Lorica Goidelica
itm_byrnie37_pl|Lorica Goidelica
itm_byrnie38|Lorica Goidelica
itm_byrnie38_pl|Lorica Goidelica
itm_orm_byrnie|Lorica Orm
itm_orm_byrnie_pl|Lorica Orm
itm_lamellar_armor|Lorica a Scaglie
itm_lamellar_armor_pl|Lorica a Scaglie
itm_burlap_tunic|Tunica di Tela Ruvida
itm_burlap_tunic_pl|Tunica di Tela Ruvida
itm_hood_01|Cappuccio
itm_hood_01_pl|Cappuccio
itm_hood_02|Cappuccio
itm_hood_02_pl|Cappuccio
itm_phrygian1|Frigio
itm_phrygian1_pl|Frigio
itm_phrygian2|Frigio
itm_phrygian2_pl|Frigio
itm_phrygian3|Frigio
itm_phrygian3_pl|Frigio
itm_phrygian4|Frigio
itm_phrygian4_pl|Frigio
itm_phrygian5|Frigio
itm_phrygian5_pl|Frigio
itm_phrygian6|Frigio
itm_phrygian6_pl|Frigio
itm_phrygian7|Frigio di Qualità
itm_phrygian7_pl|Frigio di Qualità
itm_phrygian8|Frigio di Qualità
itm_phrygian8_pl|Frigio di Qualità
itm_phrygian9|Frigio di Qualità
itm_phrygian9_pl|Frigio di Qualità
itm_phrygian10|Frigio di Qualità
itm_phrygian10_pl|Frigio di Qualità
itm_phrygian11|Frigio di Qualità
itm_phrygian11_pl|Frigio di Qualità
itm_phrygian12|Frigio di Qualità
itm_phrygian12_pl|Frigio di Qualità
itm_phrygian13|Frigio di Qualità
itm_phrygian13_pl|Frigio di Qualità
itm_phrygian14|Frigio Decorato
itm_phrygian14_pl|Frigio Decorato
itm_phrygian15|Frigio Decorato
itm_phrygian15_pl|Frigio Decorato
itm_phrygian16|Frigio Decorato
itm_phrygian16_pl|Frigio Decorato
itm_phrygian17|Frigio Decorato
itm_phrygian17_pl|Frigio Decorato
itm_briton_helm|Elmo Semplice
itm_briton_helm_pl|Elmo Semplice
itm_briton_helm2|Elmo Semplice
itm_briton_helm2_pl|Elmo Semplice
itm_briton_helm3|Vecchio Elmo Semplice
itm_briton_helm3_pl|Vecchio Elmo Semplice
itm_briton_helm4|Vecchio Elmo Semplice
itm_briton_helm4_pl|Vecchio Elmo Semplice
itm_briton_helm5|Elmo con Cuoio Semplice
itm_briton_helm5_pl|Elmo con Cuoio Semplice
itm_briton_helm6|Elmo con Cuoio Semplice
itm_briton_helm6_pl|Elmo con Cuoio Semplice
itm_briton_helm7|Vecchio Elmo con Cuoio Semplice
itm_briton_helm7_pl|Vecchio Elmo con Cuoio Semplice
itm_briton_helm8|Vecchio Elmo con Cuoio Semplice
itm_briton_helm8_pl|Vecchio Elmo con Cuoio Semplice
itm_briton_helm9|Elmo Completo
itm_briton_helm9_pl|Elmo Completo
itm_briton_helm10|Elmo Completo
itm_briton_helm10_pl|Elmo Completo
itm_briton_helm11|Vecchio Elmo Completo
itm_briton_helm11_pl|Vecchio Elmo Completo
itm_briton_helm12|Vecchio Elmo Completo
itm_briton_helm12_pl|Vecchio Elmo Completo
itm_briton_helm13|Elmo Completo
itm_briton_helm13_pl|Elmo Completo
itm_briton_helm14|Elmo Completo
itm_briton_helm14_pl|Elmo Completo
itm_briton_helm15|Elmo Completo
itm_briton_helm15_pl|Elmo Completo
itm_briton_helm16|Vecchio Elmo Completo
itm_briton_helm16_pl|Vecchio Elmo Completo
itm_briton_helm17|Vecchio Elmo Completo
itm_briton_helm17_pl|Vecchio Elmo Completo
itm_briton_helm18|Vecchio Elmo Completo
itm_briton_helm18_pl|Vecchio Elmo Completo
itm_briton_helm19|Elmo con Nasale
itm_briton_helm19_pl|Elmo con Nasale
itm_briton_helm20|Elmo con Nasale
itm_briton_helm20_pl|Elmo con Nasale
itm_briton_helm21|Elmo con Nasale
itm_briton_helm21_pl|Elmo con Nasale
itm_briton_helm22|Vecchio Elmo con Nasale
itm_briton_helm22_pl|Vecchio Elmo con Nasale
itm_briton_helm23|Vecchio Elmo con Nasale
itm_briton_helm23_pl|Vecchio Elmo con Nasale
itm_briton_helm24|Vecchio Elmo con Nasale
itm_briton_helm24_pl|Vecchio Elmo con Nasale
itm_briton_helm25|Elmo di Cuoio
itm_briton_helm25_pl|Elmo di Cuoio
itm_briton_helm26|Elmo di Cuoio
itm_briton_helm26_pl|Elmo di Cuoio
itm_briton_helm27|Elmo di Cuoio
itm_briton_helm27_pl|Elmo di Cuoio
itm_briton_helm28|Vecchio Elmo con Cuoio
itm_briton_helm28_pl|Vecchio Elmo con Cuoio
itm_briton_helm29|Vecchio Elmo con Cuoio
itm_briton_helm29_pl|Vecchio Elmo con Cuoio
itm_briton_helm30|Vecchio Elmo con Cuoio
itm_briton_helm30_pl|Vecchio Elmo con Cuoio
itm_briton_helm31|Elmo con Maglia
itm_briton_helm31_pl|Elmo con Maglia
itm_briton_helm32|Elmo con Maglia
itm_briton_helm32_pl|Elmo con Maglia
itm_briton_helm33|Elmo con Maglia
itm_briton_helm33_pl|Elmo con Maglia
itm_briton_helm34|Elmo con Maglia
itm_briton_helm34_pl|Elmo con Maglia
itm_briton_helm35|Elmo Completo
itm_briton_helm35_pl|Elmo Completo
itm_briton_helm36|Elmo Completo
itm_briton_helm36_pl|Elmo Completo
itm_briton_helm37|Elmo Completo
itm_briton_helm37_pl|Elmo Completo
itm_briton_helm38|Vecchio Elmo Completo
itm_briton_helm38_pl|Vecchio Elmo Completo
itm_briton_helm39|Vecchio Elmo Completo
itm_briton_helm39_pl|Vecchio Elmo Completo
itm_briton_helm40|Vecchio Elmo Completo
itm_briton_helm40_pl|Vecchio Elmo Completo
itm_spangenhelm_1|Elmo Semplice
itm_spangenhelm_1_pl|Elmo Semplice
itm_spangenhelm_2|Elmo Semplice
itm_spangenhelm_2_pl|Elmo Semplice
itm_spangenhelm_3|Vecchio Elmo Semplice
itm_spangenhelm_3_pl|Vecchio Elmo Semplice
itm_spangenhelm_4|Vecchio Elmo Semplice
itm_spangenhelm_4_pl|Vecchio Elmo Semplice
itm_spangenhelm_5|Elmo con Maglia Semplice
itm_spangenhelm_5_pl|Elmo con Maglia Semplice
itm_spangenhelm_6|Elmo con Maglia Semplice
itm_spangenhelm_6_pl|Elmo con Maglia Semplice
itm_spangenhelm_7|Vecchio Elmo con Cuoio Semplice
itm_spangenhelm_7_pl|Vecchio Elmo con Cuoio Semplice
itm_spangenhelm_8|Vecchio Elmo Anglo Sassone
itm_spangenhelm_8_pl|Vecchio Elmo Anglo Sassone
itm_spangenhelm_9|Elmo Completo
itm_spangenhelm_9_pl|Elmo Completo
itm_spangenhelm_10|Elmo Completo
itm_spangenhelm_10_pl|Elmo Completo
itm_spangenhelm_11|Vecchio Elmo Anglo Sassone
itm_spangenhelm_11_pl|Vecchio Elmo Anglo Sassone
itm_spangenhelm_12|Vecchio Elmo Anglo Sassone
itm_spangenhelm_12_pl|Vecchio Elmo Anglo Sassone
itm_spangenhelm_13|Elmo Completo
itm_spangenhelm_13_pl|Elmo Completo
itm_spangenhelm_14|Elmo Completo
itm_spangenhelm_14_pl|Elmo Completo
itm_spangenhelm_15|Elmo Completo
itm_spangenhelm_15_pl|Elmo Completo
itm_spangenhelm_16|Elmo Anglo Sassone Elite
itm_spangenhelm_16_pl|Elmo Anglo Sassone Elite
itm_spangenhelm_17|Elmo Anglo Sassone Elite
itm_spangenhelm_17_pl|Elmo Anglo Sassone Elite
itm_spangenhelm_18|Elmo Sassone
itm_spangenhelm_18_pl|Elmo Sassone
itm_spangenhelm_19|Elmo con Nasale
itm_spangenhelm_19_pl|Elmo con Nasale
itm_spangenhelm_20|Elmo con Nasale
itm_spangenhelm_20_pl|Elmo con Nasale
itm_spangenhelm_21|Elmo con Nasale
itm_spangenhelm_21_pl|Elmo con Nasale
itm_spangenhelm_22|Elmo con Nasale
itm_spangenhelm_22_pl|Elmo con Nasale
itm_spangenhelm_23|Vecchio Elmo
itm_spangenhelm_23_pl|Vecchio Elmo
itm_spangenhelm_24|Vecchio Elmo con Nasale
itm_spangenhelm_24_pl|Vecchio Elmo con Nasale
itm_spangenhelm_25|Elmo con Cuoio
itm_spangenhelm_25_pl|Elmo con Cuoio
itm_spangenhelm_26|Elmo con Cuoio
itm_spangenhelm_26_pl|Elmo con Cuoio
itm_spangenhelm_27|Elmo con Cuoio
itm_spangenhelm_27_pl|Elmo con Cuoio
itm_spangenhelm_28|Vecchio Elmo con Cuoio
itm_spangenhelm_28_pl|Vecchio Elmo con Cuoio
itm_spangenhelm_29|Vecchio Elmo con Cuoio
itm_spangenhelm_29_pl|Vecchio Elmo con Cuoio
itm_spangenhelm_30|Elmo Sassone con Cuoio
itm_spangenhelm_30_pl|Elmo Sassone con Cuoio
itm_spangenhelm_31|Elmo con Maglia
itm_spangenhelm_31_pl|Elmo con Maglia
itm_spangenhelm_32|Elmo con Maglia
itm_spangenhelm_32_pl|Elmo con Maglia
itm_spangenhelm_33|Vecchio Elmo con Maglia
itm_spangenhelm_33_pl|Vecchio Elmo con Maglia
itm_spangenhelm_34|Vecchio Elmo con Maglia
itm_spangenhelm_34_pl|Vecchio Elmo con Maglia
itm_spangenhelm_35|Elmo Completo
itm_spangenhelm_35_pl|Elmo Completo
itm_spangenhelm_36|Elmo Completo
itm_spangenhelm_36_pl|Elmo Completo
itm_spangenhelm_37|Elmo Completo
itm_spangenhelm_37_pl|Elmo Completo
itm_spangenhelm_38|Vecchio Elmo Completo
itm_spangenhelm_38_pl|Vecchio Elmo Completo
itm_spangenhelm_39|Elmo Anglo Sassone da Nobiluomo
itm_spangenhelm_39_pl|Elmo Anglo Sassone da Nobiluomo
itm_spangenhelm_40|Elmo Anglo Sassone da Nobiluomo
itm_spangenhelm_40_pl|Elmo Anglo Sassone da Nobiluomo
itm_vikingold_helm|Vecchio Elmo Norreno
itm_vikingold_helm_pl|Vecchio Elmo Norreno
itm_vikingold_helm2|Vecchio Elmo Norreno
itm_vikingold_helm2_pl|Vecchio Elmo Norreno
itm_vikingold_helm3|Vecchio Elmo Norreno con Nasale
itm_vikingold_helm3_pl|Vecchio Elmo Norreno con Nasale
itm_vikingold_helm4|Vecchio Elmo Norreno con Nasale
itm_vikingold_helm4_pl|Vecchio Elmo Norreno con Nasale
itm_vikingold_helm5|Vecchio Elmo Norreno con Nasale
itm_vikingold_helm5_pl|Vecchio Elmo Norreno con Nasale
itm_vikingold_helm6|Vecchio Elmo Norreno con Nasale
itm_vikingold_helm6_pl|Vecchio Elmo Norreno con Nasale
itm_vikingold_helm7|Vecchio Elmo
itm_vikingold_helm7_pl|Vecchio Elmo
itm_vikingold_helm8|Vecchio Elmo
itm_vikingold_helm8_pl|Vecchio Elmo
itm_vikingold_helm9|Vecchio Elmo Norreno con Nasale
itm_vikingold_helm9_pl|Vecchio Elmo Norreno con Nasale
itm_vikingold_helm10|Vecchio Elmo Norreno con Nasale
itm_vikingold_helm10_pl|Vecchio Elmo Norreno con Nasale
itm_vikingold_helm11|Vecchio Elmo Norreno con Nasale
itm_vikingold_helm11_pl|Vecchio Elmo Norreno con Nasale
itm_vikingold_helm12|Vecchio Elmo Norreno con Nasale
itm_vikingold_helm12_pl|Vecchio Elmo Norreno con Nasale
itm_vikingold_helm13|Vecchio Elmo Norreno con Maglia
itm_vikingold_helm13_pl|Vecchio Elmo Norreno con Maglia
itm_vikingold_helm14|Vecchio Elmo Norreno con Maglia
itm_vikingold_helm14_pl|Vecchio Elmo Norreno con Maglia
itm_vikingold_helm15|Vecchio Elmo Norreno con Maglia
itm_vikingold_helm15_pl|Vecchio Elmo Norreno con Maglia
itm_vikingold_helm16|Vecchio Elmo Norreno con Maglia
itm_vikingold_helm16_pl|Vecchio Elmo Norreno con Maglia
itm_vikingold_helm17|Vecchio Elmo Norreno con Maglia
itm_vikingold_helm17_pl|Vecchio Elmo Norreno con Maglia
itm_vikingold_helm18|Vecchio Elmo Norreno con Maglia
itm_vikingold_helm18_pl|Vecchio Elmo Norreno con Maglia
itm_vikingold_helm19|Vecchio Elmo Norreno Completo
itm_vikingold_helm19_pl|Vecchio Elmo Norreno Completo
itm_vikingold_helm20|Vecchio Elmo Norreno Completo
itm_vikingold_helm20_pl|Vecchio Elmo Norreno Completo
itm_vikingold_helm21|Vecchio Elmo Norreno Completo
itm_vikingold_helm21_pl|Vecchio Elmo Norreno Completo
itm_vikingold_helm22|Vecchio Elmo Norreno Completo
itm_vikingold_helm22_pl|Vecchio Elmo Norreno Completo
itm_vikingold_helm23|Vecchio Elmo Norreno Completo
itm_vikingold_helm23_pl|Vecchio Elmo Norreno Completo
itm_vikingold_helm24|Vecchio Elmo Norreno Completo
itm_vikingold_helm24_pl|Vecchio Elmo Norreno Completo
itm_viking_helm|Elmo Norreno Semplice
itm_viking_helm_pl|Elmo Norreno Semplice
itm_viking_helm2|Elmo Norreno Semplice
itm_viking_helm2_pl|Elmo Norreno Semplice
itm_viking_helm3|Elmo Norreno con Nasale
itm_viking_helm3_pl|Elmo Norreno con Nasale
itm_viking_helm4|Elmo Norreno con Nasale
itm_viking_helm4_pl|Elmo Norreno con Nasale
itm_viking_helm5|Elmo Norreno con Nasale
itm_viking_helm5_pl|Elmo Norreno con Nasale
itm_viking_helm6|Elmo Norreno con Nasale
itm_viking_helm6_pl|Elmo Norreno con Nasale
itm_viking_helm7|Elmo Norreno
itm_viking_helm7_pl|Elmo Norreno
itm_viking_helm8|Elmo Norreno
itm_viking_helm8_pl|Elmo Norreno
itm_viking_helm9|Elmo Norreno con Nasale
itm_viking_helm9_pl|Elmo Norreno con Nasale
itm_viking_helm10|Elmo Norreno con Nasale
itm_viking_helm10_pl|Elmo Norreno con Nasale
itm_viking_helm11|Elmo Norreno con Nasale
itm_viking_helm11_pl|Elmo Norreno con Nasale
itm_viking_helm12|Elmo Norreno con Nasale
itm_viking_helm12_pl|Elmo Norreno con Nasale
itm_viking_helm13|Elmo Norreno con Maglia
itm_viking_helm13_pl|Elmo Norreno con Maglia
itm_viking_helm14|Elmo Norreno con Maglia
itm_viking_helm14_pl|Elmo Norreno con Maglia
itm_viking_helm15|Elmo Norreno con Nasale
itm_viking_helm15_pl|Elmo Norreno con Nasale
itm_viking_helm16|Elmo Norreno con Nasale
itm_viking_helm16_pl|Elmo Norreno con Nasale
itm_viking_helm17|Elmo Norreno con Nasale
itm_viking_helm17_pl|Elmo Norreno con Nasale
itm_viking_helm18|Elmo Norreno con Nasale
itm_viking_helm18_pl|Elmo Norreno con Nasale
itm_viking_helm19|Elmo Norreno Completo
itm_viking_helm19_pl|Elmo Norreno Completo
itm_viking_helm20|Elmo Norreno Completo
itm_viking_helm20_pl|Elmo Norreno Completo
itm_viking_helm21|Elmo Norreno Completo
itm_viking_helm21_pl|Elmo Norreno Completo
itm_viking_helm22|Elmo Norreno Completo
itm_viking_helm22_pl|Elmo Norreno Completo
itm_viking_helm23|Elmo Norreno Completo
itm_viking_helm23_pl|Elmo Norreno Completo
itm_viking_helm24|Elmo Norreno Completo
itm_viking_helm24_pl|Elmo Norreno Completo
itm_vikingold_elitehelm1|Vecchio Elmo Norreno
itm_vikingold_elitehelm1_pl|Vecchio Elmo Norreno
itm_vikingold_elitehelm2|Vecchio Elmo Norreno
itm_vikingold_elitehelm2_pl|Vecchio Elmo Norreno
itm_vikingold_elitehelm3|Vecchio Elmo Norreno
itm_vikingold_elitehelm3_pl|Vecchio Elmo Norreno
itm_vikingold_elitehelm4|Vecchio Elmo Norreno con Cuoio
itm_vikingold_elitehelm4_pl|Vecchio Elmo Norreno con Cuoio
itm_vikingold_elitehelm5|Vecchio Elmo Norreno con Cuoio
itm_vikingold_elitehelm5_pl|Vecchio Elmo Norreno con Cuoio
itm_vikingold_elitehelm6|Vecchio Elmo Norreno con Maglia
itm_vikingold_elitehelm6_pl|Vecchio Elmo Norreno con Maglia
itm_vikingold_elitehelm7|Vecchio Elmo Norreno con Maglia
itm_vikingold_elitehelm7_pl|Vecchio Elmo Norreno con Maglia
itm_vikingold_elitehelm8|Elmo Norreno Lussuoso
itm_vikingold_elitehelm8_pl|Elmo Norreno Lussuoso
itm_vikingold_elitehelm9|Elmo Norreno Lussuoso
itm_vikingold_elitehelm9_pl|Elmo Norreno Lussuoso
itm_viking_elitehelm1|Elmo Norreno
itm_viking_elitehelm1_pl|Elmo Norreno
itm_viking_elitehelm2|Elmo Norreno
itm_viking_elitehelm2_pl|Elmo Norreno
itm_viking_elitehelm3|Elmo Norreno con Cuoio
itm_viking_elitehelm3_pl|Elmo Norreno con Cuoio
itm_viking_elitehelm4|Elmo Norreno
itm_viking_elitehelm4_pl|Elmo Norreno
itm_viking_elitehelm5|Elmo Norreno con Cuoio
itm_viking_elitehelm5_pl|Elmo Norreno con Cuoio
itm_viking_elitehelm6|Elmo Norreno con Cuoio
itm_viking_elitehelm6_pl|Elmo Norreno con Cuoio
itm_viking_elitehelm7|Elmo Norreno con Maglia
itm_viking_elitehelm7_pl|Elmo Norreno con Maglia
itm_viking_elitehelm8|Elmo Norreno con Maglia
itm_viking_elitehelm8_pl|Elmo Norreno con Maglia
itm_viking_elitehelm9|Elmo Norreno con Maglia
itm_viking_elitehelm9_pl|Elmo Norreno con Maglia
itm_viking_noblehelm1|Elmo Norreno d'Elite
itm_viking_noblehelm1_pl|Elmo Norreno d'Elite
itm_viking_noblehelm2|Elmo Norreno con Cuoio d'Elite
itm_viking_noblehelm2_pl|Elmo Norreno con Cuoio Elite
itm_viking_noblehelm3|Elmo Norreno con Maglia Elite
itm_viking_noblehelm3_pl|Elmo Norreno con Maglia Elite
itm_angle_helmet1|Elmo Nobile
itm_angle_helmet1_pl|Elmo Nobile
itm_angle_helmet2|Elmo con Cuoio
itm_angle_helmet2_pl|Elmo con Cuoio
itm_angle_helmet3|Elmo con Maglia
itm_angle_helmet3_pl|Elmo con Maglia
itm_angle_helmet4|Elmo con Maglia
itm_angle_helmet4_pl|Elmo con Maglia
itm_angle_helmet5|Vecchio Elmo Completo
itm_angle_helmet5_pl|Vecchio Elmo Completo
itm_angle_helmet6|Elmo Completo
itm_angle_helmet6_pl|Elmo Completo
itm_elf_helmet|Elmo Elfico
itm_elf_helmet_pl|Elmo Elfico
itm_noble_helm_smith|Elmo Nobile
itm_noble_helm_smith_pl|Elmo Nobile
itm_hersir_helm|Elmo Hersir
itm_hersir_helm_pl|Elmo Hersir
itm_crown1|Corona
itm_crown1_pl|Corona
itm_sarranid_horseman_helmet|Senza Testa
itm_sarranid_horseman_helmet_pl|Senza Testa
itm_saco_enlacabeza|Sacco
itm_saco_enlacabeza_pl|Sacco
itm_wooden_stick|Bastone di Legno
itm_wooden_stick_pl|Bastone di Legno
itm_club_hard|Mazza
itm_club_hard_pl|Mazza
itm_club_troll|Ascia del Troll
itm_club_troll_pl|Ascia del Troll
itm_knife|Coltello da Caccia
itm_knife_pl|Coltello da Caccia
itm_knife2|Coltello da Caccia
itm_knife2_pl|Coltello da Caccia
itm_knife3|Coltello da Caccia
itm_knife3_pl|Coltello da Caccia
itm_knife4|Coltello da Caccia
itm_knife4_pl|Coltello da Caccia
itm_knife5|Coltello da Caccia
itm_knife5_pl|Coltello da Caccia
itm_longseax1|Broadseax
itm_longseax1_pl|Broadseax
itm_longseax2|Broadseax
itm_longseax2_pl|Broadseax
itm_longseax3|Broadseax
itm_longseax3_pl|Broadseax
itm_longseax4|Broadseax
itm_longseax4_pl|Broadseax
itm_longseax5|Broadseax
itm_longseax5_pl|Broadseax
itm_longseax6|Langseax
itm_longseax6_pl|Langseax
itm_longseax7|Langseax
itm_longseax7_pl|Langseax
itm_longseax8|Langseax
itm_longseax8_pl|Langseax
itm_longseax9|Langseax
itm_longseax9_pl|Langseax
itm_longseax10|Langseax
itm_longseax10_pl|Langseax
itm_seax_1|Scramasax
itm_seax_1_pl|Scramasax
itm_seax_2|Scramasax
itm_seax_2_pl|Scramasax
itm_seax_3|Scramasax
itm_seax_3_pl|Scramasax
itm_seax_4|Scramasax
itm_seax_4_pl|Scramasax
itm_seax_5|Scramasax
itm_seax_5_pl|Scramasax
itm_ragnar_seax|Langseax di Ragnar
itm_ragnar_seax_pl|Langseax di Ragnar
itm_elf_seax|Langseax Elfico
itm_elf_seax_pl|Langseax Elfico
itm_spatha|Spada Medievale
itm_spatha_pl|Spada Medievale
itm_spatha_2|Spada Medievale
itm_spatha_2_pl|Spada Medievale
itm_spatha_3|Spada Medievale
itm_spatha_3_pl|Spada Medievale
itm_spatha_4|Spada Medievale
itm_spatha_4_pl|Spada Medievale
itm_spatha_5|Spada Medievale
itm_spatha_5_pl|Spada Medievale
itm_spatha_6|Spada Medievale
itm_spatha_6_pl|Spada Medievale
itm_spatha_7|Spada Medievale
itm_spatha_7_pl|Spada Medievale
itm_spatha_8|Spada Medievale
itm_spatha_8_pl|Spada Medievale
itm_sword|Spada Medievale
itm_sword_pl|Spada Medievale
itm_sword_2|Spada Medievale
itm_sword_2_pl|Spada Medievale
itm_sword_3|Spada Medievale
itm_sword_3_pl|Spada Medievale
itm_sword_4|Spada Medievale
itm_sword_4_pl|Spada Medievale
itm_sword_5|Spada Corta
itm_sword_5_pl|Spada Corta
itm_sword_6|Spada Corta
itm_sword_6_pl|Spada Corta
itm_sword_7|Spada Corta
itm_sword_7_pl|Spada Corta
itm_sword_8|Spada Corta
itm_sword_8_pl|Spada Corta
itm_new_sword1|Spada Corta
itm_new_sword1_pl|Spada Corta
itm_new_sword2|Spada Corta
itm_new_sword2_pl|Spada Corta
itm_new_sword3|Spada Corta
itm_new_sword3_pl|Spada Corta
itm_new_sword4|Spada Corta
itm_new_sword4_pl|Spada Corta
itm_new_sword5|Spada Corta
itm_new_sword5_pl|Spada Corta
itm_new_sword6|Spada Corta
itm_new_sword6_pl|Spada Corta
itm_noble_sword|Spada Raffinata
itm_noble_sword_pl|Spada Raffinata
itm_noble_sword_2|Spada di Ulfberth
itm_noble_sword_2_pl|Spada di Ulfberth
itm_noble_sword_3|Spada di Ulfberth Falsa
itm_noble_sword_3_pl|Spada di Ulfberth Falsa
itm_noble_sword_4|Spada Raffinata
itm_noble_sword_4_pl|Spada Raffinata
itm_noble_sword_5|Spada di Ulfberth
itm_noble_sword_5_pl|Spada di Ulfberth
itm_noble_sword_6|Spada di Ulfberth Falsa
itm_noble_sword_6_pl|Spada di Ulfberth Falsa
itm_old_swordv|Spada Bretone
itm_old_swordv_pl|Spada Bretone
itm_old_swordv2|Spada Bretone
itm_old_swordv2_pl|Spada Bretone
itm_old_swordv3|Spada Bretone
itm_old_swordv3_pl|Spada Bretone
itm_old_swordv4|Spada Bretone
itm_old_swordv4_pl|Spada Bretone
itm_old_swordv5|Spada Bretone
itm_old_swordv5_pl|Spada Bretone
itm_old_swordv6|Spada Bretone
itm_old_swordv6_pl|Spada Bretone
itm_old_swordv7|Spada Bretone
itm_old_swordv7_pl|Spada Bretone
itm_noble_sword_7|Spada Bretone Raffinata
itm_noble_sword_7_pl|Spada Bretone Raffinata
itm_noble_sword_8|Spada Bretone Raffinata
itm_noble_sword_8_pl|Spada Bretone Raffinata
itm_noble_sword_9|Spada Bretone Raffinata
itm_noble_sword_9_pl|Spada Bretone Raffinata
itm_noble_sword_10|Spada Bretone Raffinata
itm_noble_sword_10_pl|Spada Bretone Raffinata
itm_noble_sword_11|Spada Bretone Raffinata
itm_noble_sword_11_pl|Spada Bretone Raffinata
itm_noble_sword_12|Spada Bretone Raffinata
itm_noble_sword_12_pl|Spada Bretone Raffinata
itm_noble_sword_13|Spada Bretone Raffinata
itm_noble_sword_13_pl|Spada Bretone Raffinata
itm_noble_swordv|Spada di Ulfberth Falsa
itm_noble_swordv_pl|Spada di Ulfberth Falsa
itm_noble_swordv3|Spada di Ulfberth Falsa
itm_noble_swordv3_pl|Spada di Ulfberth Falsa
itm_noble_swordv4|Spada di Ulfberth
itm_noble_swordv4_pl|Spada di Ulfberth
itm_noble_swordv5|Spada Medievale
itm_noble_swordv5_pl|Spada Medievale
itm_noble_swordv6|Spada Medievale
itm_noble_swordv6_pl|Spada Medievale
itm_noble_swordv7|Spada Raffinata
itm_noble_swordv7_pl|Spada Raffinata
itm_irish_long_sword1|Spada Lunga da Nobile Gaelico
itm_irish_long_sword1_pl|Spada Lunga da Nobile Gaelico
itm_irish_long_sword2|Spada Lunga da Nobile Gaelico
itm_irish_long_sword2_pl|Spada Lunga da Nobile Gaelico
itm_irish_long_sword3|Spada Lunga Gaelica
itm_irish_long_sword3_pl|Spada Lunga Gaelica
itm_irish_long_sword4|Spada Lunga Gaelica
itm_irish_long_sword4_pl|Spada Lunga Gaelica
itm_irish_long_sword5|Spada Lunga Gaelica
itm_irish_long_sword5_pl|Spada Lunga Gaelica
itm_irish_long_sword6|Spada Lunga Gaelica
itm_irish_long_sword6_pl|Spada Lunga Gaelica
itm_irish_long_sword7|Spada Lunga Gaelica
itm_irish_long_sword7_pl|Spada Lunga Gaelica
itm_irish_long_sword8|Spada Lunga Gaelica
itm_irish_long_sword8_pl|Spada Lunga Gaelica
itm_irish_short_sword1|Spada corta Gaelica
itm_irish_short_sword1_pl|Spada corta Gaelica
itm_irish_short_sword2|Spada corta Gaelica
itm_irish_short_sword2_pl|Spada corta Gaelica
itm_irish_short_sword3|Spada corta Gaelica
itm_irish_short_sword3_pl|Spada corta Gaelica
itm_championsword1|Spada del Campione Gaelico
itm_championsword1_pl|Spada del Campione Gaelico
itm_championsword2|Spada del Campione Gaelico
itm_championsword2_pl|Spada del Campione Gaelico
itm_widow_maker|Widowmaker
itm_widow_maker_pl|Widowmaker
itm_suttonhoosword2|Spada del Re dei Banditi
itm_suttonhoosword2_pl|Spada del Re dei Banditi
itm_siren_song|Laufi
itm_siren_song_pl|Laufi
itm_sword_of_war|Spada di Olvir
itm_sword_of_war_pl|Spada di Olvir
itm_sword_premium1|Nad
itm_sword_premium1_pl|Nad
itm_sword_premium2|Draguandil
itm_sword_premium2_pl|Draguandil
itm_sword_premium3|Blynjubitr
itm_sword_premium3_pl|Blynjubitr
itm_hatchet|Ascia
itm_hatchet_pl|Ascia
itm_axe|Ascia
itm_axe_pl|Ascia
itm_axe_2|Ascia Piccola
itm_axe_2_pl|Ascia Piccola
itm_hand_axe|Ascia Piccola
itm_hand_axe_pl|Ascia Piccola
itm_axe_3|Ascia Lunga
itm_axe_3_pl|Ascia Lunga
itm_axe_4|Ascia Lunga
itm_axe_4_pl|Ascia Lunga
itm_one_handed_war_axe_a|Piccola Ascia da Battaglia
itm_one_handed_war_axe_a_pl|Piccola Ascia da Battaglia
itm_one_handed_war_axe_b|Piccola Ascia da Battaglia
itm_one_handed_war_axe_b_pl|Piccola Ascia da Battaglia
itm_one_handed_war_axe_c|Piccola Ascia da Battaglia
itm_one_handed_war_axe_c_pl|Piccola Ascia da Battaglia
itm_one_handed_war_axe_d|Piccola Ascia da Battaglia
itm_one_handed_war_axe_d_pl|Piccola Ascia da Battaglia
itm_one_handed_war_axe_e|Ascia Lunga da Battaglia
itm_one_handed_war_axe_e_pl|Ascia Lunga da Battaglia
itm_one_handed_war_axe_f|Ascia Lunga da Battaglia
itm_one_handed_war_axe_f_pl|Ascia Lunga da Battaglia
itm_axe_5|Ascia Lunga a una Mano
itm_axe_5_pl|Ascia Lunga a una Mano
itm_axe_6|Ascia ad una Mano
itm_axe_6_pl|Ascia ad una Mano
itm_axe_7|Ascia corta a una Mano
itm_axe_7_pl|Ascia corta ad una Mano
itm_axe_8|Ascia corta ad una Mano
itm_axe_8_pl|Ascia corta ad una Mano
itm_axe_9|Ascia ad una Mano
itm_axe_9_pl|Ascia ad una Mano
itm_axe_10|Grossa Ascia a una Mano
itm_axe_10_pl|Grossa Ascia a una Mano
itm_pictish_hatchet|Ascia Gaelica
itm_pictish_hatchet_pl|Ascia Gaelica
itm_pictish_hatchet2|Ascia Gaelica
itm_pictish_hatchet2_pl|Ascia Gaelica
itm_pictish_hatchet3|Ascia Lunga Gaelica
itm_pictish_hatchet3_pl|Ascia Lunga Gaelica
itm_pictish_hatchet4|Ascia Lunga Gaelica
itm_pictish_hatchet4_pl|Ascia Lunga Gaelica
itm_pictish_hatchet5|Ascia Pitta
itm_pictish_hatchet5_pl|Ascia Pitta
itm_pictish_hatchet6|Ascia Pitta
itm_pictish_hatchet6_pl|Ascia Pitta
itm_pictish_hatchet7|Ascia Pitta
itm_pictish_hatchet7_pl|Ascia Pitta
itm_pictish_hatchet8|Ascia Piccola Pitta
itm_pictish_hatchet8_pl|Ascia Piccola Pitta
itm_pictish_hatchet9|Ascia Grande Pitta
itm_pictish_hatchet9_pl|Ascia Grande Pitta
itm_pictish_hatchet10|Ascia Grande Pitta
itm_pictish_hatchet10_pl|Ascia Grande Pitta
itm_pictish_hatchet11|Accetta Gaelica
itm_pictish_hatchet11_pl|Accetta Gaelica
itm_pictish_hatchet12|Accetta Gaelica
itm_pictish_hatchet12_pl|Accetta Gaelica
itm_pictish_hatchet13|Accetta Piccola Gaelica
itm_pictish_hatchet13_pl|Accetta Piccola Gaelica
itm_pictish_hatchet14|Accetta Piccola Gaelica
itm_pictish_hatchet14_pl|Accetta Piccola Gaelica
itm_pictish_hatchet15|Accetta Lunga Gaelica
itm_pictish_hatchet15_pl|Accetta Lunga Gaelica
itm_pictish_hatchet16|Accetta Lunga Gaelica
itm_pictish_hatchet16_pl|Accetta Lunga Gaelica
itm_pictish_hatchet17|Ascia Nobile Gaelica
itm_pictish_hatchet17_pl|Ascia Nobile Gaelica
itm_pictish_hatchet18|Ascia Nobile Gaelica
itm_pictish_hatchet18_pl|Ascia Nobile Gaelica
itm_long_axe_b|Tagliaboschi
itm_long_axe_b_pl|Tagliaboschi
itm_frankish_axe|Ascia da battaglia Frankish
itm_frankish_axe_pl|Ascia da battaglia Frankish
itm_staff|Bastone
itm_staff_pl|Bastone
itm_quarter_staff|Piccolo Bastone
itm_quarter_staff_pl|Piccolo Bastone
itm_pitch_fork|Forcone
itm_pitch_fork_pl|Forcone
itm_battle_fork|Bastone da pastore
itm_battle_fork_pl|Bastone da pastore
itm_light_spear1|Lancia Leggera
itm_light_spear1_pl|Lancia Leggera
itm_light_spear2|Lancia Leggera
itm_light_spear2_pl|Lancia Leggera
itm_light_spear3|Lancia Leggera
itm_light_spear3_pl|Lancia Leggera
itm_light_spear4|Lancia Leggera
itm_light_spear4_pl|Lancia Leggera
itm_war_spear1|Lancia da Guerra
itm_war_spear1_pl|Lancia da Guerra
itm_war_spear2|Lancia da Guerra
itm_war_spear2_pl|Lancia da Guerra
itm_war_spear3|Lancia da Guerra
itm_war_spear3_pl|Lancia da Guerra
itm_heavy_spear1|Lancia Pesante
itm_heavy_spear1_pl|Lancia Pesante
itm_heavy_spear2|Lancia Pesante
itm_heavy_spear2_pl|Lancia Pesante
itm_heavy_spear3|Lancia Pesante
itm_heavy_spear3_pl|Lancia Pesante
itm_long_light_spear1|Lancia Lunga Leggera
itm_long_light_spear1_pl|Lancia Lunga Leggera
itm_long_light_spear2|Lancia Lunga Leggera
itm_long_light_spear2_pl|Lancia Lunga Leggera
itm_long_war_spear1|Lancia Lunga da Guerra
itm_long_war_spear1_pl|Lancia Lunga da Guerra
itm_long_war_spear2|Lancia Lunga da Guerra
itm_long_war_spear2_pl|Lancia Lunga da Guerra
itm_long_heavy_spear1|Lancia Lunga Pesante
itm_long_heavy_spear1_pl|Lancia Lunga Pesante
itm_long_heavy_spear2|Lancia Lunga Pesante
itm_long_heavy_spear2_pl|Lancia Lunga Pesante
itm_new_mace|Ray
itm_new_mace_pl|Ray
itm_premium_spear1|Gungnir
itm_premium_spear1_pl|Gungnir
itm_standard|Stendardo dell'esercito
itm_standard_pl|Stendardo dell'esercito
itm_standard_dragon|Stendardo dei Dragoni
itm_standard_dragon_pl|Stendardo dei Dragoni
itm_horn|Corno
itm_horn_pl|Corno
itm_horn_multi|Corno
itm_horn_multi_pl|Corno
itm_wooden_shield|Scudo Rotondo
itm_wooden_shield_pl|Scudo Rotondo
itm_viking_shield_round_06|Scudo Rotondo
itm_viking_shield_round_06_pl|Scudo Rotondo
itm_viking_shield_round_07|Scudo Rotondo
itm_viking_shield_round_07_pl|Scudo Rotondo
itm_viking_shield_round_10|Scudo Rotondo
itm_viking_shield_round_10_pl|Scudo Rotondo
itm_viking_shield_round_11|Scudo Rotondo
itm_viking_shield_round_11_pl|Scudo Rotondo
itm_viking_shield_round_08|Scudo Rotondo
itm_viking_shield_round_08_pl|Scudo Rotondo
itm_viking_shield_round_09|Scudo Rotondo
itm_viking_shield_round_09_pl|Scudo Rotondo
itm_viking_shield_round_12|Scudo Rotondo
itm_viking_shield_round_12_pl|Scudo Rotondo
itm_viking_shield_round_13|Scudo Rotondo
itm_viking_shield_round_13_pl|Scudo Rotondo
itm_viking_shield_round_01|Scudo Grezzo
itm_viking_shield_round_01_pl|Scudo Grezzo
itm_viking_shield_round_02|Scudo Grezzo
itm_viking_shield_round_02_pl|Scudo Grezzo
itm_viking_shield_round_03|Scudo Grezzo
itm_viking_shield_round_03_pl|Scudo Grezzo
itm_viking_shield_round_14|Scudo Grezzo
itm_viking_shield_round_14_pl|Scudo Grezzo
itm_viking_shield_round_15|Scudo Grezzo
itm_viking_shield_round_15_pl|Scudo Grezzo
itm_viking_shield_round_04|Scudo Rotondo Grezzo
itm_viking_shield_round_04_pl|Scudo Rotondo Grezzo
itm_viking_shield_round_05|Scudo Rotondo Grezzo
itm_viking_shield_round_05_pl|Scudo Rotondo Grezzo
itm_viking_shield_round_16|Scudo Rotondo Grezzo
itm_viking_shield_round_16_pl|Scudo Rotondo Grezzo
itm_viking_shield_round_17|Scudo Rotondo Grezzo
itm_viking_shield_round_17_pl|Scudo Rotondo Grezzo
itm_viking_shield_round_18|Scudo Rotondo Grezzo
itm_viking_shield_round_18_pl|Scudo Rotondo Grezzo
itm_viking_shield_round_19|Scudo Rotondo Grezzo
itm_viking_shield_round_19_pl|Scudo Rotondo Grezzo
itm_viking_shield_round_20|Scudo Rotondo Grezzo
itm_viking_shield_round_20_pl|Scudo Rotondo Grezzo
itm_viking_shield_round_21|Scudo Rotondo Grezzo
itm_viking_shield_round_21_pl|Scudo Rotondo Grezzo
itm_shield_1|Scudo Convesso
itm_shield_1_pl|Scudo Convesso
itm_shield_2|Scudo Convesso
itm_shield_2_pl|Scudo Convesso
itm_shield_3|Scudo Convesso
itm_shield_3_pl|Scudo Convesso
itm_shield_4|Scudo Convesso
itm_shield_4_pl|Scudo Convesso
itm_shield_5|Scudo Convesso
itm_shield_5_pl|Scudo Convesso
itm_shield_6|Scudo Convesso
itm_shield_6_pl|Scudo Convesso
itm_shield_6_2|Scudo Convesso
itm_shield_6_2_pl|Scudo Convesso
itm_shield_7|Scudo Berserkr
itm_shield_7_pl|Scudo Berserkr
itm_shield_8|Scudo Berserkr
itm_shield_8_pl|Scudo Berserkr
itm_shield_9|Scudo Berserkr
itm_shield_9_pl|Scudo Berserkr
itm_shield_10|Scudo Rotondo
itm_shield_10_pl|Scudo Rotondo
itm_shield_11|Scudo Grezzo
itm_shield_11_pl|Scudo Grezzo
itm_shield_12|Scudo Sueone
itm_shield_12_pl|Scudo Sueone
itm_shield_13|Scudo Rotondo
itm_shield_13_pl|Scudo Rotondo
itm_shield_14|Scudo Rotondo
itm_shield_14_pl|Scudo Rotondo
itm_shield_15|Scudo Grezzo
itm_shield_15_pl|Scudo Grezzo
itm_shield_16|Scudo Grezzo
itm_shield_16_pl|Scudo Grezzo
itm_shield_17|Scudo Rotondo
itm_shield_17_pl|Scudo Rotondo
itm_shield_18|Scudo Rotondo
itm_shield_18_pl|Scudo Rotondo
itm_shield_19|Scudo Danese
itm_shield_19_pl|Scudo Danese
itm_shield_20|Scudo Nordico
itm_shield_20_pl|Scudo Nordico
itm_shield_21|Scudo Rotondo
itm_shield_21_pl|Scudo Rotondo
itm_gael_bigroundshield_01|Scudo Gael Rotondo
itm_gael_bigroundshield_01_pl|Scudo Gael Rotondo
itm_gael_bigroundshield_02|Scudo Gael Rotondo
itm_gael_bigroundshield_02_pl|Scudo Gael Rotondo
itm_gael_bigroundshield_03|Scudo Gael Rotondo
itm_gael_bigroundshield_03_pl|Scudo Gael Rotondo
itm_gael_bigroundshield_04|Scudo Gael Rotondo
itm_gael_bigroundshield_04_pl|Scudo Gael Rotondo
itm_gael_bigroundshield_05|Scudo Gael Rotondo
itm_gael_bigroundshield_05_pl|Scudo Gael Rotondo
itm_gael_bigroundshield_06|Scudo Gael Rotondo
itm_gael_bigroundshield_06_pl|Scudo Gael Rotondo
itm_gael_bigroundshield_07|Scudo Gael Rotondo
itm_gael_bigroundshield_07_pl|Scudo Gael Rotondo
itm_elf_shield|Scudo Elfico
itm_elf_shield_pl|Scudo Elfico
itm_tab_shield_round_c|Scudo Convesso Dipinto
itm_tab_shield_round_c_pl|Scudo Convesso Dipinto
itm_tab_shield_round_01_device|Scudo Rotondo Dipinto
itm_tab_shield_round_01_device_pl|Scudo Rotondo Dipinto
itm_tab_shield_round_01_nodevice|Scudo Rotondo Dipinto
itm_tab_shield_round_01_nodevice_pl|Scudo Rotondo Dipinto
itm_tab_shield_round_02_device|Scudo Rotondo Dipinto
itm_tab_shield_round_02_device_pl|Scudo Rotondo Dipinto
itm_tab_shield_round_02_nodevice|Scudo Rotondo Dipinto
itm_tab_shield_round_02_nodevice_pl|Scudo Rotondo Dipinto
itm_tab_shield_round_03_device|Scudo Rotondo Dipinto
itm_tab_shield_round_03_device_pl|Scudo Rotondo Dipinto
itm_tab_shield_round_03_nodevice|Scudo Rotondo Dipinto
itm_tab_shield_round_03_nodevice_pl|Scudo Rotondo Dipinto
itm_tab_shield_round_04_device|Scudo Rotondo Dipinto
itm_tab_shield_round_04_device_pl|Scudo Rotondo Dipinto
itm_tab_shield_round_04_nodevice|Scudo Rotondo Dipinto
itm_tab_shield_round_04_nodevice_pl|Scudo Rotondo Dipinto
itm_tab_shield_round_05_device|Scudo Convesso Dipinto
itm_tab_shield_round_05_device_pl|Scudo Convesso Dipinto
itm_tab_shield_round_05_nodevice|Scudo Convesso Dipinto
itm_tab_shield_round_05_nodevice_pl|Scudo Convesso Dipinto
itm_tab_shield_round_06_device|Scudo Convesso Dipinto
itm_tab_shield_round_06_device_pl|Scudo Convesso Dipinto
itm_tab_shield_round_06_nodevice|Scudo Convesso Dipinto
itm_tab_shield_round_06_nodevice_pl|Scudo Convesso Dipinto
itm_tab_shield_round_07_device|Scudo Rotondo Dipinto
itm_tab_shield_round_07_device_pl|Scudo Rotondo Dipinto
itm_tab_shield_round_07_nodevice|Scudo Rotondo Dipinto
itm_tab_shield_round_07_nodevice_pl|Scudo Rotondo Dipinto
itm_tab_shield_round_08_device|Scudo Convesso Dipinto
itm_tab_shield_round_08_device_pl|Scudo Convesso Dipinto
itm_tab_shield_round_08_nodevice|Scudo Convesso Dipinto
itm_tab_shield_round_08_nodevice_pl|Scudo Convesso Dipinto
itm_tab_shield_round_09_device|Scudo Rotondo Dipinto
itm_tab_shield_round_09_device_pl|Scudo Rotondo Dipinto
itm_tab_shield_round_09_nodevice|Scudo Rotondo Dipinto
itm_tab_shield_round_09_nodevice_pl|Scudo Rotondo Dipinto
itm_tab_shield_round_10_device|Scudo Convesso Dipinto
itm_tab_shield_round_10_device_pl|Scudo Convesso Dipinto
itm_tab_shield_round_10_nodevice|Scudo Convesso Dipinto
itm_tab_shield_round_10_nodevice_pl|Scudo Convesso Dipinto
itm_tab_shield_round_11_device|Scudo Convesso Dipinto
itm_tab_shield_round_11_device_pl|Scudo Convesso Dipinto
itm_tab_shield_round_11_nodevice|Scudo Convesso Dipinto
itm_tab_shield_round_11_nodevice_pl|Scudo Convesso Dipinto
itm_tab_shield_round_12_device|Scudo Rotondo Dipinto
itm_tab_shield_round_12_device_pl|Scudo Rotondo Dipinto
itm_tab_shield_round_12_nodevice|Scudo Rotondo Dipinto
itm_tab_shield_round_12_nodevice_pl|Scudo Rotondo Dipinto
itm_tab_shield_small_round_c|Scudo Piccolo Rotondo
itm_tab_shield_small_round_c_pl|Scudo Piccolo Rotondo
itm_small_roundsh1|Scudo Piccolo Rotondo
itm_small_roundsh1_pl|Scudo Piccolo Rotondo
itm_small_roundsh2|Scudo Piccolo Rotondo
itm_small_roundsh2_pl|Scudo Piccolo Rotondo
itm_small_roundsh3|Scudo Piccolo Rotondo
itm_small_roundsh3_pl|Scudo Piccolo Rotondo
itm_small_roundsh4|Scudo Piccolo Rotondo
itm_small_roundsh4_pl|Scudo Piccolo Rotondo
itm_small_roundsh5|Scudo Piccolo Rotondo
itm_small_roundsh5_pl|Scudo Piccolo Rotondo
itm_small_roundsh6|Scudo Piccolo Rotondo
itm_small_roundsh6_pl|Scudo Piccolo Rotondo
itm_h_shield1|Scudo H
itm_h_shield1_pl|Scudo H
itm_h_shield2|Scudo H
itm_h_shield2_pl|Scudo H
itm_h_shield3|Scudo H
itm_h_shield3_pl|Scudo H
itm_h_shield4|Scudo H
itm_h_shield4_pl|Scudo H
itm_h_shield5|Scudo H
itm_h_shield5_pl|Scudo H
itm_h_shield6|Scudo H
itm_h_shield6_pl|Scudo H
itm_squaresh_1|Scudo Quadrato
itm_squaresh_1_pl|Scudo Quadrato
itm_squaresh_2|Scudo Quadrato
itm_squaresh_2_pl|Scudo Quadrato
itm_squaresh_3|Scudo Quadrato
itm_squaresh_3_pl|Scudo Quadrato
itm_squaresh_4|Scudo Quadrato
itm_squaresh_4_pl|Scudo Quadrato
itm_squaresh_5|Scudo Quadrato
itm_squaresh_5_pl|Scudo Quadrato
itm_squaresh_6|Scudo Quadrato
itm_squaresh_6_pl|Scudo Quadrato
itm_darts|Giavellotto Semplice
itm_darts_pl|Giavellotto Semplice
itm_darts_melee|Giavellotto Semplice
itm_darts_melee_pl|Giavellotto Semplice
itm_javelin|Giavellotti
itm_javelin_pl|Giavellotti
itm_javelin_melee|Giavellotto da Mischia
itm_javelin_melee_pl|Giavellotto da Mischia
itm_javelin_skirmishes|Giavellotti da Schermaglia
itm_javelin_skirmishes_pl|Giavellotti da Schermaglia
itm_javelin_skirmishes_melee|Giavellotto da Schermaglia
itm_javelin_skirmishes_melee_pl|Giavellotto da Schermaglia
itm_javelin_skirmishesel|Giavellotti Pesanti
itm_javelin_skirmishesel_pl|Giavellotti Pesanti
itm_javelin_skirmishesel_melee|Giavellotto Pesante
itm_javelin_skirmishesel_melee_pl|Giavellotto Pesante
itm_javelin_jinetes|Giavellotti da Cavaliere
itm_javelin_jinetes_pl|Giavellotti da Cavaliere
itm_javelin_jinetes_melee|Giavellotto da Cavaliere
itm_javelin_jinetes_melee_pl|Giavellotto da Cavaliere
itm_throwing_spears|Aste da Lancio Appuntite
itm_throwing_spears_pl|Aste da Lancio Appuntite
itm_throwing_spear_melee|Asta da Lancio Appuntita
itm_throwing_spear_melee_pl|Asta da Lancio Appuntita
itm_throwing_spears2|Aste da Lancio Appuntite
itm_throwing_spears2_pl|Aste da Lancio Appuntite
itm_throwing_spear2_melee|Asta da Lancio Appuntita
itm_throwing_spear2_melee_pl|Asta da Lancio Appuntita
itm_stones|Pietre
itm_stones_pl|Pietre
itm_long_bow|Arco Lungo
itm_long_bow_pl|Arco Lungo
itm_long_bow2|Arco Lungo Elite
itm_long_bow2_pl|Arco Lungo Elite
itm_long_bow3|Arco Lungo Caratteristico
itm_long_bow3_pl|Arco Lungo Caratteristico
itm_hunting_crossbow|Balestra Pitta
itm_hunting_crossbow_pl|Balestra Pitta
itm_strong_bow|Dark Hunter
itm_strong_bow_pl|Dark Hunter
itm_war_bow|Eye-popping
itm_war_bow_pl|Eye-popping
itm_sling_rock1|Pietre da Lancio
itm_sling_rock1_pl|Pietre da Lancio
itm_sling_lead|Fionda di piombo
itm_sling_lead_pl|Fionda di piombo
itm_sling|Fionda
itm_sling_pl|Fionda
itm_sling2|Fionda
itm_sling2_pl|Fionda
itm_sling3|Fionda
itm_sling3_pl|Fionda
itm_sling_militar|Fionda militare
itm_sling_militar_pl|Fionda militare
itm_fustibalus1|Fustibalus
itm_fustibalus1_pl|Fustibalus
itm_fustibalus2|Fustibalus
itm_fustibalus2_pl|Fustibalus
itm_fustibalus_military|Fustibalus Militare
itm_fustibalus_military_pl|Fustibalus Militare
itm_torch|Torce
itm_torch_pl|Torce
itm_lyre|Lira
itm_lyre_pl|Lira
itm_lute|Liuto
itm_lute_pl|Liuto
itm_instruments_end|Strumenti
itm_instruments_end_pl|Strumenti
itm_court_dress|Abito di Corte
itm_court_dress_pl|Abito di Corte
itm_stones_siege|Pietre D'assedio
itm_stones_siege_pl|Pietre D'assedio
itm_trophy_a|Trofeo di Battaglia
itm_trophy_a_pl|Trofeo di Battaglia
itm_trophy_b|Trofeo di Guerra
itm_trophy_b_pl|Trofeo di Guerra
itm_trophy_c|Trofeo Epico
itm_trophy_c_pl|Trofeo Epico
itm_iniauhorn|Corno Iniau
itm_iniauhorn_pl|Corno Iniau
itm_tunic_with_green_cape|Tunica
itm_tunic_with_green_cape_pl|Tunica
itm_keys|Mazzo di chiavi
itm_keys_pl|Mazzo di chiavi
itm_bride_dress|Abito da Sposa
itm_bride_dress_pl|Abito da Sposa
itm_bride_crown|Corona di Fiori
itm_bride_crown_pl|Corona di Fiori
itm_bride_shoes|Scarpe da Sposa
itm_bride_shoes_pl|Scarpe da Sposa
itm_practice_bow_2|Arco Lungo
itm_practice_bow_2_pl|Arco Lungo
itm_practice_arrows_2|Frecce
itm_practice_arrows_2_pl|Frecce
itm_steel_bolts|Pietre D'assedio
itm_steel_bolts_pl|Pietre D'assedio
itm_heraldic_mail_with_tunic_b|Camicia
itm_heraldic_mail_with_tunic_b_pl|Camicia
itm_heraldic_mail_with_tabard|Camicia
itm_heraldic_mail_with_tabard_pl|Camicia
itm_thors_helmet|Elmo di Thor
itm_thors_helmet_pl|Elmo di Thor
itm_thors_armor|Armatura di Thor
itm_thors_armor_pl|Armatura di Thor
itm_thors_boots|Stivali di Thor
itm_thors_boots_pl|Stivali di Thor
itm_thors_hammer|Martello di Thor
itm_thors_hammer_pl|Martello di Thor
itm_deadly_bow|Arco Mortale
itm_deadly_bow_pl|Arco Mortale
itm_deadly_arrows|Frecce Mortali
itm_deadly_arrows_pl|Frecce Mortali
itm_honey|Miele
itm_honey_pl|Miele
itm_raw_leather|Pelli
itm_raw_leather_pl|Pelli
itm_furs|Pellicce
itm_furs_pl|Pellicce
itm_wool_cloth|Tessuto in lana
itm_wool_cloth_pl|Tessuto in lana
itm_oil|Olio
itm_oil_pl|Olio
itm_velvet|Velluto
itm_velvet_pl|Velluto
itm_work_axe|Ascia
itm_work_axe_pl|Ascia
itm_work_pickaxe|Mazzapicchio
itm_work_pickaxe_pl|Mazzapicchio
itm_work_pitchfork|Forcone
itm_work_pitchfork_pl|Forcone
itm_work_basket|Cesta
itm_work_basket_pl|Cesta
itm_torch2|Torcia
itm_torch2_pl|Torcia
itm_animal_boar|Cinghiale
itm_animal_boar_pl|Cinghiale
itm_animal_pig|Maiale
itm_animal_pig_pl|Maiale
itm_animal_piglet|Porcellino
itm_animal_piglet_pl|Porcellino
itm_animal_sheep|Pecora
itm_animal_sheep_pl|Pecora
itm_animal_sheep_b|Pecora
itm_animal_sheep_b_pl|Pecora
itm_animal_dog|Cane
itm_animal_dog_pl|Cane
itm_dog_companion_horse|Cane
itm_dog_companion_horse_pl|Cane
itm_magic_broom|Strana scopa
itm_magic_broom_pl|Strana scopa
itm_stones_mp|Pietre
itm_stones_mp_pl|Pietre
itm_invisible_armor|I vestiti nuovi dell'imperatore
itm_invisible_armor_pl|I vestiti nuovi dell'imperatore
itm_dog_bite|Morso
itm_dog_bite_pl|Morso
itm_addon_mail4|Byrnie di Orso
itm_addon_mail4_pl|Byrnie di Orso
itm_addon_mail5|Byrnie di Lupo
itm_addon_mail5_pl|Byrnie di Lupo
itm_addon_mail6|Lorica di Orso
itm_addon_mail6_pl|Lorica di Orso
itm_addon_mail7|Lorica di Lupo
itm_addon_mail7_pl|Lorica di Lupo
itm_lamellar_armor2|Lorica a Scaglie
itm_lamellar_armor2_pl|Lorica a Scaglie
itm_trophy_norse|Trofeo Konungr Normanno
itm_trophy_norse_pl|Trofeo Konungr Normanno
itm_trophy_cymry|Trofeo Lloegr Vrenhin
itm_trophy_cymry_pl|Trofeo Lloegr Vrenhin
itm_trophy_irish|Trofeo Ard Ruire
itm_trophy_irish_pl|Trofeo Ard Ruire
itm_trophy_saxon|Trofeo Brytenwalda
itm_trophy_saxon_pl|Trofeo Brytenwalda
itm_bonus_tunic_1|Tunica da Emissario
itm_bonus_tunic_1_pl|Tunica da Emissario
itm_bonus_tunic_2|Tunica da Aldermanno
itm_bonus_tunic_2_pl|Tunica da Aldermanno
itm_bonus_tunic_3|Tunica da Commerciante
itm_bonus_tunic_3_pl|Tunica da Commerciante
itm_bonus_dress_1|Vestito Raffinato Pitto
itm_bonus_dress_1_pl|Vestito Raffinato Pitto
itm_bonus_dress_2|Vestito Reale Sassone
itm_bonus_dress_2_pl|Vestito Reale Sassone
itm_bonus_dress_3|Vestito Nobile Norreno
itm_bonus_dress_3_pl|Vestito Nobile Norreno
itm_thors_javelins|Giavellotti di Thor
itm_thors_javelins_pl|Giavellotti di Thor
itm_decap_head|Senza Testa
itm_decap_head_pl|Senza Testa
itm_work_axe_mp|Ascia
itm_work_axe_mp_pl|Ascia
itm_pickaxe_mp|Mazzapicchio
itm_pickaxe_mp_pl|Mazzapicchio
; itm_seax_1_mp|Old Seax
; itm_seax_1_mp_pl|Old Seax
; itm_spear_1_mp|Old Spear
; itm_spear_1_mp_pl|Old Spear
itm_crossbow_mp|Balestra Pitta
itm_crossbow_mp_pl|Balestra Pitta
itm_bolts_mp|Quadrelli
itm_bolts_mp_pl|Quadrelli
itm_items_end|Items End
itm_items_end_pl|Items End
itm_noswing_club_troll|Ascia del Troll
itm_noswing_club_troll_pl|Ascia del Troll
itm_noswing_knife|Coltello da Caccia
itm_noswing_knife_pl|Coltello da Caccia
itm_noswing_knife2|Coltello da Caccia
itm_noswing_knife2_pl|Coltello da Caccia
itm_noswing_knife3|Coltello da Caccia
itm_noswing_knife3_pl|Coltello da Caccia
itm_noswing_knife4|Coltello da Caccia
itm_noswing_knife4_pl|Coltello da Caccia
itm_noswing_knife5|Coltello da Caccia
itm_noswing_knife5_pl|Coltello da Caccia
itm_noswing_longseax1|Broadseax
itm_noswing_longseax1_pl|Broadseax
itm_noswing_longseax2|Broadseax
itm_noswing_longseax2_pl|Broadseax
itm_noswing_longseax3|Broadseax
itm_noswing_longseax3_pl|Broadseax
itm_noswing_longseax4|Broadseax
itm_noswing_longseax4_pl|Broadseax
itm_noswing_longseax5|Broadseax
itm_noswing_longseax5_pl|Broadseax
itm_noswing_longseax6|Langseax
itm_noswing_longseax6_pl|Langseax
itm_noswing_longseax7|Langseax
itm_noswing_longseax7_pl|Langseax
itm_noswing_longseax8|Langseax
itm_noswing_longseax8_pl|Langseax
itm_noswing_longseax9|Langseax
itm_noswing_longseax9_pl|Langseax
itm_noswing_longseax10|Langseax
itm_noswing_longseax10_pl|Langseax
itm_noswing_seax_1|Scramasax
itm_noswing_seax_1_pl|Scramasax
itm_noswing_seax_2|Scramasax
itm_noswing_seax_2_pl|Scramasax
itm_noswing_seax_3|Scramasax
itm_noswing_seax_3_pl|Scramasax
itm_noswing_seax_4|Scramasax
itm_noswing_seax_4_pl|Scramasax
itm_noswing_seax_5|Scramasax
itm_noswing_seax_5_pl|Scramasax
itm_noswing_ragnar_seax|Langseax di Ragnar
itm_noswing_ragnar_seax_pl|Langseax di Ragnar
itm_noswing_elf_seax|Langseax Elfico
itm_noswing_elf_seax_pl|Langseax Elfico
itm_noswing_spatha|Spada Medievale
itm_noswing_spatha_pl|Spada Medievale
itm_noswing_spatha_2|Spada Medievale
itm_noswing_spatha_2_pl|Spada Medievale
itm_noswing_spatha_3|Spada Medievale
itm_noswing_spatha_3_pl|Spada Medievale
itm_noswing_spatha_4|Spada Medievale
itm_noswing_spatha_4_pl|Spada Medievale
itm_noswing_spatha_5|Spada Medievale
itm_noswing_spatha_5_pl|Spada Medievale
itm_noswing_spatha_6|Spada Medievale
itm_noswing_spatha_6_pl|Spada Medievale
itm_noswing_spatha_7|Spada Medievale
itm_noswing_spatha_7_pl|Spada Medievale
itm_noswing_spatha_8|Spada Medievale
itm_noswing_spatha_8_pl|Spada Medievale
itm_noswing_sword|Spada Medievale
itm_noswing_sword_pl|Spada Medievale
itm_noswing_sword_2|Spada Medievale
itm_noswing_sword_2_pl|Spada Medievale
itm_noswing_sword_3|Spada Medievale
itm_noswing_sword_3_pl|Spada Medievale
itm_noswing_sword_4|Spada Medievale
itm_noswing_sword_4_pl|Spada Medievale
itm_noswing_sword_5|Spada Corta
itm_noswing_sword_5_pl|Spada Corta
itm_noswing_sword_6|Spada Corta
itm_noswing_sword_6_pl|Spada Corta
itm_noswing_sword_7|Spada Corta
itm_noswing_sword_7_pl|Spada Corta
itm_noswing_sword_8|Spada Corta
itm_noswing_sword_8_pl|Spada Corta
itm_noswing_new_sword1|Spada Corta
itm_noswing_new_sword1_pl|Spada Corta
itm_noswing_new_sword2|Spada Corta
itm_noswing_new_sword2_pl|Spada Corta
itm_noswing_new_sword3|Spada Corta
itm_noswing_new_sword3_pl|Spada Corta
itm_noswing_new_sword4|Spada Corta
itm_noswing_new_sword4_pl|Spada Corta
itm_noswing_new_sword5|Spada Corta
itm_noswing_new_sword5_pl|Spada Corta
itm_noswing_new_sword6|Spada Corta
itm_noswing_new_sword6_pl|Spada Corta
itm_noswing_noble_sword|Spada Raffinata
itm_noswing_noble_sword_pl|Spada Raffinata
itm_noswing_noble_sword_2|Spada di Ulfberth
itm_noswing_noble_sword_2_pl|Spada di Ulfberth
itm_noswing_noble_sword_3|Spada di Ulfberth Falsa
itm_noswing_noble_sword_3_pl|Spada di Ulfberth Falsa
itm_noswing_noble_sword_4|Spada Raffinata
itm_noswing_noble_sword_4_pl|Spada Raffinata
itm_noswing_noble_sword_5|Spada di Ulfberth
itm_noswing_noble_sword_5_pl|Spada di Ulfberth
itm_noswing_noble_sword_6|Spada di Ulfberth Falsa
itm_noswing_noble_sword_6_pl|Spada di Ulfberth Falsa
itm_noswing_old_swordv|Spada Bretone
itm_noswing_old_swordv_pl|Spada Bretone
itm_noswing_old_swordv2|Spada Bretone
itm_noswing_old_swordv2_pl|Spada Bretone
itm_noswing_old_swordv3|Spada Bretone
itm_noswing_old_swordv3_pl|Spada Bretone
itm_noswing_old_swordv4|Spada Bretone
itm_noswing_old_swordv4_pl|Spada Bretone
itm_noswing_old_swordv5|Spada Bretone
itm_noswing_old_swordv5_pl|Spada Bretone
itm_noswing_old_swordv6|Spada Bretone
itm_noswing_old_swordv6_pl|Spada Bretone
itm_noswing_old_swordv7|Spada Bretone
itm_noswing_old_swordv7_pl|Spada Bretone
itm_noswing_noble_sword_7|Spada Bretone Raffinata
itm_noswing_noble_sword_7_pl|Spada Bretone Raffinata
itm_noswing_noble_sword_8|Spada Bretone Raffinata
itm_noswing_noble_sword_8_pl|Spada Bretone Raffinata
itm_noswing_noble_sword_9|Spada Bretone Raffinata
itm_noswing_noble_sword_9_pl|Spada Bretone Raffinata
itm_noswing_noble_sword_10|Spada Bretone Raffinata
itm_noswing_noble_sword_10_pl|Spada Bretone Raffinata
itm_noswing_noble_sword_11|Spada Bretone Raffinata
itm_noswing_noble_sword_11_pl|Spada Bretone Raffinata
itm_noswing_noble_sword_12|Spada Bretone Raffinata
itm_noswing_noble_sword_12_pl|Spada Bretone Raffinata
itm_noswing_noble_sword_13|Spada Bretone Raffinata
itm_noswing_noble_sword_13_pl|Spada Bretone Raffinata
itm_noswing_noble_swordv|Spada di Ulfberth Falsa
itm_noswing_noble_swordv_pl|Spada di Ulfberth Falsa
itm_noswing_noble_swordv3|Spada di Ulfberth Falsa
itm_noswing_noble_swordv3_pl|Spada di Ulfberth Falsa
itm_noswing_noble_swordv4|Spada di Ulfberth
itm_noswing_noble_swordv4_pl|Spada di Ulfberth
itm_noswing_noble_swordv5|Spada Medievale
itm_noswing_noble_swordv5_pl|Spada Medievale
itm_noswing_noble_swordv6|Spada Medievale
itm_noswing_noble_swordv6_pl|Spada Medievale
itm_noswing_noble_swordv7|Spada Raffinata
itm_noswing_noble_swordv7_pl|Spada Raffinata
itm_noswing_irish_long_sword1|Spada Lunga da Nobile Gaelico
itm_noswing_irish_long_sword1_pl|Spada Lunga da Nobile Gaelico
itm_noswing_irish_long_sword2|Spada Lunga da Nobile Gaelico
itm_noswing_irish_long_sword2_pl|Spada Lunga da Nobile Gaelico
itm_noswing_irish_long_sword3|Spada Lunga Gaelica
itm_noswing_irish_long_sword3_pl|Spada Lunga Gaelica
itm_noswing_irish_long_sword4|Spada Lunga Gaelica
itm_noswing_irish_long_sword4_pl|Spada Lunga Gaelica
itm_noswing_irish_long_sword5|Spada Lunga Gaelica
itm_noswing_irish_long_sword5_pl|Spada Lunga Gaelica
itm_noswing_irish_long_sword6|Spada Lunga Gaelica
itm_noswing_irish_long_sword6_pl|Spada Lunga Gaelica
itm_noswing_irish_long_sword7|Spada Lunga Gaelica
itm_noswing_irish_long_sword7_pl|Spada Lunga Gaelica
itm_noswing_irish_long_sword8|Spada Lunga Gaelica
itm_noswing_irish_long_sword8_pl|Spada Lunga Gaelica
itm_noswing_irish_short_sword1|Spada corta Gaelica
itm_noswing_irish_short_sword1_pl|Spada corta Gaelica
itm_noswing_irish_short_sword2|Spada corta Gaelica
itm_noswing_irish_short_sword2_pl|Spada corta Gaelica
itm_noswing_irish_short_sword3|Spada corta Gaelica
itm_noswing_irish_short_sword3_pl|Spada corta Gaelica
itm_noswing_championsword1|Spada del Campione Gaelico
itm_noswing_championsword1_pl|Spada del Campione Gaelico
itm_noswing_championsword2|Spada del Campione Gaelico
itm_noswing_championsword2_pl|Spada del Campione Gaelico
itm_noswing_widow_maker|Widowmaker
itm_noswing_widow_maker_pl|Widowmaker
itm_noswing_suttonhoosword2|Spada del Re dei Banditi
itm_noswing_suttonhoosword2_pl|Spada del Re dei Banditi
itm_noswing_siren_song|Laufi
itm_noswing_siren_song_pl|Laufi
itm_noswing_sword_of_war|Spada di Olvir
itm_noswing_sword_of_war_pl|Spada di Olvir
itm_noswing_sword_premium1|Nad
itm_noswing_sword_premium1_pl|Nad
itm_noswing_sword_premium2|Draguandil
itm_noswing_sword_premium2_pl|Draguandil
itm_noswing_sword_premium3|Blynjubitr
itm_noswing_sword_premium3_pl|Blynjubitr
itm_noswing_one_handed_war_axe_a|Piccola Ascia da Battaglia
itm_noswing_one_handed_war_axe_a_pl|Piccola Ascia da Battaglia
itm_noswing_one_handed_war_axe_b|Piccola Ascia da Battaglia
itm_noswing_one_handed_war_axe_b_pl|Piccola Ascia da Battaglia
itm_noswing_one_handed_war_axe_c|Piccola Ascia da Battaglia
itm_noswing_one_handed_war_axe_c_pl|Piccola Ascia da Battaglia
itm_noswing_one_handed_war_axe_d|Piccola Ascia da Battaglia
itm_noswing_one_handed_war_axe_d_pl|Piccola Ascia da Battaglia
itm_noswing_one_handed_war_axe_e|Ascia Lunga da Battaglia
itm_noswing_one_handed_war_axe_e_pl|Ascia Lunga da Battaglia
itm_noswing_one_handed_war_axe_f|Ascia Lunga da Battaglia
itm_noswing_one_handed_war_axe_f_pl|Ascia Lunga da Battaglia
itm_noswing_frankish_axe|Ascia da battaglia Frankish
itm_noswing_frankish_axe_pl|Ascia da battaglia Frankish
itm_noswing_staff|Bastone
itm_noswing_staff_pl|Bastone
itm_noswing_quarter_staff|Piccolo Bastone
itm_noswing_quarter_staff_pl|Piccolo Bastone
itm_noswing_pitch_fork|Forcone
itm_noswing_pitch_fork_pl|Forcone
itm_noswing_battle_fork|Bastone da pastore
itm_noswing_battle_fork_pl|Bastone da pastore
itm_noswing_light_spear1|Lancia Leggera
itm_noswing_light_spear1_pl|Lancia Leggera
itm_noswing_light_spear2|Lancia Leggera
itm_noswing_light_spear2_pl|Lancia Leggera
itm_noswing_light_spear3|Lancia Leggera
itm_noswing_light_spear3_pl|Lancia Leggera
itm_noswing_light_spear4|Lancia Leggera
itm_noswing_light_spear4_pl|Lancia Leggera
itm_noswing_war_spear1|Lancia da Guerra
itm_noswing_war_spear1_pl|Lancia da Guerra
itm_noswing_war_spear2|Lancia da Guerra
itm_noswing_war_spear2_pl|Lancia da Guerra
itm_noswing_war_spear3|Lancia da Guerra
itm_noswing_war_spear3_pl|Lancia da Guerra
itm_noswing_heavy_spear1|Lancia Pesante
itm_noswing_heavy_spear1_pl|Lancia Pesante
itm_noswing_heavy_spear2|Lancia Pesante
itm_noswing_heavy_spear2_pl|Lancia Pesante
itm_noswing_heavy_spear3|Lancia Pesante
itm_noswing_heavy_spear3_pl|Lancia Pesante
itm_noswing_long_light_spear1|Lancia Lunga Leggera
itm_noswing_long_light_spear1_pl|Lancia Lunga Leggera
itm_noswing_long_light_spear2|Lancia Lunga Leggera
itm_noswing_long_light_spear2_pl|Lancia Lunga Leggera
itm_noswing_long_war_spear1|Lancia Lunga da Guerra
itm_noswing_long_war_spear1_pl|Lancia Lunga da Guerra
itm_noswing_long_war_spear2|Lancia Lunga da Guerra
itm_noswing_long_war_spear2_pl|Lancia Lunga da Guerra
itm_noswing_long_heavy_spear1|Lancia Lunga Pesante
itm_noswing_long_heavy_spear1_pl|Lancia Lunga Pesante
itm_noswing_long_heavy_spear2|Lancia Lunga Pesante
itm_noswing_long_heavy_spear2_pl|Lancia Lunga Pesante
itm_noswing_new_mace|Ray
itm_noswing_new_mace_pl|Ray
itm_noswing_premium_spear1|Gungnir
itm_noswing_premium_spear1_pl|Gungnir
itm_noswing_standard|Stendardo dell'esercito
itm_noswing_standard_pl|Stendardo dell'esercito
itm_noswing_standard_dragon|Stendardo dei Dragoni
itm_noswing_standard_dragon_pl|Stendardo dei Dragoni
itm_noswing_darts_melee|Giavellotto Semplice
itm_noswing_darts_melee_pl|Giavellotto Semplice
itm_noswing_javelin_melee|Giavellotto da Mischia
itm_noswing_javelin_melee_pl|Giavellotto da Mischia
itm_noswing_javelin_skirmishes_melee|Giavellotto da Schermaglia
itm_noswing_javelin_skirmishes_melee_pl|Giavellotto da Schermaglia
itm_noswing_javelin_skirmishesel_melee|Giavellotto Pesante
itm_noswing_javelin_skirmishesel_melee_pl|Giavellotto Pesante
itm_noswing_javelin_jinetes_melee|Giavellotto da Cavaliere
itm_noswing_javelin_jinetes_melee_pl|Giavellotto da Cavaliere
itm_noswing_throwing_spear_melee|Asta da Lancio Appuntita
itm_noswing_throwing_spear_melee_pl|Asta da Lancio Appuntita
itm_noswing_throwing_spear2_melee|Asta da Lancio Appuntita
itm_noswing_throwing_spear2_melee_pl|Asta da Lancio Appuntita
itm_noswing_torch|Torce
itm_noswing_torch_pl|Torce
itm_noswing_work_pitchfork|Forcone
itm_noswing_work_pitchfork_pl|Forcone
itm_noswing_dog_bite|Morso
itm_noswing_dog_bite_pl|Morso
; itm_noswing_seax_1_mp|Old Seax
; itm_noswing_seax_1_mp_pl|Old Seax
; itm_noswing_spear_1_mp|Old Spear
; itm_noswing_spear_1_mp_pl|Old Spear
